date,RW_MSE,AR_MSE,HAR_MSE,ARFIMA_MSE,FNN_MSE,LSTM_MSE,NAR_MSE,RW_QLIKE,AR_QLIKE,HAR_QLIKE,ARFIMA_QLIKE,FNN_QLIKE,LSTM_QLIKE,NAR_QLIKE
2022-04-20,0.012957,0.003716,0.001779,0.000276,0.000264,0.001445,0.002555,0.027998,0.007742,0.003660,0.000558,0.000534,0.002965,0.005287
2022-04-21,0.052335,0.062100,0.054620,0.047768,0.053161,0.075838,0.061507,0.122640,0.147683,0.128452,0.111121,0.124736,0.183821,0.146147
2022-04-22,0.031228,0.086465,0.083982,0.080997,0.081962,0.109317,0.059237,0.070512,0.212464,0.205719,0.197651,0.200255,0.275974,0.140284
2022-04-25,0.042341,0.164775,0.154443,0.142899,0.108781,0.134678,0.129382,0.097600,0.440220,0.408581,0.373785,0.274454,0.349365,0.333795
2022-04-26,0.131358,0.013949,0.008612,0.014057,0.028814,0.032245,0.022386,0.209255,0.025825,0.016206,0.026017,0.051624,0.057416,0.040621
2022-04-27,0.047763,0.044742,0.068858,0.052392,0.021844,0.024985,0.031399,0.111109,0.103559,0.165332,0.122784,0.048331,0.055681,0.070924
2022-04-28,0.000076,0.012729,0.015339,0.018244,0.006076,0.012369,0.014513,0.000151,0.027487,0.033377,0.040008,0.012808,0.026678,0.031504
2022-04-29,0.036532,0.070665,0.089864,0.095399,0.074562,0.079523,0.061381,0.083337,0.170093,0.221747,0.236988,0.180422,0.193686,0.145820
2022-05-02,0.012091,0.100557,0.091546,0.100048,0.091256,0.072203,0.095332,0.026057,0.251327,0.226362,0.249904,0.225565,0.174160,0.236800
2022-05-03,0.137720,0.028904,0.017654,0.019358,0.013423,0.045566,0.025071,0.218273,0.051777,0.032378,0.035361,0.024888,0.079436,0.045243
2022-05-04,0.071652,0.067706,0.083106,0.075527,0.058581,0.041610,0.056727,0.172700,0.162305,0.203347,0.182991,0.138595,0.095793,0.133836
2022-05-05,0.001959,0.011159,0.011787,0.016664,0.019723,0.011350,0.015829,0.003805,0.023977,0.025377,0.036392,0.043413,0.024401,0.034488
2022-05-06,0.043179,0.089596,0.102557,0.111835,0.126992,0.090766,0.094489,0.099674,0.221012,0.256920,0.283128,0.326811,0.224219,0.234470
2022-05-09,0.030954,0.003632,0.001229,0.002667,0.014276,0.000002,0.008957,0.055243,0.007566,0.002517,0.005522,0.030969,0.000004,0.019100
2022-05-10,0.001791,0.001643,0.005956,0.003819,0.010540,0.000022,0.002536,0.003484,0.003376,0.012550,0.007964,0.022600,0.000043,0.005247
2022-05-11,0.055898,0.102964,0.099231,0.103954,0.125091,0.079636,0.109567,0.131713,0.258062,0.247628,0.260840,0.321273,0.193991,0.276683
2022-05-12,0.064378,0.195280,0.198141,0.217805,0.319622,0.194994,0.246586,0.153605,0.536293,0.545503,0.609729,0.967128,0.535373,0.706572
2022-05-13,0.287043,0.054922,0.060182,0.048400,0.000428,0.078559,0.011183,0.414013,0.094518,0.102874,0.084036,0.000843,0.131453,0.020869
2022-05-16,0.033278,0.036434,0.030088,0.037277,0.015798,0.079068,0.028452,0.059150,0.064416,0.053782,0.065817,0.029108,0.132232,0.051010
2022-05-17,0.006153,0.019033,0.024218,0.020750,0.014187,0.017235,0.016841,0.011686,0.034794,0.043778,0.037786,0.026250,0.031641,0.030948
2022-05-18,0.012388,0.001409,0.000094,0.001867,0.007132,0.015198,0.000911,0.026722,0.002891,0.000189,0.003843,0.015102,0.033056,0.001860
2022-05-19,0.187754,0.260449,0.176489,0.204386,0.249307,0.287071,0.248702,0.512226,0.754408,0.476646,0.565729,0.715903,0.848409,0.713823
2022-05-20,0.005385,0.049965,0.026430,0.028564,0.061717,0.040979,0.039944,0.010262,0.116647,0.059087,0.064147,0.146692,0.094235,0.091688
2022-05-23,0.021076,0.002541,0.000930,0.000041,0.004775,0.000722,0.002439,0.038352,0.005257,0.001898,0.000083,0.010006,0.001419,0.005043
2022-05-24,0.000498,0.014184,0.009683,0.005926,0.014801,0.002874,0.014647,0.001011,0.030762,0.020701,0.012484,0.032157,0.005960,0.031807
2022-05-25,0.044511,0.018217,0.021561,0.018683,0.006764,0.016418,0.015611,0.077718,0.033365,0.039192,0.034182,0.012815,0.030201,0.028775
2022-05-26,0.007876,0.010205,0.020113,0.017894,0.005994,0.007998,0.012286,0.014860,0.019102,0.036678,0.032799,0.011393,0.015083,0.022853
2022-05-27,0.034548,0.035647,0.065611,0.065612,0.038472,0.030471,0.041279,0.061273,0.063107,0.111413,0.111414,0.067797,0.054428,0.072425
2022-05-31,0.039008,0.016158,0.004469,0.002119,0.019954,0.027821,0.008229,0.089389,0.035238,0.009350,0.004372,0.043948,0.062382,0.017501
2022-06-01,0.000128,0.006171,0.000229,0.000278,0.003188,0.009669,0.000931,0.000254,0.013014,0.000453,0.000551,0.006622,0.020670,0.001901
2022-06-02,0.031095,0.010238,0.027243,0.036909,0.016518,0.010897,0.025068,0.055480,0.019163,0.048955,0.065207,0.030378,0.020354,0.045237
2022-06-03,0.029798,0.031603,0.011660,0.003649,0.016432,0.023146,0.017092,0.067089,0.071414,0.025094,0.007602,0.035862,0.051367,0.037370
2022-06-06,0.020862,0.002805,0.012819,0.018485,0.007289,0.001942,0.011564,0.037981,0.005417,0.023808,0.033834,0.013783,0.003772,0.021556
2022-06-07,0.038262,0.036452,0.059230,0.076031,0.043123,0.034968,0.055638,0.067449,0.064446,0.101368,0.127574,0.075449,0.061975,0.095662
2022-06-08,0.020910,0.008369,0.000268,0.000853,0.004829,0.007510,0.006790,0.046161,0.017806,0.000541,0.001673,0.010122,0.015927,0.014357
2022-06-09,0.005718,0.011926,0.001977,0.000245,0.011909,0.020325,0.004606,0.012034,0.025689,0.004075,0.000494,0.025650,0.044805,0.009643
2022-06-10,0.004209,0.020413,0.005586,0.002303,0.014754,0.022059,0.008268,0.008793,0.045008,0.011749,0.004756,0.032050,0.048831,0.017586
2022-06-13,0.053253,0.120247,0.079503,0.059620,0.078046,0.096857,0.091100,0.124971,0.307238,0.193632,0.141271,0.189725,0.241028,0.225135
2022-06-14,0.002096,0.021987,0.012966,0.007621,0.008755,0.013448,0.007700,0.004068,0.048663,0.028018,0.016169,0.018655,0.029101,0.016341
2022-06-15,0.122103,0.220794,0.209010,0.180018,0.177781,0.181281,0.181086,0.312602,0.619629,0.580806,0.487734,0.480700,0.491715,0.491100
2022-06-16,0.208118,0.032331,0.040733,0.038840,0.030442,0.053127,0.026102,0.313958,0.057560,0.071527,0.068405,0.054379,0.091648,0.047007
2022-06-17,0.010032,0.004704,0.008870,0.002840,0.004921,0.001727,0.002356,0.021475,0.009853,0.018909,0.005888,0.010318,0.003552,0.004869
2022-06-21,0.204509,0.140517,0.172831,0.172016,0.165039,0.149203,0.133625,0.309217,0.222215,0.266872,0.265765,0.256247,0.234376,0.212477
2022-06-22,0.139800,0.037064,0.038642,0.024573,0.063538,0.065872,0.034069,0.364543,0.084634,0.088492,0.054712,0.151419,0.157504,0.077356
2022-06-23,0.033708,0.002969,0.021376,0.015347,0.007734,0.001943,0.004418,0.059870,0.005728,0.038872,0.028308,0.014601,0.003775,0.008457
2022-06-24,0.002761,0.003977,0.005291,0.012607,0.004535,0.002279,0.010021,0.005333,0.007630,0.010087,0.023428,0.008676,0.004415,0.018770
2022-06-27,0.002178,0.000101,0.006198,0.014194,0.008279,0.002620,0.001860,0.004223,0.000201,0.011770,0.026262,0.015598,0.005065,0.003615
2022-06-28,0.000702,0.000049,0.000019,0.003203,0.000002,0.000796,0.000244,0.001429,0.000099,0.000037,0.006170,0.000004,0.001622,0.000483
2022-06-29,0.049274,0.063065,0.040119,0.028340,0.049391,0.062989,0.043554,0.114906,0.150189,0.092117,0.063616,0.115200,0.149992,0.100604
2022-06-30,0.083139,0.185347,0.153023,0.131612,0.148617,0.171456,0.163178,0.203437,0.504577,0.404271,0.340334,0.390948,0.460925,0.435300
2022-07-01,0.076210,0.000633,0.002147,0.004299,0.003309,0.006022,0.009035,0.127850,0.001246,0.004164,0.008233,0.006372,0.011445,0.016976
2022-07-05,0.001335,0.008336,0.010079,0.002429,0.000619,0.000457,0.003407,0.002736,0.017734,0.021578,0.005021,0.001259,0.000926,0.007088
2022-07-06,0.006935,0.023903,0.021822,0.015888,0.011281,0.016222,0.021924,0.014674,0.053140,0.048280,0.034622,0.024247,0.035384,0.048516
2022-07-07,0.628094,0.506971,0.500265,0.498841,0.495250,0.488932,0.554815,0.789986,0.664778,0.657614,0.656090,0.652239,0.645448,0.715154
2022-07-08,0.147197,0.010562,0.006291,0.000472,0.010061,0.013141,0.019961,0.386670,0.022649,0.013274,0.000958,0.021538,0.028412,0.043965
2022-07-11,0.007623,0.003954,0.020424,0.021648,0.002632,0.000082,0.002054,0.014396,0.007586,0.037220,0.039344,0.005088,0.000163,0.003987
2022-07-12,0.159546,0.122302,0.102375,0.084072,0.180296,0.169665,0.100154,0.424150,0.313179,0.256411,0.205963,0.488611,0.455354,0.250201
2022-07-13,0.118910,0.350723,0.234555,0.220874,0.247323,0.275826,0.319787,0.303384,1.084411,0.665683,0.619894,0.709097,0.808361,0.967741
2022-07-14,0.279367,0.051724,0.048243,0.064122,0.056443,0.078822,0.079470,0.404565,0.089396,0.083782,0.109080,0.096943,0.131855,0.132846
2022-07-15,0.038779,0.047159,0.044219,0.074557,0.091757,0.091471,0.062318,0.068304,0.082026,0.077241,0.125306,0.151450,0.151021,0.106244
2022-07-18,0.031386,0.005450,0.004000,0.000662,0.001384,0.007932,0.020493,0.070891,0.011457,0.008349,0.001348,0.002837,0.016849,0.045195
2022-07-19,0.051760,0.054115,0.064549,0.059580,0.036116,0.024112,0.059228,0.089455,0.093229,0.109749,0.101923,0.063889,0.043597,0.101366
2022-07-20,0.043796,0.022108,0.008249,0.004236,0.021892,0.023436,0.028256,0.101207,0.048944,0.017545,0.008852,0.048443,0.052046,0.063416
2022-07-21,0.007710,0.000062,0.002823,0.007705,0.001790,0.000095,0.000045,0.014556,0.000124,0.005451,0.014546,0.003481,0.000189,0.000090
2022-07-22,0.000416,0.000732,0.000298,0.001429,0.000188,0.000764,0.001131,0.000844,0.001491,0.000603,0.002788,0.000380,0.001557,0.002211
2022-07-25,0.049191,0.029103,0.048453,0.067976,0.052696,0.040816,0.035054,0.085316,0.052115,0.084123,0.115107,0.090956,0.071663,0.062119
2022-07-26,0.036060,0.075068,0.082712,0.107864,0.065357,0.080159,0.082397,0.063795,0.126092,0.137790,0.175333,0.111015,0.133898,0.137311
2022-07-27,0.377476,0.235585,0.187531,0.167107,0.280143,0.234247,0.227543,1.188283,0.669161,0.511515,0.447424,0.823676,0.664644,0.642121
2022-07-28,0.082036,0.006000,0.018967,0.019378,0.006513,0.002158,0.012915,0.136761,0.011404,0.034678,0.035397,0.012352,0.004186,0.023978
2022-07-29,0.131319,0.138741,0.127728,0.095503,0.122438,0.100375,0.106802,0.339476,0.361395,0.328959,0.237274,0.313574,0.250818,0.268858
2022-08-01,0.107196,0.010433,0.022943,0.033760,0.049500,0.033189,0.016130,0.174354,0.019515,0.041583,0.059956,0.085814,0.059000,0.029693
2022-08-02,0.001505,0.000483,0.000580,0.000620,0.000449,0.001658,0.002994,0.003088,0.000952,0.001179,0.001219,0.000886,0.003227,0.005776
2022-08-03,0.040499,0.028990,0.046940,0.050213,0.051218,0.042490,0.028888,0.071142,0.051923,0.081671,0.086964,0.088582,0.074412,0.051750
2022-08-04,0.028922,0.004295,0.005353,0.002327,0.013000,0.007549,0.005682,0.064999,0.008978,0.011248,0.004807,0.028094,0.016012,0.011958
2022-08-05,0.047571,0.027187,0.048940,0.050997,0.032035,0.028944,0.037753,0.082694,0.048859,0.084909,0.088228,0.057062,0.051844,0.066607
2022-08-08,0.084789,0.046860,0.042376,0.027281,0.062274,0.042940,0.041818,0.207908,0.108846,0.097686,0.061100,0.148134,0.099083,0.096306
2022-08-09,0.117395,0.049446,0.075212,0.086731,0.069504,0.059570,0.071945,0.189218,0.085727,0.126314,0.143884,0.117486,0.101907,0.121272
2022-08-10,0.000410,0.007141,0.006508,0.016702,0.002407,0.010749,0.009105,0.000832,0.013510,0.012343,0.030703,0.004660,0.020085,0.017105
2022-08-11,0.008207,0.013352,0.030169,0.038570,0.013266,0.019727,0.015672,0.015466,0.024761,0.053917,0.067959,0.024607,0.036005,0.028884
2022-08-12,0.014632,0.045914,0.051611,0.067068,0.018018,0.036341,0.039226,0.027040,0.080003,0.089214,0.113691,0.033016,0.064262,0.069043
2022-08-15,0.004319,0.000671,0.007084,0.012864,0.000394,0.002015,0.001482,0.009028,0.001320,0.013405,0.023887,0.000798,0.003913,0.002889
2022-08-16,0.002135,0.000069,0.001117,0.005168,0.004110,0.000098,0.000604,0.004405,0.000140,0.002185,0.009859,0.008584,0.000197,0.001229
2022-08-17,0.089359,0.084998,0.063556,0.045196,0.114070,0.079595,0.076216,0.220364,0.208474,0.151464,0.104689,0.289502,0.193879,0.184831
2022-08-18,0.031553,0.001210,0.005018,0.012077,0.002972,0.004061,0.002405,0.056252,0.002366,0.009578,0.022477,0.005735,0.007787,0.004657
2022-08-19,0.041416,0.042871,0.040664,0.067831,0.044545,0.068694,0.044794,0.072651,0.075037,0.071413,0.114880,0.077773,0.116225,0.078179
2022-08-22,0.000383,0.013247,0.016434,0.030103,0.011087,0.026002,0.008181,0.000756,0.024573,0.030231,0.053806,0.020695,0.046836,0.015418
2022-08-23,0.138970,0.072884,0.067636,0.056094,0.120461,0.083318,0.098686,0.362077,0.175964,0.162123,0.132214,0.307857,0.203921,0.246109
2022-08-24,0.115387,0.049959,0.069168,0.072171,0.039873,0.043381,0.048314,0.186307,0.086555,0.116962,0.121621,0.070111,0.075871,0.083897
2022-08-25,0.000124,0.004888,0.005616,0.016384,0.002463,0.015229,0.001143,0.000251,0.009337,0.010692,0.030142,0.004767,0.028100,0.002235
2022-08-26,0.654531,0.597728,0.548752,0.492985,0.606486,0.540197,0.593248,2.425245,2.147615,1.918230,1.668246,2.189604,1.879108,2.126247
2022-08-29,0.061336,0.005678,0.006027,0.004791,0.008716,0.022020,0.000409,0.104697,0.011948,0.012703,0.010040,0.018569,0.048740,0.000828
2022-08-30,0.000526,0.018679,0.029117,0.014302,0.002163,0.002771,0.012479,0.001067,0.041008,0.065464,0.031027,0.004463,0.005742,0.026925
2022-08-31,0.014280,0.000008,0.000637,0.000670,0.018359,0.008769,0.002670,0.026414,0.000015,0.001296,0.001318,0.033615,0.016493,0.005529
2022-09-01,0.023061,0.012943,0.039835,0.028702,0.012580,0.018353,0.010941,0.051169,0.027966,0.091420,0.064476,0.027152,0.040260,0.023492
2022-09-02,0.001221,0.002886,0.003112,0.004136,0.000095,0.003456,0.002013,0.002387,0.005985,0.006463,0.008637,0.000191,0.007191,0.004148
2022-09-06,0.001763,0.008362,0.015678,0.010806,0.002926,0.007469,0.008647,0.003626,0.017792,0.034147,0.023191,0.006068,0.015836,0.018418
2022-09-07,0.057764,0.024373,0.019475,0.026766,0.048940,0.032529,0.042679,0.099044,0.044046,0.035565,0.048141,0.084910,0.057894,0.074722
2022-09-08,0.061111,0.035441,0.051454,0.036381,0.027792,0.030932,0.028918,0.145123,0.080683,0.120408,0.082969,0.062312,0.069803,0.064991
2022-09-09,0.253311,0.159322,0.159157,0.168647,0.192924,0.146604,0.190744,0.372059,0.248396,0.248168,0.261179,0.293883,0.230750,0.290978
2022-09-12,0.035558,0.000172,0.002180,0.000012,0.001761,0.000005,0.000525,0.080968,0.000346,0.004499,0.000025,0.003622,0.000010,0.001066
2022-09-13,0.001032,0.000139,0.002882,0.004667,0.000641,0.000005,0.000398,0.002020,0.000276,0.005563,0.008923,0.001262,0.000010,0.000786
2022-09-14,0.091328,0.071739,0.080136,0.063098,0.106436,0.098032,0.065540,0.225762,0.172933,0.195334,0.150274,0.267826,0.244291,0.156634
2022-09-15,0.005632,0.010518,0.003086,0.001249,0.001384,0.007041,0.003184,0.010722,0.022551,0.006407,0.002558,0.002838,0.014903,0.006615
2022-09-16,0.010639,0.028766,0.038558,0.020254,0.013752,0.019379,0.021411,0.022820,0.064627,0.088286,0.044641,0.029788,0.042621,0.047323
2022-09-19,0.033351,0.004200,0.004582,0.009387,0.022303,0.010774,0.012047,0.059271,0.008049,0.008763,0.017618,0.040478,0.020131,0.022424
2022-09-20,0.007999,0.004026,0.009043,0.004189,0.001402,0.002764,0.004168,0.016997,0.008403,0.019290,0.008752,0.002874,0.005727,0.008706
2022-09-21,0.601745,0.686656,0.661442,0.655705,0.615277,0.683532,0.662886,2.166834,2.587804,2.459877,2.431113,2.232053,2.571821,2.467135
2022-09-22,0.372642,0.039605,0.039473,0.034947,0.019292,0.021647,0.050130,0.515856,0.069668,0.069451,0.061939,0.035246,0.039343,0.086831
2022-09-23,0.019718,0.018278,0.006924,0.016466,0.034775,0.057284,0.027588,0.035989,0.033473,0.013110,0.030287,0.061653,0.098281,0.049541
2022-09-26,0.060551,0.053634,0.052130,0.044889,0.022002,0.028450,0.080524,0.143674,0.125939,0.122122,0.103925,0.048698,0.063877,0.196378
2022-09-27,0.000089,0.003500,0.009874,0.014859,0.012299,0.019011,0.002553,0.000178,0.007284,0.021124,0.032287,0.026522,0.041771,0.005282
2022-09-28,0.001043,0.005475,0.001527,0.004144,0.001785,0.003282,0.002327,0.002042,0.011512,0.003135,0.008655,0.003673,0.006821,0.004808
2022-09-29,0.000701,0.004835,0.003782,0.001787,0.000059,0.000654,0.001176,0.001377,0.010134,0.007883,0.003677,0.000118,0.001331,0.002408
2022-09-30,0.014359,0.030066,0.035406,0.029514,0.020795,0.028149,0.015725,0.031156,0.067730,0.080599,0.066410,0.045893,0.063162,0.034254
2022-10-03,0.219291,0.123720,0.126698,0.126204,0.137169,0.132174,0.147593,0.328540,0.198339,0.202607,0.201900,0.217495,0.210416,0.232131
2022-10-04,0.004869,0.003055,0.002687,0.005224,0.004797,0.001031,0.007997,0.010207,0.005891,0.005194,0.009963,0.009166,0.002018,0.015081
2022-10-05,0.046349,0.039618,0.024209,0.025045,0.033931,0.052369,0.031039,0.107568,0.090885,0.053857,0.055821,0.077023,0.122727,0.070061
2022-10-06,0.019295,0.002987,0.005437,0.005137,0.001724,0.000114,0.010487,0.035252,0.005763,0.010359,0.009801,0.003355,0.000226,0.019613
2022-10-07,0.030737,0.017493,0.030187,0.038635,0.037797,0.025246,0.033015,0.054878,0.032094,0.053948,0.068066,0.066679,0.045542,0.058708
2022-10-10,0.154308,0.124423,0.108492,0.085425,0.098549,0.121687,0.100584,0.408171,0.319332,0.273637,0.209635,0.245728,0.311398,0.251402
2022-10-11,0.039028,0.001652,0.004485,0.005054,0.003241,0.000766,0.009403,0.068715,0.003217,0.008583,0.009646,0.006243,0.001505,0.017647
2022-10-12,0.008286,0.004435,0.006371,0.010104,0.011481,0.005472,0.013031,0.015610,0.008490,0.012090,0.018919,0.021405,0.010424,0.024187
2022-10-13,0.376080,0.397342,0.343872,0.320569,0.312546,0.361663,0.373394,1.182795,1.267195,1.058254,0.970645,0.940969,1.126552,1.172256
2022-10-14,0.063122,0.001176,0.000519,0.000844,0.003277,0.001153,0.000071,0.107509,0.002406,0.001053,0.001721,0.006811,0.002359,0.000144
2022-10-17,0.152886,0.087971,0.083766,0.094939,0.113055,0.119614,0.104710,0.239497,0.145755,0.139391,0.156212,0.182918,0.192427,0.170700
2022-10-18,0.445941,0.353716,0.327791,0.300990,0.274537,0.321182,0.360012,1.466609,1.095892,0.997570,0.898670,0.803804,0.972922,1.120163
2022-10-19,0.349236,0.120816,0.124392,0.106234,0.082306,0.098751,0.117168,0.488612,0.194161,0.199304,0.172940,0.137172,0.161888,0.188890
2022-10-20,0.015841,0.000723,0.000883,0.000674,0.000554,0.002284,0.000011,0.034516,0.001472,0.001801,0.001371,0.001127,0.004716,0.000023
2022-10-21,0.000378,0.003684,0.000280,0.000140,0.000698,0.000459,0.007597,0.000746,0.007674,0.000554,0.000278,0.001371,0.000931,0.016117
2022-10-24,0.013761,0.010862,0.016234,0.013827,0.018194,0.029047,0.004699,0.029807,0.023315,0.035410,0.029956,0.039893,0.065298,0.009842
2022-10-25,0.155994,0.073780,0.115064,0.109027,0.109666,0.090785,0.091256,0.243802,0.124107,0.185839,0.177037,0.177973,0.149991,0.150699
2022-10-26,0.126791,0.063203,0.058524,0.043035,0.054594,0.071818,0.048687,0.326223,0.150547,0.138448,0.099317,0.128385,0.173141,0.113429
2022-10-27,0.010827,0.054591,0.031760,0.032588,0.042046,0.068526,0.045002,0.023237,0.128376,0.071791,0.073782,0.096869,0.164459,0.104205
2022-10-28,0.012141,0.056268,0.053763,0.046920,0.053374,0.065189,0.044958,0.026169,0.132659,0.126268,0.108997,0.125278,0.155720,0.104095
2022-10-31,0.102611,0.014837,0.024665,0.032397,0.033721,0.032636,0.019635,0.167605,0.027404,0.044546,0.057671,0.059892,0.058072,0.035845
2022-11-01,0.002063,0.006116,0.002677,0.008789,0.015565,0.011605,0.017940,0.004004,0.011618,0.005174,0.016528,0.028694,0.021629,0.032881
2022-11-02,0.436674,0.408090,0.381363,0.378438,0.370992,0.432606,0.361381,1.427887,1.310516,1.203603,1.192067,1.162853,1.410994,1.125462
2022-11-03,0.072224,0.002027,0.000390,0.001523,0.018370,0.012838,0.011511,0.121704,0.004177,0.000790,0.003127,0.040297,0.027731,0.024760
2022-11-04,0.165531,0.274885,0.282894,0.253634,0.269195,0.214627,0.287560,0.442553,0.805035,0.833477,0.730797,0.784981,0.599242,0.850162
2022-11-07,0.461597,0.120578,0.129914,0.142709,0.063504,0.157761,0.044362,0.615782,0.193818,0.207200,0.225296,0.108109,0.246243,0.077474
2022-11-08,0.005020,0.005799,0.000013,0.000919,0.000809,0.007009,0.004393,0.010531,0.011031,0.000026,0.001801,0.001587,0.013267,0.008410
2022-11-09,0.040184,0.033949,0.059055,0.044580,0.039584,0.027168,0.028044,0.070623,0.060273,0.101091,0.077830,0.069634,0.048826,0.050318
2022-11-10,0.075658,0.026385,0.027633,0.030878,0.045287,0.060056,0.017954,0.183341,0.058980,0.061935,0.069672,0.104916,0.142396,0.039343
2022-11-11,0.030599,0.000811,0.015210,0.010285,0.003172,0.000225,0.000260,0.054644,0.001592,0.028066,0.019247,0.006112,0.000445,0.000514
2022-11-14,0.041750,0.035621,0.042103,0.056323,0.048127,0.037679,0.059741,0.073199,0.063064,0.073779,0.096752,0.083594,0.066484,0.102177
2022-11-15,0.178882,0.144067,0.107322,0.090628,0.102917,0.128325,0.112758,0.484158,0.377278,0.270328,0.223841,0.257930,0.330703,0.285757
2022-11-16,0.143386,0.043152,0.059974,0.063404,0.039774,0.024761,0.050426,0.226245,0.075497,0.102545,0.107953,0.069948,0.044712,0.087307
2022-11-17,0.000228,0.001278,0.003585,0.007477,0.005569,0.003467,0.008344,0.000461,0.002496,0.006893,0.014127,0.010603,0.006670,0.015716
2022-11-18,0.007527,0.012415,0.002077,0.000621,0.001798,0.008725,0.005140,0.015964,0.026782,0.004283,0.001263,0.003699,0.018589,0.010790
2022-11-21,0.128643,0.109627,0.120711,0.131739,0.103920,0.079892,0.136117,0.205388,0.177915,0.194009,0.209798,0.169536,0.133491,0.216006
2022-11-22,0.007785,0.040134,0.068221,0.077238,0.048816,0.048587,0.066106,0.014693,0.070540,0.115488,0.129429,0.084709,0.084339,0.112188
2022-11-23,0.035158,0.007250,0.000275,0.000004,0.012255,0.010281,0.003015,0.079995,0.015360,0.000556,0.000008,0.026424,0.022024,0.006257
2022-11-25,0.233749,0.221475,0.287637,0.294584,0.170183,0.175190,0.240904,0.347192,0.331373,0.414742,0.423241,0.263272,0.270072,0.356336
2022-11-28,0.116348,0.019308,0.004152,0.001059,0.029446,0.010273,0.007255,0.296021,0.042456,0.008673,0.002165,0.066249,0.022008,0.015369
2022-11-29,0.284042,0.338113,0.228044,0.212454,0.380952,0.344291,0.343994,0.837574,1.036407,0.643798,0.592093,1.201979,1.059847,1.058718
2022-11-30,0.026494,0.175507,0.138581,0.125160,0.215234,0.196659,0.146257,0.059237,0.473568,0.360922,0.321472,0.601240,0.540730,0.383845
2022-12-01,0.168424,0.013798,0.025360,0.040797,0.046228,0.058173,0.024546,0.260874,0.025556,0.045739,0.071633,0.080515,0.099693,0.044343
2022-12-02,0.015370,0.019374,0.012165,0.030904,0.067899,0.066457,0.026182,0.028349,0.035390,0.022635,0.055159,0.114987,0.112736,0.047145
2022-12-05,0.097952,0.050164,0.051276,0.048961,0.037886,0.050899,0.045918,0.244068,0.117149,0.119957,0.114118,0.086641,0.119006,0.106490
2022-12-06,0.052420,0.019815,0.027931,0.018961,0.011484,0.008368,0.021559,0.090514,0.036159,0.050125,0.034668,0.021411,0.015760,0.039190
2022-12-07,0.042470,0.036382,0.026173,0.023381,0.022426,0.023407,0.019327,0.097918,0.082971,0.058480,0.051917,0.049687,0.051978,0.042499
2022-12-08,0.009754,0.000694,0.000041,0.000957,0.001560,0.000251,0.000197,0.018284,0.001413,0.000082,0.001875,0.003039,0.000498,0.000389
2022-12-09,0.000688,0.000230,0.000053,0.000767,0.001528,0.000843,0.004294,0.001352,0.000455,0.000106,0.001507,0.002977,0.001654,0.008224
2022-12-12,0.004336,0.000974,0.003172,0.005977,0.008860,0.005244,0.004946,0.008304,0.001909,0.006112,0.011362,0.016658,0.010000,0.009444
2022-12-13,0.276314,0.259546,0.262965,0.234826,0.238452,0.254379,0.222569,0.810091,0.751271,0.763172,0.666596,0.678862,0.733369,0.625526
2022-12-14,0.075857,0.298125,0.270904,0.262616,0.306509,0.286367,0.270218,0.183873,0.888260,0.790989,0.761956,0.918808,0.845889,0.788577
2022-12-15,0.512151,0.152785,0.130996,0.158939,0.101278,0.210842,0.115115,0.670293,0.239357,0.208741,0.247867,0.165634,0.317527,0.185913
2022-12-16,0.077599,0.032733,0.054088,0.027672,0.009386,0.001840,0.017551,0.188527,0.074132,0.127096,0.062027,0.020045,0.003788,0.038420
2022-12-19,0.072210,0.037622,0.031693,0.034308,0.038230,0.036080,0.027247,0.121681,0.066389,0.056488,0.060874,0.067396,0.063828,0.048961
2022-12-20,0.034288,0.006726,0.014155,0.013954,0.014302,0.015228,0.004267,0.077886,0.014219,0.030695,0.030243,0.031028,0.033124,0.008917
2022-12-21,0.004225,0.002686,0.000176,0.000110,0.000004,0.000183,0.001173,0.008095,0.005562,0.000349,0.000219,0.000008,0.000370,0.002401
2022-12-22,0.002695,0.000478,0.000001,0.001689,0.001310,0.001062,0.005202,0.005208,0.000942,0.000002,0.003288,0.002558,0.002080,0.009922
2022-12-23,0.006677,0.015248,0.009563,0.004864,0.003794,0.005906,0.007583,0.014112,0.033170,0.020437,0.010196,0.007910,0.012440,0.016086
2022-12-27,0.112476,0.070739,0.072840,0.088632,0.084593,0.078012,0.094414,0.182074,0.119403,0.122655,0.146753,0.140646,0.130615,0.155428
2022-12-28,0.101152,0.048029,0.043341,0.031831,0.033831,0.038047,0.028391,0.252988,0.111776,0.100078,0.071961,0.076782,0.087035,0.063737
2022-12-29,0.090568,0.033314,0.055559,0.057224,0.042516,0.032790,0.044705,0.149665,0.059209,0.095535,0.098186,0.074455,0.058330,0.078034
2022-12-30,0.002934,0.000561,0.000969,0.003491,0.000628,0.000155,0.005749,0.006085,0.001104,0.001899,0.006714,0.001235,0.000307,0.010938
2023-01-03,0.281154,0.311788,0.239164,0.224983,0.261298,0.299201,0.273520,0.827277,0.938180,0.681279,0.633568,0.757362,0.892167,0.800210
2023-01-04,0.016546,0.015222,0.011735,0.008812,0.024261,0.028576,0.010628,0.030428,0.033111,0.025261,0.018780,0.053980,0.064176,0.022794
2023-01-05,0.061270,0.011605,0.013381,0.022801,0.027746,0.029411,0.018946,0.104593,0.021629,0.024812,0.041338,0.049810,0.052636,0.034641
2023-01-06,0.095507,0.097166,0.094091,0.071033,0.049728,0.062378,0.076579,0.237286,0.241883,0.233371,0.171065,0.116048,0.148405,0.185800
2023-01-09,0.334340,0.202066,0.196188,0.195001,0.181617,0.162882,0.203153,0.471046,0.305997,0.298221,0.296645,0.278750,0.253290,0.307431
2023-01-10,0.095717,0.017964,0.016841,0.014704,0.015642,0.018070,0.006196,0.237868,0.039365,0.036795,0.031936,0.034063,0.039609,0.013069
2023-01-11,0.080709,0.037521,0.072236,0.066058,0.052236,0.029555,0.043371,0.134738,0.066222,0.121722,0.112113,0.090219,0.052879,0.075856
2023-01-12,0.294126,0.185135,0.186424,0.170424,0.220285,0.226784,0.153628,0.873789,0.503905,0.507996,0.457712,0.617940,0.639580,0.406106
2023-01-13,0.663443,0.301295,0.413742,0.403609,0.346874,0.308978,0.315219,0.825158,0.431408,0.562704,0.551266,0.485839,0.440710,0.448227
2023-01-17,0.257050,0.064719,0.076977,0.048214,0.064029,0.053730,0.037113,0.742609,0.154494,0.186862,0.112241,0.152696,0.126185,0.084752
2023-01-18,0.024700,0.000235,0.013363,0.011612,0.002943,0.000000,0.000284,0.044606,0.000465,0.024779,0.021642,0.005679,0.000000,0.000563
2023-01-19,0.013054,0.004049,0.007509,0.003307,0.014763,0.015204,0.001840,0.028215,0.008453,0.015924,0.006876,0.032071,0.033069,0.003788
2023-01-20,0.068496,0.020764,0.056487,0.062301,0.055280,0.038886,0.027414,0.115917,0.037811,0.097013,0.106218,0.095089,0.068482,0.049245
2023-01-23,0.040356,0.011795,0.014824,0.005026,0.012554,0.013490,0.004964,0.092702,0.025396,0.032207,0.010545,0.027094,0.029196,0.010411
2023-01-24,0.005582,0.000082,0.004458,0.005302,0.000675,0.000017,0.001141,0.010628,0.000163,0.008532,0.010108,0.001327,0.000034,0.002232
2023-01-25,0.016392,0.014888,0.011655,0.006678,0.016082,0.018667,0.007760,0.035771,0.032353,0.025082,0.014114,0.035065,0.040980,0.016474
2023-01-26,0.005303,0.000487,0.000729,0.002261,0.000844,0.000009,0.000228,0.010109,0.000988,0.001433,0.004382,0.001656,0.000018,0.000452
2023-01-27,0.003839,0.002316,0.002570,0.007428,0.005531,0.002675,0.008709,0.007371,0.004486,0.004970,0.014037,0.010533,0.005171,0.016382
2023-01-30,0.000744,0.000683,0.000003,0.000618,0.000063,0.000245,0.000085,0.001516,0.001391,0.000006,0.001215,0.000125,0.000495,0.000168
2023-01-31,0.012563,0.014582,0.010287,0.006936,0.013427,0.018923,0.008255,0.027113,0.031661,0.022038,0.014675,0.029056,0.041569,0.017558
2023-02-01,0.084747,0.132472,0.113120,0.103077,0.117452,0.137508,0.105073,0.207794,0.342864,0.286788,0.258378,0.299189,0.357738,0.263987
2023-02-02,0.068039,0.003268,0.005389,0.008493,0.006363,0.000054,0.007462,0.115205,0.006294,0.010269,0.015990,0.012076,0.000108,0.014101
2023-02-03,0.348216,0.366891,0.386445,0.340740,0.283109,0.293109,0.307434,1.074816,1.146854,1.223721,1.046355,0.834243,0.870117,0.922191
2023-02-06,0.424332,0.108833,0.113525,0.119567,0.085300,0.072715,0.079140,0.574581,0.176753,0.183601,0.192359,0.141718,0.122462,0.132341
2023-02-07,0.098358,0.033644,0.065428,0.046719,0.023729,0.012725,0.020201,0.245196,0.076330,0.156343,0.108493,0.052731,0.027478,0.044518
2023-02-08,0.096906,0.027982,0.044996,0.041495,0.048115,0.054373,0.020274,0.159146,0.050212,0.078509,0.072780,0.083576,0.093642,0.036958
2023-02-09,0.002367,0.027122,0.010506,0.014672,0.017324,0.016392,0.037546,0.004583,0.048749,0.019648,0.027111,0.031797,0.030156,0.066264
2023-02-10,0.011706,0.013739,0.033759,0.031321,0.032619,0.039592,0.019969,0.021810,0.025451,0.059954,0.055862,0.058044,0.069647,0.036427
2023-02-13,0.065845,0.116043,0.114241,0.130813,0.099236,0.108025,0.152826,0.111779,0.187260,0.184643,0.208481,0.162609,0.175570,0.239414
2023-02-14,0.281346,0.148171,0.110087,0.101371,0.163220,0.108070,0.111714,0.827960,0.389604,0.278157,0.253600,0.435429,0.272443,0.282783
2023-02-15,0.028338,0.000022,0.002489,0.004138,0.001654,0.010403,0.000218,0.050817,0.000045,0.004816,0.007932,0.003399,0.022296,0.000432
2023-02-16,0.009782,0.005039,0.005736,0.014865,0.008157,0.002694,0.013035,0.018335,0.009617,0.010915,0.027454,0.015374,0.005206,0.024194
2023-02-17,0.000054,0.000118,0.001029,0.005851,0.006663,0.010590,0.000265,0.000107,0.000238,0.002016,0.011128,0.012630,0.019799,0.000525
2023-02-21,0.056391,0.075138,0.070469,0.087806,0.065525,0.070061,0.084190,0.096861,0.126201,0.118984,0.145506,0.111278,0.118350,0.140035
2023-02-22,0.138630,0.061750,0.044270,0.040297,0.074212,0.043236,0.053543,0.361065,0.146776,0.102384,0.092554,0.179491,0.099817,0.125709
2023-02-23,0.036307,0.005642,0.017241,0.018814,0.002953,0.000482,0.006344,0.064206,0.010740,0.031651,0.034411,0.005698,0.000949,0.012040
2023-02-24,0.038556,0.050931,0.054834,0.071695,0.047408,0.048579,0.069295,0.067936,0.088120,0.094378,0.120884,0.082430,0.084326,0.117161
2023-02-27,0.007880,0.027958,0.048092,0.061229,0.040176,0.076249,0.035121,0.014868,0.050171,0.083538,0.104528,0.070610,0.127910,0.062231
2023-02-28,0.025416,0.085626,0.098498,0.110510,0.048659,0.091942,0.078360,0.045835,0.142212,0.161513,0.179206,0.084455,0.151728,0.131147
2023-03-01,0.219476,0.095230,0.060165,0.058527,0.140008,0.078510,0.087765,0.615260,0.236518,0.142678,0.138456,0.365162,0.190968,0.216006
2023-03-02,0.030468,0.001829,0.013951,0.015782,0.000264,0.001121,0.000344,0.054424,0.003555,0.025829,0.029079,0.000534,0.002292,0.000679
2023-03-03,0.000849,0.000244,0.000004,0.002294,0.001664,0.000141,0.000013,0.001731,0.000493,0.000007,0.004445,0.003421,0.000284,0.000027
2023-03-06,0.045210,0.059011,0.038421,0.024913,0.043958,0.026782,0.066327,0.104725,0.139702,0.087951,0.055511,0.101608,0.059920,0.158694
2023-03-07,0.038067,0.072155,0.076863,0.062137,0.091587,0.119776,0.087689,0.087084,0.174033,0.186557,0.147778,0.226475,0.305879,0.215800
2023-03-08,0.132672,0.042947,0.048492,0.055696,0.057096,0.025564,0.042852,0.211123,0.075161,0.084186,0.095754,0.097982,0.046087,0.075006
2023-03-09,0.025621,0.007389,0.011893,0.004387,0.000881,0.000053,0.003912,0.057177,0.015662,0.025614,0.009175,0.001798,0.000105,0.008161
2023-03-10,0.070015,0.086357,0.084234,0.077703,0.077397,0.077361,0.085536,0.168378,0.212170,0.206402,0.188804,0.187987,0.187889,0.209935
2023-03-13,0.059140,0.135122,0.152341,0.146738,0.155213,0.230595,0.127797,0.140035,0.350675,0.402203,0.385292,0.410924,0.652351,0.329160
2023-03-14,0.044829,0.000979,0.001468,0.000225,0.000272,0.003579,0.000145,0.078237,0.001999,0.003013,0.000454,0.000538,0.007452,0.000292
2023-03-15,0.002569,0.000058,0.004890,0.000345,0.005523,0.006311,0.001409,0.004968,0.000117,0.010252,0.000700,0.010519,0.011979,0.002749
2023-03-16,0.070875,0.060668,0.041665,0.050050,0.092539,0.106210,0.075289,0.119613,0.103643,0.073059,0.086702,0.152623,0.172905,0.126433
2023-03-17,0.035860,0.003794,0.009639,0.009535,0.003567,0.000528,0.000220,0.081701,0.007910,0.020604,0.020374,0.007427,0.001072,0.000443
2023-03-20,0.037365,0.021670,0.028454,0.024561,0.023287,0.015609,0.033785,0.065963,0.039383,0.051014,0.044368,0.042176,0.028772,0.059998
2023-03-21,0.070057,0.107121,0.098872,0.112731,0.104058,0.102309,0.151638,0.118343,0.174243,0.162068,0.182446,0.169739,0.167158,0.237764
2023-03-22,0.313162,0.182138,0.159289,0.139964,0.172501,0.115750,0.127550,0.943240,0.494420,0.423363,0.365031,0.464178,0.294306,0.328440
2023-03-23,0.053471,0.003059,0.005420,0.007779,0.000160,0.005076,0.005317,0.092198,0.005899,0.010327,0.014683,0.000317,0.010651,0.010136
2023-03-24,0.003900,0.003455,0.001926,0.007143,0.005912,0.001402,0.010430,0.007485,0.006647,0.003741,0.013515,0.011241,0.002735,0.019510
2023-03-27,0.062080,0.051728,0.063825,0.086915,0.100851,0.114597,0.067992,0.105870,0.089403,0.108614,0.144162,0.165001,0.185161,0.115131
2023-03-28,0.009880,0.066959,0.051866,0.068396,0.045563,0.074390,0.076675,0.018514,0.113520,0.089624,0.115762,0.079433,0.125048,0.128564
2023-03-29,0.037198,0.103773,0.138237,0.136305,0.071658,0.112246,0.113709,0.065685,0.169319,0.219001,0.216273,0.120828,0.181740,0.183870
2023-03-30,0.000257,0.040982,0.061072,0.067207,0.017601,0.040841,0.048457,0.000508,0.071937,0.104280,0.113907,0.032285,0.071705,0.084128
2023-03-31,0.000251,0.010871,0.033002,0.037232,0.003534,0.010912,0.025570,0.000507,0.020306,0.058687,0.065743,0.006795,0.020381,0.046097
2023-04-03,0.019631,0.003004,0.000064,0.001144,0.009682,0.005901,0.001314,0.043202,0.006234,0.000127,0.002237,0.020700,0.012430,0.002693
2023-04-04,0.008042,0.009960,0.001110,0.000011,0.017448,0.016471,0.012386,0.017091,0.021315,0.002271,0.000022,0.038184,0.035952,0.026717
2023-04-05,0.011037,0.018737,0.009646,0.003506,0.027882,0.027465,0.033754,0.023704,0.041141,0.020620,0.007298,0.062526,0.061538,0.076595
2023-04-06,0.038612,0.019148,0.027112,0.039712,0.014174,0.022056,0.005855,0.068029,0.034994,0.048731,0.069845,0.026225,0.040051,0.011135
2023-04-10,0.015754,0.001795,0.001493,0.000039,0.003716,0.000200,0.009015,0.034319,0.003693,0.003064,0.000077,0.007743,0.000403,0.019227
2023-04-11,0.046467,0.048513,0.061148,0.064314,0.032773,0.043860,0.025058,0.080903,0.084219,0.104401,0.109381,0.058302,0.076655,0.045221
2023-04-12,0.175559,0.078301,0.074476,0.069636,0.112273,0.081475,0.099478,0.473734,0.190408,0.180192,0.167379,0.284373,0.198942,0.248317
2023-04-13,0.109474,0.040549,0.062914,0.061304,0.027458,0.028879,0.021731,0.177691,0.071224,0.107182,0.104646,0.049321,0.051734,0.039489
2023-04-14,0.076591,0.026043,0.035057,0.023047,0.042249,0.022297,0.030466,0.185830,0.058172,0.079751,0.051137,0.097372,0.049386,0.068686
2023-04-17,0.266592,0.182125,0.214801,0.227149,0.187498,0.192962,0.151029,0.388712,0.279434,0.322698,0.338707,0.286642,0.293934,0.236918
2023-04-18,0.140636,0.013296,0.026632,0.016247,0.025570,0.011080,0.016828,0.367034,0.028760,0.059563,0.035440,0.057056,0.023801,0.036766
2023-04-19,0.051503,0.031164,0.056164,0.052714,0.020695,0.025626,0.019012,0.089041,0.055596,0.096499,0.090986,0.037690,0.046193,0.034757
2023-04-20,0.031410,0.001315,0.005078,0.001457,0.015142,0.005096,0.003064,0.070951,0.002694,0.010655,0.002989,0.032929,0.010695,0.006360
2023-04-21,0.002620,0.000090,0.003476,0.006204,0.000038,0.001260,0.000010,0.005065,0.000180,0.006687,0.011782,0.000075,0.002462,0.000020
2023-04-24,0.005166,0.016526,0.008484,0.018691,0.003813,0.011334,0.006930,0.009854,0.030392,0.015971,0.034195,0.007321,0.021141,0.013121
2023-04-25,0.015486,0.004102,0.002864,0.000647,0.006368,0.001374,0.006947,0.033710,0.008566,0.005938,0.001316,0.013442,0.002817,0.014698
2023-04-26,0.005070,0.003933,0.006039,0.002144,0.014287,0.007432,0.014898,0.010640,0.008206,0.012730,0.004423,0.030994,0.015756,0.032377
2023-04-27,0.037480,0.031289,0.026300,0.036786,0.016246,0.026225,0.017426,0.066153,0.055808,0.047346,0.065002,0.029898,0.047218,0.031977
2023-04-28,0.063874,0.026933,0.033268,0.020523,0.032051,0.017238,0.037717,0.152293,0.060278,0.075422,0.045265,0.072489,0.037702,0.086227
2023-05-01,0.047107,0.027981,0.024264,0.032233,0.015089,0.020076,0.012326,0.081942,0.050210,0.043858,0.057396,0.027851,0.036614,0.022925
2023-05-02,0.004587,0.001226,0.000000,0.000810,0.000333,0.001091,0.000019,0.009602,0.002395,0.000000,0.001590,0.000675,0.002136,0.000037
2023-05-03,0.025231,0.020228,0.016972,0.012939,0.025711,0.016234,0.030543,0.056259,0.044581,0.037094,0.027957,0.057389,0.035411,0.068872
2023-05-04,0.018419,0.026192,0.036742,0.029130,0.054632,0.043370,0.043390,0.040409,0.058523,0.083847,0.065496,0.128481,0.100149,0.100199
2023-05-05,0.005842,0.029131,0.032604,0.025929,0.032307,0.029516,0.039174,0.012303,0.065499,0.073820,0.057903,0.073106,0.066416,0.089795
2023-05-08,0.066844,0.028048,0.016560,0.026050,0.037627,0.032996,0.023554,0.113342,0.050323,0.030453,0.046919,0.066397,0.058677,0.042637
2023-05-09,0.252477,0.341539,0.285240,0.315416,0.385487,0.396449,0.333745,0.371008,0.479558,0.411799,0.448463,0.530630,0.543141,0.470341
2023-05-10,0.306603,0.057867,0.068335,0.065859,0.038005,0.035212,0.038890,0.919148,0.136759,0.163958,0.157470,0.086932,0.080127,0.089099
2023-05-11,0.014789,0.004887,0.009143,0.004461,0.003149,0.000285,0.000404,0.027319,0.009334,0.017175,0.008537,0.006540,0.000576,0.000798
2023-05-12,0.035421,0.053223,0.046799,0.052814,0.017006,0.045525,0.062586,0.062732,0.091802,0.081441,0.091145,0.031238,0.079371,0.106665
2023-05-15,0.058645,0.096353,0.116070,0.142700,0.139682,0.170917,0.132353,0.100441,0.158321,0.187298,0.225283,0.221038,0.264271,0.210670
2023-05-16,0.009557,0.018326,0.010800,0.018774,0.021256,0.026382,0.024127,0.020424,0.033557,0.020179,0.034342,0.038664,0.047485,0.043623
2023-05-17,0.061439,0.017449,0.009909,0.011176,0.020260,0.018086,0.014459,0.145970,0.038185,0.021200,0.024014,0.044654,0.039646,0.031383
2023-05-18,0.031587,0.043525,0.034176,0.029935,0.074230,0.051594,0.066343,0.071374,0.100533,0.077616,0.067417,0.179539,0.120764,0.158734
2023-05-19,0.036921,0.006993,0.008124,0.016388,0.001871,0.013205,0.000352,0.065226,0.013238,0.015315,0.030148,0.003636,0.024498,0.000694
2023-05-22,0.009402,0.019992,0.012653,0.026035,0.024907,0.046540,0.007231,0.017645,0.036467,0.023510,0.046893,0.044961,0.081021,0.013676
2023-05-23,0.000315,0.015060,0.010793,0.015042,0.015190,0.026719,0.004107,0.000623,0.027800,0.020166,0.027768,0.028031,0.048061,0.007873
2023-05-24,0.017768,0.000361,0.000860,0.001194,0.004633,0.000646,0.005377,0.038916,0.000730,0.001753,0.002443,0.009701,0.001313,0.011300
2023-05-25,0.017454,0.014534,0.010905,0.012393,0.031489,0.015229,0.028691,0.038197,0.031552,0.023412,0.026733,0.071139,0.033126,0.064451
2023-05-26,0.060361,0.039500,0.038296,0.043970,0.020598,0.043726,0.020418,0.103157,0.069495,0.067505,0.076835,0.037521,0.076436,0.037208
2023-05-30,0.163043,0.090699,0.102468,0.086361,0.085182,0.056850,0.102337,0.434885,0.224034,0.256671,0.212181,0.208973,0.134150,0.256303
2023-05-31,0.025803,0.076619,0.077982,0.076761,0.110731,0.083840,0.141768,0.057606,0.185907,0.189553,0.186286,0.279988,0.205333,0.370408
2023-06-01,0.179556,0.092488,0.064813,0.071106,0.056924,0.083361,0.050834,0.275973,0.152546,0.110163,0.119972,0.097709,0.138776,0.087965
2023-06-02,0.073360,0.028050,0.037256,0.029530,0.006713,0.004154,0.027520,0.177228,0.062926,0.085101,0.066449,0.014191,0.008677,0.061668
2023-06-05,0.610000,0.671054,0.715944,0.723942,0.712772,0.699918,0.758979,2.206537,2.508354,2.739527,2.781543,2.722928,2.656089,2.968577
2023-06-06,0.578213,0.144890,0.110725,0.098650,0.050321,0.079213,0.071216,0.739342,0.228352,0.179519,0.161738,0.087138,0.132453,0.120142
2023-06-07,0.014592,0.042774,0.017703,0.029155,0.129201,0.120550,0.078244,0.026969,0.074878,0.032464,0.052202,0.206184,0.193777,0.130971
2023-06-08,0.100486,0.168019,0.144471,0.151851,0.309274,0.222740,0.202538,0.164461,0.260321,0.227767,0.238061,0.441067,0.333011,0.306620
2023-06-09,0.050728,0.007644,0.000078,0.000320,0.001075,0.000632,0.007610,0.118571,0.014434,0.000156,0.000648,0.002197,0.001285,0.014371
2023-06-12,0.133652,0.154458,0.210764,0.165124,0.097621,0.116222,0.168512,0.212515,0.241677,0.317425,0.256364,0.160209,0.187519,0.260994
2023-06-13,0.023872,0.003962,0.003022,0.005549,0.001640,0.003320,0.022197,0.053066,0.007602,0.005829,0.010566,0.003193,0.006391,0.040295
2023-06-14,0.128874,0.100586,0.072356,0.065848,0.101300,0.096343,0.052821,0.332307,0.251407,0.174564,0.157439,0.253403,0.239600,0.123873
2023-06-15,0.209042,0.128434,0.119850,0.137240,0.062222,0.092110,0.087013,0.315170,0.205089,0.192768,0.217594,0.106093,0.151980,0.144309
2023-06-16,0.006033,0.050839,0.051120,0.068777,0.071693,0.089388,0.060368,0.011464,0.087972,0.088425,0.116354,0.120881,0.147891,0.103169
2023-06-20,0.025713,0.000110,0.000040,0.000558,0.001512,0.000536,0.000027,0.057394,0.000222,0.000080,0.001099,0.002946,0.001055,0.000054
2023-06-21,0.016453,0.001837,0.002073,0.003027,0.013029,0.012313,0.009753,0.035909,0.003782,0.004275,0.006282,0.028160,0.026553,0.020857
2023-06-22,0.001118,0.000107,0.002386,0.001975,0.000721,0.000089,0.001162,0.002187,0.000212,0.004620,0.003835,0.001467,0.000177,0.002378
2023-06-23,0.002986,0.004464,0.004822,0.009462,0.004033,0.010706,0.000778,0.005759,0.008544,0.009213,0.017755,0.007735,0.020009,0.001527
2023-06-26,0.003264,0.000047,0.000005,0.000225,0.000000,0.000780,0.001784,0.006785,0.000094,0.000011,0.000445,0.000000,0.001531,0.003672
2023-06-27,0.076616,0.102210,0.100792,0.098358,0.077639,0.096518,0.059409,0.128473,0.167012,0.164914,0.161305,0.130042,0.158568,0.101651
2023-06-28,0.154261,0.043086,0.042470,0.044524,0.034992,0.034805,0.050135,0.408030,0.099445,0.097919,0.103016,0.079593,0.079139,0.117076
2023-06-29,0.074521,0.042882,0.056255,0.048880,0.024448,0.033523,0.018937,0.125250,0.075055,0.096645,0.084813,0.044174,0.059560,0.034626
2023-06-30,0.002164,0.007605,0.004122,0.005306,0.004056,0.009015,0.004264,0.004465,0.014363,0.007903,0.010115,0.007779,0.016941,0.008168
2023-07-03,0.136260,0.169610,0.199830,0.197519,0.196408,0.205639,0.160132,0.216209,0.262490,0.303044,0.299985,0.298512,0.310703,0.249511
2023-07-05,0.286347,0.064297,0.080283,0.075797,0.036264,0.057563,0.054510,0.845816,0.153393,0.195729,0.183711,0.082685,0.135980,0.128169
2023-07-06,0.034563,0.009233,0.023172,0.015284,0.004286,0.004415,0.001542,0.061299,0.017338,0.041978,0.028198,0.008211,0.008451,0.003004
2023-07-07,0.001377,0.002177,0.000298,0.001340,0.000372,0.002371,0.000109,0.002823,0.004222,0.000588,0.002616,0.000735,0.004592,0.000216
2023-07-10,0.122509,0.118465,0.102260,0.090850,0.084672,0.075846,0.122768,0.313779,0.302102,0.256088,0.224449,0.207590,0.183843,0.314530
2023-07-11,0.012915,0.000312,0.001118,0.000201,0.004762,0.000384,0.009597,0.023980,0.000617,0.002287,0.000406,0.009977,0.000778,0.020512
2023-07-12,0.000235,0.000388,0.002829,0.001679,0.001404,0.000317,0.008075,0.000475,0.000786,0.005864,0.003452,0.002880,0.000627,0.017162
2023-07-13,0.133807,0.129369,0.107709,0.115171,0.136333,0.174022,0.094240,0.212734,0.206423,0.175107,0.185995,0.216312,0.268488,0.155169
2023-07-14,0.000906,0.038697,0.018478,0.019145,0.031004,0.052057,0.028653,0.001849,0.068169,0.033823,0.034989,0.055327,0.089931,0.051351
2023-07-17,0.003157,0.035860,0.039680,0.028684,0.031203,0.045904,0.032828,0.006084,0.063462,0.069792,0.051404,0.055663,0.079987,0.058395
2023-07-18,0.001453,0.012594,0.010509,0.007872,0.009541,0.016917,0.014750,0.002982,0.023405,0.019652,0.014852,0.017898,0.031081,0.027250
2023-07-19,0.937814,0.805377,0.767853,0.769645,0.749542,0.695209,0.736715,3.999814,3.223752,3.016717,3.026477,2.917724,2.631765,2.849165
2023-07-20,0.301442,0.017950,0.016984,0.019919,0.012905,0.018400,0.000362,0.431587,0.032896,0.031199,0.036340,0.023962,0.033686,0.000716
2023-07-21,0.032215,0.042120,0.011999,0.028247,0.070524,0.104280,0.036159,0.057365,0.073806,0.022337,0.050661,0.119069,0.170066,0.063960
2023-07-24,0.000392,0.003395,0.000934,0.002397,0.021514,0.023394,0.002885,0.000794,0.006534,0.001830,0.004641,0.039113,0.042361,0.005569
2023-07-25,0.170726,0.312581,0.223979,0.202560,0.190099,0.240627,0.239878,0.264011,0.445053,0.334614,0.306649,0.290118,0.355982,0.355028
2023-07-26,0.387385,0.122028,0.114510,0.145193,0.117052,0.093412,0.088384,1.227455,0.312386,0.290758,0.380653,0.298042,0.231499,0.217696
2023-07-27,0.008404,0.002330,0.000230,0.001530,0.008504,0.003157,0.008099,0.015827,0.004813,0.000465,0.003141,0.018104,0.006558,0.017216
2023-07-28,0.015307,0.014214,0.004675,0.008065,0.004001,0.020226,0.016437,0.028238,0.026298,0.008938,0.015207,0.007674,0.036875,0.030236
2023-07-31,0.060778,0.069126,0.070732,0.081850,0.098472,0.133383,0.067444,0.103816,0.116897,0.119391,0.136477,0.161473,0.212134,0.114277
2023-08-01,0.007211,0.083614,0.051732,0.058318,0.068580,0.096872,0.064139,0.013639,0.139161,0.089408,0.099924,0.116047,0.159095,0.109106
2023-08-02,0.136907,0.033950,0.030416,0.041647,0.034096,0.024285,0.030303,0.355957,0.077069,0.068567,0.095884,0.077422,0.054034,0.068297
2023-08-03,0.000146,0.003588,0.001672,0.003908,0.012417,0.004162,0.012901,0.000294,0.007471,0.003438,0.008153,0.026787,0.008695,0.027872
2023-08-04,0.608097,0.655068,0.669034,0.649813,0.691467,0.575551,0.691753,2.197363,2.427931,2.498135,2.401710,2.612497,2.042604,2.613968
2023-08-07,0.199336,0.000799,0.000446,0.001336,0.004386,0.006917,0.003248,0.302391,0.001568,0.000879,0.002609,0.008397,0.013099,0.006751
2023-08-08,0.022119,0.021182,0.000795,0.005100,0.052375,0.056097,0.016052,0.040160,0.038537,0.001561,0.009731,0.090442,0.096393,0.029556
2023-08-09,0.003817,0.009895,0.004694,0.003392,0.040291,0.027502,0.005540,0.007329,0.018540,0.008973,0.006529,0.070800,0.049395,0.010551
2023-08-10,0.000432,0.012151,0.000992,0.000031,0.000487,0.001934,0.007186,0.000876,0.022611,0.001944,0.000062,0.000959,0.003756,0.013594
2023-08-11,0.016397,0.027870,0.032171,0.014853,0.014035,0.023571,0.032478,0.030165,0.050021,0.057291,0.027432,0.025978,0.042665,0.057807
2023-08-14,0.002954,0.019481,0.016080,0.012429,0.012075,0.019505,0.032340,0.005699,0.035576,0.029606,0.023110,0.022474,0.035619,0.057576
2023-08-15,0.035808,0.074114,0.072647,0.066397,0.059090,0.077326,0.100199,0.063375,0.124622,0.122358,0.112643,0.101147,0.129562,0.164036
2023-08-16,0.087190,0.016451,0.017734,0.021032,0.021998,0.012111,0.010576,0.214437,0.035906,0.038839,0.046444,0.048690,0.026102,0.022680
2023-08-17,0.043075,0.059736,0.047596,0.057400,0.094875,0.072746,0.074772,0.099417,0.141571,0.110688,0.135561,0.235538,0.175598,0.180981
2023-08-18,0.060479,0.019266,0.016434,0.016351,0.005074,0.010722,0.010836,0.103344,0.035201,0.030231,0.030084,0.009682,0.020038,0.020243
2023-08-21,0.004875,0.012598,0.008392,0.012247,0.022147,0.030864,0.011125,0.009312,0.023413,0.015804,0.022782,0.040208,0.055092,0.020764
2023-08-22,0.012997,0.039546,0.030582,0.031182,0.038662,0.049872,0.027291,0.024125,0.069571,0.054615,0.055627,0.068111,0.086415,0.049036
2023-08-23,0.002971,0.040973,0.034417,0.026053,0.022868,0.036797,0.029744,0.005732,0.071922,0.061056,0.046924,0.041453,0.065020,0.053199
2023-08-24,0.036357,0.005154,0.002325,0.005948,0.007793,0.002687,0.005461,0.082910,0.010820,0.004803,0.012532,0.016545,0.005565,0.011480
2023-08-25,0.141486,0.143573,0.130408,0.142957,0.187269,0.152705,0.163312,0.369566,0.375800,0.336800,0.373959,0.510683,0.403306,0.435713
2023-08-28,0.195163,0.068847,0.068661,0.068127,0.041177,0.051512,0.044643,0.296861,0.116463,0.116173,0.115342,0.072257,0.089055,0.077934
2023-08-29,0.014261,0.000037,0.002395,0.000543,0.001198,0.004947,0.000272,0.030935,0.000075,0.004951,0.001104,0.002342,0.009445,0.000551
2023-08-30,0.003348,0.001570,0.001828,0.002722,0.001418,0.000277,0.007166,0.006962,0.003224,0.003763,0.005638,0.002908,0.000560,0.015177
2023-08-31,0.042868,0.061457,0.044813,0.034663,0.022042,0.035699,0.037850,0.075031,0.104888,0.078210,0.061466,0.040027,0.063195,0.066767
2023-09-01,0.000950,0.017558,0.022518,0.015318,0.018163,0.030865,0.017497,0.001861,0.032210,0.040850,0.028257,0.033272,0.055093,0.032101
2023-09-05,0.000247,0.013413,0.013840,0.010549,0.009626,0.018461,0.011379,0.000488,0.024870,0.025630,0.019725,0.018052,0.033793,0.021223
2023-09-06,0.462988,0.335577,0.331530,0.359586,0.385239,0.336898,0.340244,1.538697,1.026827,1.011589,1.118517,1.218937,1.031813,1.044474
2023-09-07,0.007282,0.132446,0.117211,0.130865,0.190865,0.185416,0.193463,0.015430,0.342787,0.298498,0.338143,0.522145,0.504798,0.530460
2023-09-08,0.107809,0.014537,0.003605,0.007555,0.020981,0.014754,0.011501,0.175253,0.026872,0.006930,0.014272,0.038187,0.027256,0.021441
2023-09-11,0.001861,0.002205,0.000055,0.000323,0.041893,0.024049,0.002711,0.003618,0.004275,0.000110,0.000638,0.073433,0.043488,0.005239
2023-09-12,0.121745,0.080451,0.120747,0.132793,0.066423,0.089198,0.091847,0.311568,0.196181,0.308681,0.343809,0.158943,0.219922,0.227189
2023-09-13,0.143528,0.065087,0.054169,0.031973,0.040616,0.026364,0.057927,0.226444,0.110593,0.093316,0.056958,0.071335,0.047456,0.099302
2023-09-14,0.005036,0.024103,0.015155,0.011623,0.042215,0.031764,0.054734,0.009613,0.043581,0.027968,0.021662,0.073963,0.056607,0.094218
2023-09-15,0.156647,0.211015,0.208840,0.196854,0.260311,0.231993,0.280582,0.244705,0.317754,0.314905,0.299104,0.380860,0.344939,0.406064
2023-09-18,0.012623,0.030119,0.019602,0.014227,0.019288,0.024429,0.060433,0.027249,0.053833,0.035788,0.026319,0.035240,0.044141,0.103272
2023-09-19,0.002434,0.023600,0.043412,0.027362,0.013591,0.018652,0.044551,0.004711,0.042716,0.075922,0.049158,0.025188,0.034128,0.077784
2023-09-20,0.164221,0.080027,0.075445,0.078341,0.106879,0.092385,0.052742,0.438512,0.195041,0.182772,0.190513,0.269076,0.228669,0.123674
2023-09-21,0.000966,0.012602,0.005102,0.004635,0.027078,0.018057,0.016025,0.001893,0.027201,0.010707,0.009705,0.060620,0.039579,0.034935
2023-09-22,0.019422,0.009136,0.003507,0.009025,0.003752,0.009017,0.002760,0.035473,0.017161,0.006744,0.016960,0.007207,0.016944,0.005332
2023-09-25,0.005279,0.001648,0.002542,0.001080,0.000000,0.000226,0.005948,0.011089,0.003388,0.005259,0.002208,0.000000,0.000448,0.012531
2023-09-26,0.000894,0.000014,0.000891,0.001372,0.002395,0.000923,0.004617,0.001824,0.000028,0.001819,0.002814,0.004949,0.001883,0.009667
2023-09-27,0.022904,0.019067,0.020837,0.028437,0.037072,0.028559,0.033012,0.050801,0.041900,0.045992,0.063845,0.084653,0.064135,0.074804
2023-09-28,0.017197,0.042550,0.042496,0.048172,0.052113,0.050508,0.055017,0.037609,0.098116,0.097982,0.112135,0.122076,0.118016,0.129464
2023-09-29,0.098454,0.043821,0.033478,0.032684,0.043704,0.035543,0.038189,0.161447,0.076591,0.059484,0.058154,0.076400,0.062934,0.067329
2023-10-02,0.037879,0.011200,0.019151,0.019463,0.003094,0.004783,0.007425,0.086623,0.024067,0.042094,0.042813,0.006425,0.010022,0.015740
2023-10-03,0.007307,0.002244,0.001901,0.000319,0.001683,0.000350,0.000940,0.013816,0.004349,0.003695,0.000630,0.003275,0.000691,0.001842
2023-10-04,0.004389,0.012212,0.006610,0.003279,0.004065,0.004186,0.014989,0.008403,0.022721,0.012532,0.006315,0.007796,0.008023,0.027675
2023-10-05,0.006913,0.012277,0.016532,0.010990,0.016590,0.015423,0.019821,0.013090,0.022837,0.030404,0.020521,0.030506,0.028444,0.036169
2023-10-06,0.002847,0.000830,0.000301,0.000004,0.000016,0.000084,0.003143,0.005902,0.001628,0.000595,0.000008,0.000033,0.000166,0.006057
2023-10-09,0.011609,0.017848,0.021354,0.014791,0.007513,0.011038,0.020628,0.021636,0.032718,0.038835,0.027322,0.014195,0.020608,0.037574
2023-10-10,0.010899,0.033011,0.033064,0.029767,0.021328,0.030180,0.038706,0.020356,0.058702,0.058791,0.053238,0.038790,0.053936,0.068184
2023-10-11,0.008711,0.000085,0.000441,0.000179,0.000039,0.000463,0.001115,0.018559,0.000168,0.000870,0.000355,0.000077,0.000912,0.002182
2023-10-12,0.012241,0.005019,0.003787,0.005233,0.016545,0.009350,0.007186,0.026391,0.010529,0.007894,0.010989,0.036121,0.019965,0.015219
2023-10-13,0.006605,0.003766,0.004285,0.003995,0.000000,0.001220,0.001028,0.012523,0.007234,0.008207,0.007664,0.000001,0.002384,0.002013
2023-10-16,0.001198,0.000030,0.000105,0.000004,0.000507,0.000005,0.000481,0.002453,0.000061,0.000212,0.000007,0.001030,0.000011,0.000976
2023-10-17,0.008224,0.005919,0.006895,0.006517,0.010659,0.006818,0.012251,0.017488,0.012470,0.014587,0.013764,0.022865,0.014418,0.026414
2023-10-18,0.016635,0.020107,0.023594,0.026695,0.039401,0.033627,0.035166,0.036325,0.044302,0.052415,0.059714,0.090353,0.076289,0.080015
2023-10-19,0.040594,0.075049,0.077477,0.083974,0.091789,0.094677,0.093918,0.093286,0.181718,0.188200,0.205696,0.227029,0.234990,0.232893
2023-10-20,0.136398,0.050935,0.043117,0.040066,0.052974,0.036062,0.043993,0.216404,0.088127,0.075439,0.070429,0.091402,0.063799,0.076872
2023-10-23,0.049117,0.015416,0.028289,0.027434,0.004363,0.006843,0.011034,0.114509,0.033550,0.063492,0.061464,0.009122,0.014472,0.023697
2023-10-24,0.041399,0.021486,0.022724,0.014504,0.023575,0.014881,0.016779,0.072622,0.039064,0.041205,0.026813,0.042672,0.027482,0.030839
2023-10-25,0.001119,0.004905,0.000803,0.000025,0.000392,0.000398,0.007097,0.002289,0.009368,0.001576,0.000049,0.000774,0.000785,0.013429
2023-10-26,0.192607,0.189136,0.162824,0.188318,0.183061,0.186503,0.169162,0.527717,0.516628,0.434212,0.514020,0.497337,0.508248,0.453793
2023-10-27,0.025561,0.000773,0.001876,0.003818,0.008719,0.018409,0.000761,0.046083,0.001575,0.003863,0.007961,0.018576,0.040387,0.001550
2023-10-30,0.044472,0.024222,0.014812,0.015377,0.045028,0.025908,0.034376,0.077655,0.043785,0.027359,0.028361,0.078561,0.046676,0.060986
2023-10-31,0.001263,0.005987,0.003426,0.003951,0.034965,0.020663,0.013799,0.002466,0.011380,0.006593,0.007581,0.061969,0.037634,0.025557
2023-11-01,0.003095,0.000570,0.000052,0.000886,0.000000,0.000406,0.001392,0.006426,0.001122,0.000105,0.001808,0.000001,0.000824,0.002715
2023-11-02,0.058987,0.066585,0.070308,0.052068,0.043965,0.038622,0.076159,0.100984,0.112936,0.118734,0.089949,0.076827,0.068044,0.127772
2023-11-03,0.257853,0.152535,0.151137,0.158150,0.159357,0.149709,0.110895,0.745391,0.402790,0.398558,0.419881,0.423571,0.394243,0.280453
2023-11-06,0.202244,0.068575,0.082455,0.073187,0.046512,0.033206,0.070224,0.306231,0.116040,0.137399,0.123192,0.080975,0.059029,0.118604
2023-11-07,0.012850,0.060430,0.038334,0.044837,0.059815,0.060763,0.083840,0.023863,0.103267,0.067569,0.078249,0.102295,0.103793,0.139504
2023-11-08,0.024114,0.060320,0.081313,0.077147,0.089778,0.095608,0.078607,0.043600,0.103093,0.135660,0.129289,0.148477,0.157211,0.131527
2023-11-09,0.102211,0.012706,0.017814,0.021607,0.034185,0.025381,0.011989,0.255950,0.027435,0.039021,0.047780,0.077637,0.056611,0.025828
2023-11-10,0.111062,0.079402,0.119931,0.094781,0.039992,0.048131,0.075681,0.180011,0.132742,0.192884,0.155977,0.070307,0.083601,0.127035
2023-11-13,0.011790,0.069121,0.068055,0.074663,0.064251,0.080401,0.084840,0.021962,0.116889,0.115229,0.125469,0.109281,0.134269,0.141021
2023-11-14,0.015451,0.000169,0.003650,0.003713,0.005810,0.007737,0.005821,0.033630,0.000335,0.007014,0.007133,0.011051,0.014606,0.011072
2023-11-15,0.010816,0.037112,0.042446,0.037989,0.025765,0.028131,0.027692,0.020207,0.065543,0.074340,0.066997,0.046432,0.050465,0.049719
2023-11-16,0.069604,0.022796,0.012529,0.015114,0.013350,0.012371,0.014970,0.167295,0.050549,0.027037,0.032866,0.028882,0.026682,0.032539
2023-11-17,0.024934,0.012269,0.022203,0.021374,0.009317,0.013118,0.003552,0.045009,0.022822,0.040305,0.038869,0.017491,0.024343,0.006830
2023-11-20,0.021317,0.055893,0.050828,0.055948,0.055970,0.068813,0.040976,0.038771,0.096068,0.087955,0.096156,0.096190,0.116411,0.071928
2023-11-21,0.005116,0.041587,0.051184,0.050655,0.078009,0.084770,0.044493,0.009761,0.072932,0.088527,0.087676,0.130610,0.140915,0.077689
2023-11-22,0.132129,0.036477,0.034670,0.039095,0.016364,0.020475,0.033924,0.341854,0.083202,0.078813,0.089601,0.035707,0.045152,0.077008
2023-11-24,0.553410,0.482872,0.533099,0.492685,0.438041,0.442455,0.399348,0.713692,0.638910,0.692445,0.649484,0.589844,0.594732,0.546436
2023-11-27,0.152454,0.000706,0.001532,0.000452,0.040462,0.024513,0.014190,0.402544,0.001437,0.003145,0.000916,0.071081,0.044285,0.026255
2023-11-28,0.013276,0.025359,0.051565,0.042243,0.097995,0.068773,0.064912,0.024624,0.045736,0.089140,0.074008,0.160766,0.116348,0.110318
2023-11-29,0.002500,0.019463,0.011496,0.011662,0.059182,0.029408,0.039224,0.005172,0.035545,0.021434,0.021733,0.101293,0.052632,0.069039
2023-11-30,0.147977,0.106082,0.070356,0.071436,0.016270,0.032789,0.040052,0.389020,0.266830,0.169278,0.172131,0.035492,0.074265,0.091954
2023-12-01,0.004659,0.000069,0.001114,0.000201,0.000046,0.000382,0.008449,0.008908,0.000140,0.002278,0.000406,0.000092,0.000774,0.017983
2023-12-04,0.002186,0.003285,0.000653,0.001831,0.006163,0.009785,0.000129,0.004238,0.006326,0.001285,0.003560,0.011705,0.018341,0.000260
2023-12-05,0.346459,0.296619,0.327083,0.310470,0.241675,0.218813,0.347175,1.068111,0.882802,0.994924,0.933331,0.689813,0.613062,1.070843
2023-12-06,0.266954,0.094411,0.070093,0.062093,0.045533,0.046265,0.016370,0.389164,0.155423,0.118399,0.105890,0.079383,0.080575,0.030117
2023-12-07,0.024597,0.088232,0.046754,0.052010,0.101493,0.124987,0.057914,0.044430,0.146148,0.081368,0.089856,0.165951,0.200157,0.099282
2023-12-08,0.000013,0.020275,0.016598,0.014719,0.050726,0.063041,0.027105,0.000025,0.036960,0.030520,0.027195,0.087791,0.107382,0.048720
2023-12-11,0.005399,0.062515,0.037394,0.028392,0.043897,0.046982,0.050776,0.010289,0.106553,0.066011,0.050909,0.076716,0.081739,0.087871
2023-12-12,0.000761,0.012147,0.014817,0.008452,0.024698,0.022555,0.029539,0.001551,0.022603,0.027369,0.015915,0.044603,0.040914,0.052853
2023-12-13,0.080854,0.037716,0.040672,0.038327,0.017146,0.020155,0.024259,0.197267,0.086226,0.093480,0.087720,0.037493,0.044413,0.053974
2023-12-14,0.001130,0.006969,0.010856,0.009287,0.012362,0.010127,0.015330,0.002311,0.014748,0.023301,0.019826,0.026663,0.021684,0.033355
2023-12-15,0.035721,0.026463,0.014482,0.019516,0.019385,0.028873,0.006376,0.063231,0.047625,0.026774,0.035636,0.035408,0.051725,0.012100
2023-12-18,0.000409,0.005109,0.000559,0.002177,0.011869,0.017750,0.000698,0.000829,0.009748,0.001101,0.004222,0.022104,0.032546,0.001371
2023-12-19,0.043709,0.086364,0.064730,0.063639,0.083951,0.092740,0.053702,0.076407,0.143329,0.110033,0.108321,0.139672,0.152924,0.092568
2023-12-20,0.015489,0.004224,0.001108,0.000512,0.011190,0.008829,0.003132,0.033716,0.008093,0.002167,0.001009,0.020881,0.016601,0.006036
2023-12-21,0.051810,0.026088,0.024184,0.029473,0.015582,0.020052,0.028054,0.121311,0.058280,0.053798,0.066315,0.033927,0.044173,0.062936
2023-12-22,0.231127,0.200781,0.179972,0.178126,0.165673,0.175335,0.152489,0.343828,0.304301,0.276535,0.274044,0.257114,0.270268,0.238946
2023-12-26,0.014406,0.122099,0.098874,0.111432,0.223936,0.207439,0.162574,0.026639,0.196008,0.162071,0.180553,0.334559,0.313068,0.252868
2023-12-27,0.128806,0.016927,0.017375,0.017192,0.004271,0.000286,0.001009,0.332108,0.036992,0.038016,0.037597,0.008181,0.000578,0.002062
2023-12-28,0.036265,0.050333,0.050327,0.039004,0.069024,0.036980,0.042719,0.064136,0.087158,0.087148,0.068676,0.116738,0.065324,0.074788
2023-12-29,0.011116,0.054700,0.054372,0.054271,0.133240,0.093474,0.086055,0.020749,0.094164,0.093640,0.093479,0.211931,0.154023,0.142861
2024-01-02,0.752935,0.518126,0.513637,0.492957,0.260085,0.348690,0.386327,2.935964,1.779472,1.759435,1.668123,0.753142,1.076630,1.223252
2024-01-03,0.146231,0.012469,0.010275,0.007034,0.001174,0.000583,0.002535,0.230228,0.023180,0.019230,0.013313,0.002296,0.001148,0.005245
2024-01-04,0.016446,0.006184,0.023972,0.018447,0.006146,0.000787,0.019847,0.035895,0.013043,0.053301,0.040475,0.012961,0.001604,0.043701
2024-01-05,0.025479,0.047632,0.056028,0.054973,0.024060,0.018776,0.063583,0.056843,0.110780,0.132046,0.129351,0.053507,0.041231,0.151535
2024-01-08,0.008394,0.004687,0.000788,0.002021,0.000585,0.000005,0.001571,0.015809,0.008960,0.001606,0.004166,0.001188,0.000010,0.003226
2024-01-09,0.017365,0.019864,0.011616,0.005414,0.019313,0.026015,0.008269,0.031870,0.036244,0.021649,0.010315,0.035284,0.046859,0.015579
2024-01-10,0.003519,0.020031,0.008013,0.005634,0.020335,0.026921,0.013013,0.006767,0.036536,0.015110,0.010726,0.037064,0.048405,0.024155
2024-01-11,0.130227,0.065814,0.087425,0.105448,0.085963,0.071177,0.072962,0.336271,0.157351,0.215080,0.265041,0.211096,0.171445,0.176170
2024-01-12,0.370270,0.253155,0.239157,0.202912,0.182304,0.198332,0.205106,0.513114,0.371863,0.354109,0.307112,0.279675,0.301062,0.310002
2024-01-16,0.275230,0.077289,0.112303,0.109929,0.055483,0.044770,0.056287,0.806255,0.187697,0.284459,0.277711,0.130653,0.103628,0.132709
2024-01-17,0.055309,0.013590,0.018616,0.011075,0.007070,0.009237,0.004570,0.095137,0.025185,0.034065,0.020675,0.013380,0.017346,0.008741
2024-01-18,0.032872,0.004675,0.022062,0.022765,0.023224,0.011906,0.006782,0.074467,0.009790,0.048838,0.050477,0.051549,0.025643,0.014340
2024-01-19,0.079505,0.043149,0.051384,0.043658,0.050845,0.059076,0.033463,0.132900,0.075493,0.088849,0.076324,0.087982,0.101124,0.059460
2024-01-22,0.100454,0.025345,0.057191,0.050529,0.038404,0.030354,0.031816,0.251039,0.056528,0.135026,0.118070,0.087908,0.068418,0.071924
2024-01-23,0.478243,0.377602,0.389868,0.355924,0.337877,0.350749,0.340520,0.633901,0.521575,0.535640,0.496441,0.475234,0.490387,0.478356
2024-01-24,0.130825,0.000326,0.007159,0.005737,0.000848,0.000185,0.000147,0.338024,0.000660,0.015160,0.012075,0.001664,0.000366,0.000292
2024-01-25,0.019334,0.016825,0.005631,0.012212,0.013148,0.017953,0.011016,0.042517,0.036759,0.011848,0.026327,0.028428,0.039340,0.023659
2024-01-26,0.047145,0.053471,0.036969,0.034139,0.019372,0.025562,0.038884,0.082002,0.092198,0.065306,0.060590,0.035386,0.046083,0.068478
2024-01-29,0.069732,0.032920,0.028787,0.027887,0.017096,0.014064,0.017233,0.167632,0.074583,0.064678,0.062539,0.037379,0.030489,0.037692
2024-01-30,0.004923,0.012587,0.017260,0.016034,0.020074,0.015835,0.029654,0.010324,0.027169,0.037754,0.034955,0.044225,0.034503,0.066745
2024-01-31,0.032036,0.039917,0.055785,0.061124,0.066804,0.050409,0.066308,0.072453,0.091620,0.131424,0.145155,0.159940,0.117766,0.158644
2024-02-01,0.053674,0.014055,0.011591,0.008446,0.015324,0.017517,0.003203,0.092524,0.026015,0.021605,0.015903,0.028268,0.032138,0.006172
2024-02-02,0.354887,0.272321,0.336437,0.341124,0.269804,0.260630,0.301595,1.100396,0.795982,1.030073,1.047812,0.787123,0.755037,0.900871
2024-02-05,0.089086,0.001807,0.001329,0.000018,0.001439,0.000172,0.000181,0.147435,0.003513,0.002595,0.000037,0.002807,0.000341,0.000364
2024-02-06,0.154923,0.170586,0.105647,0.099283,0.200220,0.176874,0.181888,0.242321,0.263819,0.172078,0.162678,0.303560,0.272352,0.279115
2024-02-07,0.013304,0.076951,0.067497,0.056363,0.134015,0.096598,0.101484,0.024675,0.128988,0.114359,0.096816,0.213030,0.158686,0.165938
2024-02-08,0.044458,0.173569,0.150889,0.120867,0.124081,0.120809,0.182965,0.077631,0.267874,0.236723,0.194234,0.198857,0.194151,0.280564
2024-02-09,0.002508,0.082332,0.099640,0.067909,0.075960,0.065782,0.146267,0.004853,0.137212,0.163207,0.115002,0.127466,0.111681,0.230279
2024-02-12,0.022851,0.000326,0.004790,0.001645,0.006391,0.000795,0.015013,0.050679,0.000644,0.009153,0.003202,0.012127,0.001560,0.027717
2024-02-13,0.040808,0.020386,0.011887,0.013958,0.012923,0.023470,0.003640,0.093813,0.044946,0.025600,0.030251,0.027921,0.052125,0.007581
2024-02-14,0.000701,0.004833,0.002403,0.002107,0.005922,0.005196,0.005468,0.001428,0.010131,0.004968,0.004346,0.012476,0.010910,0.011495
2024-02-15,0.072159,0.081970,0.088107,0.078528,0.083351,0.068707,0.115482,0.174044,0.200277,0.216940,0.191015,0.204009,0.164935,0.293541
2024-02-16,0.000171,0.018141,0.023440,0.022417,0.023648,0.017620,0.051287,0.000345,0.039773,0.052054,0.049664,0.052541,0.038576,0.119986
2024-02-20,0.011613,0.003139,0.000012,0.000016,0.002187,0.003641,0.000290,0.021643,0.006051,0.000024,0.000032,0.004242,0.006998,0.000587
2024-02-21,0.216390,0.236346,0.200494,0.192167,0.259378,0.253718,0.196841,0.324768,0.350517,0.303922,0.292875,0.379690,0.372572,0.299087
2024-02-22,0.001090,0.055287,0.037291,0.033032,0.060722,0.058179,0.039527,0.002230,0.095101,0.065840,0.058736,0.103728,0.099702,0.069539
2024-02-23,0.005342,0.007777,0.012964,0.004807,0.006919,0.004417,0.007084,0.011225,0.014679,0.024067,0.009184,0.013101,0.008456,0.013406
2024-02-26,0.007737,0.034471,0.042254,0.029142,0.025999,0.022641,0.035529,0.014605,0.061146,0.074025,0.052180,0.046832,0.041061,0.062911
2024-02-27,0.339746,0.231410,0.205690,0.211529,0.185575,0.198178,0.179615,1.042587,0.655090,0.569972,0.589058,0.505301,0.545623,0.486465
2024-02-28,0.189001,0.054440,0.060799,0.059811,0.041098,0.044753,0.032910,0.288653,0.093749,0.103849,0.102288,0.072127,0.078112,0.058532
2024-02-29,0.042112,0.005386,0.018724,0.012193,0.005540,0.001404,0.007188,0.097032,0.011318,0.041111,0.026285,0.011652,0.002880,0.015223
2024-03-01,0.008369,0.002823,0.004399,0.003270,0.004127,0.005581,0.000066,0.015761,0.005451,0.008421,0.006298,0.007911,0.010626,0.000132
2024-03-04,0.056159,0.019658,0.039639,0.043450,0.045861,0.033608,0.044874,0.132382,0.043264,0.090937,0.100347,0.106347,0.076242,0.103887
2024-03-05,0.015633,0.001793,0.003768,0.000845,0.000483,0.001407,0.000000,0.028814,0.003486,0.007238,0.001659,0.000952,0.002744,0.000000
2024-03-06,0.013561,0.005078,0.015125,0.014395,0.011021,0.006346,0.013349,0.029356,0.010656,0.032890,0.031238,0.023669,0.013395,0.028878
2024-03-07,0.000003,0.001282,0.002527,0.003862,0.002069,0.001669,0.002320,0.000006,0.002625,0.005227,0.008055,0.004267,0.003430,0.004793
2024-03-08,0.082760,0.078266,0.109260,0.112037,0.100863,0.094836,0.099257,0.202410,0.190312,0.275812,0.283701,0.252180,0.235429,0.247700
2024-03-11,0.126873,0.043640,0.035254,0.029310,0.048121,0.036242,0.042013,0.202859,0.076295,0.062453,0.052466,0.083586,0.064097,0.073631
2024-03-12,0.090167,0.040135,0.073309,0.068459,0.034559,0.039337,0.038144,0.222578,0.092157,0.177091,0.164282,0.078544,0.090195,0.087271
2024-03-13,0.265976,0.167923,0.162656,0.143868,0.182946,0.145542,0.162405,0.387945,0.260190,0.252980,0.226921,0.280538,0.229266,0.252636
2024-03-14,0.119455,0.013568,0.033322,0.035732,0.023015,0.020564,0.013678,0.304955,0.029373,0.075553,0.081390,0.051062,0.045358,0.029619
2024-03-15,0.043148,0.018664,0.032886,0.019408,0.013389,0.010919,0.015483,0.075491,0.034148,0.058492,0.035448,0.024827,0.020393,0.028550
2024-03-18,0.074626,0.026043,0.043977,0.046024,0.057013,0.043957,0.026692,0.180593,0.058173,0.101657,0.106754,0.134567,0.101607,0.059706
2024-03-19,0.095671,0.039225,0.054408,0.044819,0.041784,0.037721,0.046679,0.157305,0.069041,0.093697,0.078220,0.073255,0.066553,0.081247
2024-03-20,0.001708,0.007510,0.000862,0.002050,0.002695,0.004952,0.005846,0.003513,0.014188,0.001691,0.003979,0.005208,0.009455,0.011118
2024-03-21,0.153551,0.126414,0.113212,0.124067,0.137694,0.132705,0.118904,0.405873,0.325124,0.287051,0.318298,0.358290,0.343550,0.303366
2024-03-22,0.120290,0.045142,0.037616,0.032452,0.023190,0.021670,0.033795,0.193403,0.078746,0.066380,0.057763,0.042008,0.039383,0.060015
2024-03-25,0.031702,0.066265,0.051995,0.051931,0.046954,0.073879,0.081793,0.056503,0.112435,0.089832,0.089728,0.081693,0.124260,0.136391
2024-03-26,0.049529,0.121574,0.121380,0.116840,0.193737,0.144845,0.119184,0.085861,0.195253,0.194973,0.188414,0.294966,0.228290,0.191805
2024-03-27,0.157897,0.025182,0.027691,0.038041,0.003713,0.031081,0.024501,0.419108,0.056143,0.062073,0.087021,0.007134,0.070161,0.054542
2024-03-28,0.102382,0.070480,0.109079,0.076413,0.126675,0.039440,0.057472,0.167266,0.119001,0.177113,0.128161,0.202575,0.069397,0.098580
2024-04-01,0.079658,0.187788,0.182186,0.183239,0.445309,0.199369,0.197989,0.133134,0.287031,0.279516,0.280932,0.597886,0.302434,0.300609
2024-04-02,0.032137,0.001972,0.006958,0.006436,0.244281,0.023633,0.020778,0.072696,0.003829,0.013174,0.012210,0.360632,0.042773,0.037834
2024-04-03,0.098605,0.039679,0.029416,0.038664,0.029129,0.042414,0.041024,0.245884,0.091036,0.066179,0.088545,0.052159,0.097780,0.094347
2024-04-04,0.005647,0.018741,0.008534,0.015169,0.006962,0.033012,0.028962,0.011882,0.041151,0.018169,0.032991,0.013180,0.074803,0.065095
2024-04-05,0.136013,0.090627,0.093284,0.099042,0.200415,0.096643,0.061181,0.215860,0.149755,0.153739,0.162321,0.303817,0.158754,0.104451
2024-04-08,0.064492,0.178479,0.153188,0.168811,0.521200,0.250238,0.161474,0.109660,0.274521,0.239917,0.261401,0.679893,0.368180,0.251356
2024-04-09,0.674806,0.304639,0.300872,0.324107,0.008347,0.220611,0.284990,2.527375,0.911969,0.898239,0.983811,0.017759,0.619021,0.840963
2024-04-10,0.006845,0.013978,0.005060,0.017377,0.002838,0.054999,0.050743,0.012965,0.030295,0.010617,0.038020,0.005882,0.129417,0.118609
2024-04-11,0.000577,0.007156,0.014332,0.014281,0.003883,0.012386,0.012309,0.001172,0.015155,0.031095,0.030980,0.008098,0.026718,0.026544
2024-04-12,0.070941,0.123098,0.134062,0.122248,0.118916,0.081988,0.133225,0.170823,0.315485,0.347548,0.313023,0.303402,0.200326,0.345081
2024-04-15,0.005517,0.036979,0.074850,0.075844,0.189800,0.068047,0.056521,0.011602,0.084426,0.181188,0.183836,0.518744,0.163200,0.133309
2024-04-16,0.009272,0.044529,0.068022,0.084365,0.285553,0.060510,0.051985,0.019794,0.103027,0.163135,0.206756,0.842976,0.143569,0.121753
2024-04-17,0.210376,0.104544,0.071217,0.062310,0.007331,0.096148,0.097137,0.316918,0.170454,0.120144,0.106232,0.015536,0.158016,0.159489
2024-04-18,0.029051,0.103284,0.056865,0.052287,0.013569,0.110240,0.131914,0.052027,0.168598,0.097614,0.090300,0.025147,0.178811,0.210047
2024-04-19,0.000853,0.018254,0.014500,0.006370,0.008354,0.013664,0.021644,0.001740,0.033430,0.026805,0.012089,0.015735,0.025318,0.039337
2024-04-22,0.000000,0.012024,0.010949,0.003488,0.008992,0.000692,0.012766,0.000000,0.022383,0.020448,0.006710,0.016899,0.001360,0.023713
2024-04-23,0.000067,0.003610,0.006308,0.002906,0.011319,0.000443,0.011681,0.000133,0.006939,0.011975,0.005608,0.021114,0.000874,0.021766
2024-04-24,0.056606,0.040585,0.041981,0.038483,0.017289,0.046689,0.027645,0.133527,0.093264,0.096709,0.088102,0.037818,0.108417,0.061963
2024-04-25,0.002614,0.000787,0.002067,0.002096,0.008232,0.001933,0.000120,0.005055,0.001603,0.004263,0.004322,0.017507,0.003982,0.000243
2024-04-26,0.052071,0.047876,0.031195,0.033449,0.020681,0.045603,0.048628,0.089953,0.083188,0.055650,0.059435,0.037666,0.079498,0.084406
2024-04-29,0.112178,0.053303,0.066662,0.066696,0.032431,0.049924,0.061232,0.284104,0.125097,0.159568,0.159658,0.073405,0.116542,0.145434
2024-04-30,0.066340,0.113988,0.124508,0.141532,0.213718,0.141991,0.136955,0.158726,0.289266,0.319578,0.369705,0.596248,0.371073,0.356098
2024-05-01,0.019515,0.000525,0.003652,0.006381,0.110569,0.002585,0.000013,0.035636,0.001066,0.007607,0.013470,0.279526,0.005350,0.000026
2024-05-02,0.059765,0.033918,0.020078,0.020346,0.006532,0.040918,0.049573,0.102215,0.060221,0.036617,0.037084,0.013797,0.071832,0.085932
2024-05-03,0.077946,0.036499,0.057637,0.061941,0.121871,0.046489,0.031295,0.189456,0.083256,0.136169,0.147271,0.311931,0.107917,0.070675
2024-05-06,0.043049,0.018471,0.014882,0.005210,0.026165,0.004967,0.018957,0.075328,0.033810,0.027485,0.009936,0.058461,0.009483,0.034662
2024-05-07,0.000002,0.003668,0.001040,0.000006,0.019164,0.000310,0.007439,0.000004,0.007049,0.002036,0.000011,0.042125,0.000614,0.014058
2024-05-08,0.397795,0.399122,0.417330,0.377779,0.235193,0.380904,0.439354,0.544672,0.546179,0.566737,0.521779,0.349042,0.525372,0.591299
2024-05-09,0.015919,0.048669,0.039340,0.030503,0.164351,0.040027,0.066882,0.034693,0.084471,0.069231,0.054482,0.255305,0.070364,0.113400
2024-05-10,0.001446,0.031696,0.067012,0.037515,0.180498,0.024124,0.055042,0.002820,0.056493,0.113602,0.066212,0.277244,0.043617,0.094711
2024-05-13,0.003357,0.010363,0.017850,0.008517,0.145970,0.002229,0.019613,0.006982,0.019389,0.032722,0.016033,0.229864,0.004320,0.035807
2024-05-14,0.020516,0.008736,0.000339,0.001990,0.054196,0.004607,0.000018,0.045248,0.018612,0.000686,0.004100,0.093359,0.009646,0.000036
2024-05-15,0.048510,0.049565,0.056594,0.056719,0.198506,0.049324,0.042614,0.084214,0.085919,0.097183,0.097382,0.301292,0.085529,0.074616
2024-05-16,0.003576,0.039022,0.040438,0.040245,0.270645,0.052175,0.045876,0.006875,0.068705,0.071041,0.070723,0.393760,0.090120,0.079942
2024-05-17,0.106052,0.216269,0.235118,0.223030,0.711928,0.246524,0.206718,0.172674,0.324611,0.348946,0.333387,0.872494,0.363479,0.312122
2024-05-20,0.134731,0.004137,0.003102,0.005665,0.247810,0.000304,0.000037,0.349521,0.008641,0.006442,0.011920,0.365108,0.000614,0.000074
2024-05-21,0.074161,0.089700,0.134519,0.104541,0.556838,0.095644,0.112174,0.124695,0.148360,0.213745,0.170450,0.717257,0.157265,0.181634
2024-05-22,0.124565,0.019326,0.020111,0.021608,0.174592,0.009972,0.004146,0.319742,0.042498,0.044310,0.047781,0.269262,0.021341,0.008660
2024-05-23,0.139927,0.173322,0.130351,0.143719,0.000231,0.132015,0.142750,0.364922,0.466741,0.336635,0.376238,0.000457,0.341521,0.373340
2024-05-24,0.102964,0.036386,0.024110,0.023014,0.103146,0.028516,0.011348,0.168125,0.064337,0.043593,0.041706,0.168393,0.051120,0.021166
2024-05-28,0.231361,0.158777,0.188357,0.178497,0.020257,0.107256,0.181773,0.654925,0.421796,0.514145,0.482949,0.044649,0.270143,0.493270
2024-05-29,0.098839,0.020972,0.016322,0.013360,0.016893,0.026927,0.007013,0.162018,0.038171,0.030033,0.024775,0.031039,0.048415,0.013274
2024-05-30,0.002272,0.027753,0.005997,0.004369,0.043956,0.023848,0.011707,0.004403,0.049823,0.011399,0.008366,0.076812,0.043142,0.021812
2024-05-31,0.002309,0.000108,0.000310,0.000243,0.023245,0.002153,0.001152,0.004769,0.000214,0.000613,0.000492,0.042104,0.004177,0.002357
2024-06-03,0.013061,0.001740,0.008116,0.012946,0.001592,0.007008,0.012057,0.028231,0.003579,0.017252,0.027973,0.003101,0.014832,0.025980
2024-06-04,0.020941,0.016685,0.014403,0.008154,0.031802,0.014693,0.016742,0.038117,0.030673,0.026634,0.015370,0.056672,0.027148,0.030773
2024-06-05,0.000069,0.004593,0.000629,0.000745,0.032548,0.006285,0.000952,0.000139,0.008785,0.001237,0.001463,0.057926,0.011931,0.001866
2024-06-06,0.002071,0.009713,0.004856,0.004545,0.049056,0.010579,0.008436,0.004019,0.018210,0.009277,0.008695,0.085098,0.019779,0.015884
2024-06-07,0.000056,0.006304,0.001510,0.001243,0.048265,0.004113,0.001695,0.000112,0.011966,0.002943,0.002428,0.083818,0.007885,0.003298
2024-06-10,0.853848,0.751855,0.789615,0.795495,0.497830,0.751718,0.796961,3.499530,2.930157,3.136106,3.168682,1.689494,2.929420,3.176832
2024-06-11,0.012925,0.088356,0.102749,0.107513,0.423805,0.094131,0.079224,0.023996,0.217621,0.257459,0.270867,1.374659,0.233482,0.192883
2024-06-12,0.070818,0.196756,0.332302,0.287146,0.810855,0.152422,0.170888,0.170497,0.541041,1.014491,0.848678,3.254447,0.402449,0.459156
2024-06-13,0.157416,0.008651,0.000169,0.001159,0.287899,0.030568,0.001551,0.245767,0.016277,0.000335,0.002267,0.851377,0.054592,0.003022
2024-06-14,0.026708,0.048872,0.002918,0.004202,0.117401,0.036297,0.034642,0.048043,0.084800,0.005631,0.008053,0.299045,0.064189,0.061431
2024-06-17,0.026231,0.010856,0.019984,0.035939,0.252671,0.021589,0.012313,0.058617,0.023303,0.044017,0.081894,0.727475,0.047737,0.026554
2024-06-18,0.000052,0.000900,0.005470,0.014956,0.253455,0.011926,0.000939,0.000104,0.001836,0.011500,0.032508,0.730179,0.025687,0.001918
2024-06-20,0.000059,0.002245,0.005306,0.010836,0.240646,0.005391,0.000054,0.000118,0.004636,0.011147,0.023257,0.686312,0.011329,0.000107
2024-06-21,0.001109,0.001140,0.003754,0.004497,0.210975,0.001404,0.001511,0.002169,0.002332,0.007825,0.009411,0.587240,0.002879,0.002946
2024-06-24,0.013501,0.022061,0.035683,0.037849,0.328629,0.030025,0.006744,0.029221,0.048835,0.081270,0.086550,1.000710,0.067632,0.014259
2024-06-25,0.325867,0.222698,0.207053,0.188004,0.000112,0.201812,0.275762,0.460973,0.332957,0.312561,0.287319,0.000225,0.305662,0.400107
2024-06-26,0.085910,0.006665,0.013145,0.015070,0.068771,0.012434,0.001780,0.210953,0.014087,0.028420,0.032766,0.165104,0.026826,0.003663
2024-06-27,0.019007,0.007837,0.018912,0.009420,0.023731,0.001825,0.012676,0.034749,0.014788,0.034583,0.017677,0.052736,0.003548,0.023552
2024-06-28,0.047489,0.020495,0.025192,0.032915,0.121988,0.044634,0.014823,0.110420,0.045198,0.056167,0.074569,0.312271,0.103289,0.032206
2024-07-01,0.002305,0.029043,0.013765,0.019179,0.175651,0.028784,0.012968,0.004761,0.065287,0.029816,0.042158,0.474020,0.064671,0.028021
2024-07-02,0.052695,0.024613,0.015960,0.017826,0.035336,0.015312,0.042485,0.090955,0.044457,0.029393,0.032680,0.080429,0.028247,0.074405
2024-07-03,0.110896,0.142676,0.141575,0.135804,0.024972,0.135459,0.179047,0.179770,0.225249,0.223703,0.215564,0.045072,0.215075,0.275287
2024-07-05,0.002503,0.021237,0.024077,0.018147,0.016319,0.014568,0.011663,0.005177,0.038632,0.043536,0.033242,0.030027,0.026927,0.021733
2024-07-08,0.160677,0.089618,0.058188,0.085424,0.076838,0.116738,0.088217,0.427615,0.221073,0.137584,0.209632,0.186492,0.297142,0.217240
2024-07-09,0.105018,0.037302,0.063952,0.043455,0.000697,0.022340,0.048464,0.171153,0.065858,0.108813,0.075993,0.001369,0.040542,0.084140
2024-07-10,0.004027,0.000182,0.000498,0.000532,0.000126,0.001061,0.002989,0.008406,0.000361,0.000981,0.001048,0.000254,0.002078,0.005765
2024-07-11,0.321244,0.323059,0.275883,0.288733,0.352219,0.304179,0.300554,0.973154,0.979907,0.808565,0.854372,1.090144,0.910289,0.897082
2024-07-12,0.231839,0.058008,0.063903,0.047597,0.020688,0.035482,0.074550,0.344742,0.099431,0.108736,0.082736,0.045647,0.062832,0.125294
2024-07-15,0.013082,0.001023,0.003096,0.004167,0.048402,0.000563,0.000398,0.028279,0.002091,0.006429,0.008704,0.112712,0.001144,0.000807
2024-07-16,0.033925,0.018872,0.029172,0.022078,0.003515,0.018766,0.012603,0.060232,0.034513,0.052231,0.040088,0.007316,0.034327,0.023422
2024-07-17,0.076262,0.023820,0.033825,0.045598,0.098009,0.049294,0.029621,0.184951,0.052944,0.076768,0.105692,0.244227,0.114956,0.066667
2024-07-18,0.207492,0.319296,0.253630,0.307567,0.627107,0.339533,0.304576,0.575847,0.965921,0.730783,0.922679,2.289647,1.041783,0.911739
2024-07-19,0.089536,0.000426,0.000021,0.000059,0.267096,0.000294,0.003906,0.148114,0.000840,0.000042,0.000118,0.777615,0.000594,0.007496
2024-07-22,0.097268,0.070002,0.045601,0.050994,0.033716,0.071590,0.107080,0.159684,0.118258,0.079495,0.088223,0.076504,0.120722,0.174184
2024-07-23,0.052564,0.107853,0.092336,0.090208,0.003160,0.087255,0.100993,0.090745,0.175318,0.152319,0.149125,0.006089,0.144675,0.165212
2024-07-24,0.161791,0.041841,0.042747,0.062170,0.108685,0.081038,0.052961,0.431036,0.096363,0.098604,0.147865,0.274183,0.197763,0.124229
2024-07-25,0.034252,0.080830,0.048372,0.079103,0.291442,0.122234,0.074536,0.077801,0.197204,0.112636,0.192558,0.864112,0.312983,0.180351
2024-07-26,0.022603,0.000047,0.000063,0.000162,0.155276,0.001238,0.004135,0.040996,0.000094,0.000127,0.000327,0.411116,0.002535,0.007926
2024-07-29,0.088628,0.057711,0.049093,0.060294,0.008179,0.064402,0.099403,0.146746,0.098960,0.085157,0.103052,0.017390,0.109519,0.162856
2024-07-30,0.024826,0.001574,0.004800,0.003470,0.053847,0.005092,0.000730,0.055307,0.003233,0.010059,0.007222,0.126482,0.010686,0.001487
2024-07-31,0.007723,0.008575,0.004874,0.011643,0.111109,0.025985,0.008808,0.016393,0.018259,0.010217,0.025055,0.281061,0.058037,0.018772
2024-08-01,0.028470,0.038315,0.041072,0.053147,0.251237,0.070187,0.038870,0.063925,0.087690,0.094464,0.124702,0.722534,0.168832,0.089050
2024-08-02,0.192426,0.326947,0.326800,0.331145,0.908361,0.341056,0.280459,0.527138,0.994415,0.993864,1.010145,3.821047,1.047555,0.824803
2024-08-05,0.347806,0.849195,0.870383,0.853687,2.464881,0.826874,0.752308,1.073252,3.472648,3.595772,3.498599,18.963602,3.344892,2.932593
2024-08-06,0.367994,0.005641,0.001354,0.001619,0.977848,0.006711,0.006191,0.510480,0.010738,0.002643,0.003153,4.248553,0.012717,0.013059
2024-08-07,0.069846,0.036498,0.008534,0.013785,0.473643,0.083373,0.009664,0.118016,0.064524,0.016063,0.025533,1.584318,0.138795,0.018121
2024-08-08,0.028358,0.031837,0.029226,0.019948,0.269501,0.040226,0.010810,0.050850,0.056729,0.052322,0.036391,0.786057,0.070693,0.020197
2024-08-09,0.037148,0.098428,0.085710,0.048662,0.099386,0.036643,0.082656,0.065603,0.161409,0.142338,0.084460,0.248058,0.064764,0.137705
2024-08-12,0.001168,0.017361,0.017863,0.003569,0.112518,0.000017,0.006326,0.002390,0.031862,0.032744,0.006861,0.285072,0.000034,0.012007
2024-08-13,0.193495,0.232690,0.258063,0.227692,0.010416,0.150753,0.257457,0.294644,0.345835,0.378039,0.339407,0.019483,0.236534,0.377277
2024-08-14,0.057113,0.000002,0.000103,0.000042,0.010501,0.003682,0.004253,0.134825,0.000005,0.000205,0.000083,0.022512,0.007671,0.008149
2024-08-15,0.113410,0.115198,0.172609,0.155936,0.044767,0.070843,0.150933,0.183434,0.186034,0.266571,0.243721,0.078135,0.119563,0.236784
2024-08-16,0.016291,0.111497,0.122861,0.124308,0.139162,0.076925,0.131389,0.029979,0.180646,0.197104,0.199182,0.220306,0.128947,0.209300
2024-08-19,0.119508,0.030039,0.009394,0.011055,0.000730,0.035812,0.013142,0.305109,0.067666,0.020062,0.023745,0.001434,0.081584,0.028414
2024-08-20,0.045525,0.028550,0.058613,0.054758,0.049555,0.010265,0.031609,0.079370,0.051176,0.100391,0.094257,0.085903,0.019210,0.056346
2024-08-21,0.069575,0.022147,0.015842,0.013877,0.000448,0.029091,0.011882,0.167219,0.049037,0.034519,0.030068,0.000910,0.065404,0.025589
2024-08-22,0.001123,0.015682,0.002430,0.002092,0.006536,0.013766,0.019424,0.002297,0.034155,0.005023,0.004315,0.013805,0.029817,0.042723
2024-08-23,0.000004,0.001575,0.000260,0.000151,0.006183,0.002535,0.000685,0.000007,0.003235,0.000525,0.000305,0.013040,0.005244,0.001395
2024-08-26,0.003375,0.001110,0.004748,0.003300,0.000620,0.001732,0.000099,0.006496,0.002172,0.009074,0.006354,0.001261,0.003370,0.000198
2024-08-27,0.062563,0.071388,0.085444,0.080659,0.052306,0.072078,0.052900,0.106629,0.120408,0.141936,0.134662,0.090330,0.121477,0.091283
2024-08-28,0.101606,0.026311,0.019550,0.026315,0.005402,0.030596,0.034282,0.254258,0.058807,0.043014,0.058814,0.011354,0.068998,0.077873
2024-08-29,0.025582,0.046551,0.024924,0.039911,0.065995,0.072424,0.063633,0.057086,0.108072,0.055536,0.091605,0.157825,0.174745,0.151664
2024-08-30,0.196175,0.125702,0.133875,0.117268,0.034181,0.110416,0.130971,0.298204,0.201182,0.212831,0.189035,0.060661,0.179069,0.208705
2024-09-03,0.126453,0.044745,0.041241,0.040596,0.020526,0.029921,0.047083,0.325240,0.103565,0.094881,0.093291,0.045271,0.067384,0.109404
2024-09-04,0.008593,0.029111,0.018008,0.025870,0.072216,0.034882,0.037220,0.018298,0.065449,0.039466,0.057766,0.174195,0.079327,0.085014
2024-09-05,0.002622,0.000013,0.000236,0.001508,0.045124,0.001723,0.000019,0.005069,0.000027,0.000477,0.003096,0.104511,0.003543,0.000039
2024-09-06,0.048695,0.072768,0.067140,0.068746,0.188835,0.057763,0.085756,0.113449,0.175658,0.160820,0.165037,0.515669,0.136492,0.210534
2024-09-09,0.074746,0.157777,0.183204,0.178065,0.526153,0.167689,0.165209,0.180913,0.418742,0.497789,0.481590,1.815491,0.449228,0.441559
2024-09-10,0.143319,0.028825,0.016264,0.014996,0.130582,0.023619,0.045718,0.226151,0.051644,0.029930,0.027687,0.337313,0.042749,0.079685
2024-09-11,0.002674,0.007578,0.000542,0.001597,0.080753,0.006805,0.004943,0.005168,0.014314,0.001067,0.003110,0.196996,0.012892,0.009438
2024-09-12,0.014095,0.019954,0.014306,0.013088,0.029237,0.010264,0.015030,0.026086,0.036401,0.026461,0.024288,0.065751,0.019208,0.027747
2024-09-13,0.098036,0.167542,0.141493,0.128143,0.024195,0.110263,0.167450,0.160826,0.259670,0.223588,0.204674,0.043740,0.178845,0.259544
2024-09-16,0.143177,0.038262,0.031637,0.037292,0.040595,0.049622,0.031636,0.374615,0.087561,0.071494,0.085190,0.093289,0.115783,0.071493
2024-09-17,0.057655,0.025944,0.039414,0.033827,0.000120,0.014183,0.033355,0.098871,0.046737,0.069354,0.060069,0.000237,0.026241,0.059278
2024-09-18,0.202314,0.127465,0.142628,0.130622,0.170282,0.147742,0.092305,0.558999,0.328191,0.372975,0.337430,0.457271,0.388311,0.228448
2024-09-19,0.219380,0.066770,0.092029,0.093164,0.000243,0.077170,0.078634,0.328656,0.113225,0.151859,0.153559,0.000481,0.129324,0.131568
2024-09-20,0.504564,0.308525,0.390568,0.347753,0.426442,0.333544,0.330849,1.719173,0.926191,1.240114,1.073049,1.385513,1.019167,1.009035
2024-09-23,0.298374,0.054411,0.084319,0.071325,0.028105,0.057953,0.055255,0.427858,0.093703,0.140230,0.120312,0.063055,0.099344,0.095050
2024-09-24,0.084807,0.190022,0.114078,0.131323,0.031066,0.152440,0.156601,0.140970,0.290016,0.184407,0.209206,0.055432,0.238878,0.244642
2024-09-25,0.005514,0.005195,0.015917,0.012506,0.010764,0.008946,0.009899,0.011595,0.009907,0.029318,0.023247,0.020114,0.016814,0.018547
2024-09-26,0.000345,0.011468,0.011132,0.006428,0.007252,0.000393,0.004026,0.000698,0.021383,0.020776,0.012195,0.013715,0.000776,0.007721
2024-09-27,0.012214,0.027372,0.048913,0.033819,0.040212,0.016856,0.057811,0.022723,0.049174,0.084866,0.060055,0.070670,0.030974,0.099119
2024-09-30,0.000735,0.002814,0.008393,0.008827,0.032344,0.004118,0.001726,0.001498,0.005435,0.015806,0.016599,0.057583,0.007895,0.003359
2024-10-01,0.010121,0.002110,0.000266,0.000195,0.005727,0.002329,0.000001,0.021670,0.004352,0.000538,0.000393,0.010897,0.004811,0.000002
2024-10-02,0.020776,0.018479,0.012417,0.012943,0.003940,0.026762,0.017533,0.045851,0.040548,0.026786,0.027966,0.008221,0.059873,0.038378
2024-10-03,0.005257,0.000324,0.001360,0.001227,0.000000,0.000004,0.000022,0.010024,0.000640,0.002655,0.002397,0.000001,0.000008,0.000044
2024-10-04,0.000719,0.000384,0.000271,0.000071,0.000450,0.000063,0.001585,0.001465,0.000779,0.000547,0.000143,0.000913,0.000126,0.003256
2024-10-07,0.036381,0.033434,0.039556,0.038010,0.026989,0.034820,0.028951,0.064329,0.059411,0.069588,0.067032,0.048522,0.061728,0.051857
2024-10-08,0.001697,0.023938,0.024130,0.021394,0.048485,0.021224,0.014211,0.003302,0.043297,0.043628,0.038904,0.084173,0.038609,0.026291
2024-10-09,0.009882,0.000004,0.000661,0.000021,0.014509,0.000366,0.000496,0.021141,0.000009,0.001299,0.000042,0.026822,0.000742,0.001008
2024-10-10,0.070842,0.091945,0.101630,0.091997,0.146583,0.068112,0.079247,0.119563,0.151732,0.166154,0.151811,0.230721,0.115318,0.132505
2024-10-11,0.009592,0.006374,0.005955,0.006061,0.092725,0.006164,0.007686,0.020501,0.012097,0.011320,0.011516,0.152901,0.011707,0.014511
2024-10-14,0.000155,0.005439,0.012101,0.010973,0.093110,0.005025,0.007525,0.000308,0.010362,0.022521,0.020491,0.153479,0.009592,0.014216
2024-10-15,0.225591,0.149310,0.145813,0.145800,0.026633,0.168060,0.148210,0.635595,0.393036,0.382514,0.382475,0.059567,0.450375,0.389722
2024-10-16,0.239067,0.099586,0.117047,0.110757,0.086034,0.081418,0.094189,0.353994,0.163127,0.188714,0.179566,0.142829,0.135820,0.155092
2024-10-17,0.028777,0.000079,0.003221,0.000505,0.026268,0.001167,0.002226,0.064655,0.000159,0.006692,0.001026,0.047291,0.002282,0.004596
2024-10-18,0.005619,0.004417,0.011316,0.009985,0.044414,0.007979,0.007217,0.010697,0.008455,0.021109,0.018703,0.077559,0.015048,0.013649
2024-10-21,0.020308,0.056890,0.046860,0.044606,0.136185,0.041091,0.037997,0.037018,0.097655,0.081540,0.077872,0.216104,0.072116,0.067010
2024-10-22,0.001039,0.031839,0.032795,0.027425,0.165424,0.030716,0.029386,0.002034,0.056733,0.058340,0.049264,0.256775,0.054842,0.052593
2024-10-23,0.536632,0.379362,0.370144,0.366009,0.105370,0.373283,0.399625,1.862889,1.195710,1.159542,1.143423,0.264824,1.171820,1.276359
2024-10-24,0.226025,0.044698,0.052255,0.045501,0.011403,0.022246,0.061393,0.337258,0.078022,0.090249,0.079332,0.021265,0.040380,0.104787
2024-10-25,0.010648,0.043060,0.016052,0.027242,0.062190,0.058520,0.027521,0.019903,0.075346,0.029556,0.048952,0.106043,0.100244,0.049427
2024-10-28,0.000126,0.005711,0.008384,0.011070,0.061867,0.018730,0.010100,0.000250,0.010867,0.015790,0.020665,0.105534,0.034264,0.018912
2024-10-29,0.008804,0.000117,0.000001,0.000184,0.026426,0.000524,0.000088,0.018763,0.000233,0.000002,0.000370,0.047561,0.001064,0.000176
2024-10-30,0.005168,0.017301,0.016086,0.008749,0.052886,0.005561,0.009941,0.009859,0.031758,0.029615,0.016456,0.091261,0.010589,0.018624
2024-10-31,0.164868,0.110087,0.120446,0.117265,0.028893,0.113802,0.147471,0.440509,0.278159,0.307813,0.298654,0.064930,0.288736,0.387495
2024-11-01,0.006157,0.053914,0.052016,0.056985,0.076417,0.055563,0.039925,0.012983,0.126651,0.121832,0.134496,0.185368,0.130856,0.091640
2024-11-04,0.095764,0.039198,0.022289,0.024288,0.001058,0.042444,0.038624,0.157444,0.068997,0.040453,0.043899,0.002071,0.074338,0.068048
2024-11-05,0.004668,0.019211,0.009171,0.011046,0.013563,0.029879,0.010071,0.008926,0.035105,0.017225,0.020623,0.025137,0.053428,0.018860
2024-11-06,0.023021,0.005541,0.007125,0.009992,0.001290,0.005899,0.012600,0.051075,0.011654,0.015087,0.021385,0.002643,0.012427,0.027196
2024-11-07,0.020858,0.025688,0.020651,0.010708,0.010596,0.010030,0.017504,0.037973,0.046299,0.037614,0.020013,0.019810,0.018785,0.032114
2024-11-08,0.043961,0.094292,0.074358,0.064528,0.105927,0.075604,0.067984,0.076820,0.155246,0.124998,0.109716,0.172490,0.126917,0.115119
2024-11-11,0.005687,0.006079,0.004607,0.003986,0.067459,0.007872,0.006999,0.011969,0.011550,0.008810,0.007646,0.114300,0.014852,0.013250
2024-11-12,0.004363,0.000204,0.000532,0.000004,0.035517,0.000014,0.000971,0.009124,0.000404,0.001048,0.000008,0.062891,0.000029,0.001903
2024-11-13,0.026651,0.011607,0.013162,0.018510,0.000652,0.020026,0.014526,0.059608,0.024975,0.028458,0.040619,0.001282,0.044114,0.031533
2024-11-14,0.007561,0.016767,0.017466,0.019759,0.005306,0.018310,0.023476,0.016037,0.036627,0.038224,0.043497,0.011147,0.040160,0.052139
2024-11-15,0.110080,0.071881,0.061719,0.064457,0.064268,0.079186,0.067408,0.178578,0.121172,0.105301,0.109605,0.109309,0.132412,0.114221
2024-11-18,0.010400,0.001253,0.000038,0.000091,0.029803,0.004126,0.000027,0.022289,0.002448,0.000075,0.000181,0.053300,0.007909,0.000055
2024-11-19,0.035939,0.053528,0.060098,0.047730,0.122043,0.052291,0.038703,0.063594,0.092290,0.102741,0.082952,0.195927,0.090307,0.068178
2024-11-20,0.083906,0.013866,0.019148,0.027316,0.006314,0.020268,0.024050,0.205512,0.030044,0.042088,0.061183,0.011984,0.044674,0.053484
2024-11-21,0.097994,0.119964,0.107506,0.130933,0.065787,0.136115,0.135946,0.244185,0.306422,0.270848,0.338342,0.157281,0.353610,0.353111
2024-11-22,0.160221,0.058843,0.049701,0.046048,0.016564,0.051730,0.059141,0.249633,0.100756,0.086139,0.080221,0.030460,0.089406,0.101228
2024-11-25,0.187895,0.108549,0.143291,0.134230,0.077591,0.085645,0.116204,0.512673,0.273797,0.374957,0.348043,0.188504,0.210231,0.295608
2024-11-26,0.337582,0.161710,0.176682,0.161524,0.068930,0.175152,0.151674,0.474885,0.251681,0.272093,0.251425,0.116592,0.270021,0.237814
2024-11-27,0.000614,0.071386,0.039677,0.034801,0.115171,0.062624,0.047749,0.001209,0.120406,0.069787,0.061697,0.185995,0.106726,0.082983
2024-11-29,0.008562,0.054461,0.068929,0.046933,0.174474,0.053914,0.045671,0.016115,0.093782,0.116591,0.081660,0.269102,0.092908,0.079608
2024-12-02,0.015414,0.003398,0.002894,0.000466,0.095926,0.000577,0.001523,0.033546,0.006539,0.005587,0.000919,0.157686,0.001136,0.002968
2024-12-03,0.002009,0.016103,0.020327,0.010228,0.119726,0.008835,0.037743,0.003901,0.029646,0.037050,0.019145,0.192589,0.016614,0.066590
2024-12-04,0.014832,0.042264,0.040758,0.044967,0.227176,0.051117,0.034590,0.027395,0.074043,0.071568,0.078462,0.338742,0.088420,0.061345
2024-12-05,0.000402,0.022652,0.023796,0.026937,0.251692,0.040517,0.047661,0.000793,0.041081,0.043054,0.048432,0.370017,0.071172,0.082839
2024-12-06,0.040752,0.006602,0.004792,0.004682,0.089985,0.001155,0.005774,0.093677,0.013950,0.010042,0.009806,0.148789,0.002363,0.012155
2024-12-09,0.016491,0.012595,0.010505,0.012638,0.025951,0.010167,0.015329,0.035998,0.027185,0.022521,0.027282,0.046750,0.021774,0.033354
2024-12-10,0.020466,0.013868,0.010875,0.011930,0.089079,0.017736,0.005941,0.037292,0.025682,0.020313,0.022213,0.147425,0.032521,0.011293
2024-12-11,0.006215,0.020811,0.015175,0.019498,0.148195,0.038423,0.013270,0.011802,0.037891,0.028003,0.035607,0.232971,0.067716,0.024613
2024-12-12,0.012166,0.000200,0.000246,0.000280,0.075963,0.001234,0.001192,0.026225,0.000403,0.000498,0.000567,0.127470,0.002411,0.002440
2024-12-13,0.004047,0.012327,0.011954,0.007776,0.111324,0.013369,0.005197,0.007762,0.022926,0.022257,0.014676,0.180395,0.024791,0.009911
2024-12-16,0.000978,0.004357,0.002197,0.001077,0.095577,0.005631,0.000611,0.001998,0.008343,0.004260,0.002108,0.157164,0.010718,0.001202
2024-12-17,0.073678,0.047305,0.049210,0.052303,0.001091,0.035432,0.055684,0.178070,0.109959,0.114744,0.122558,0.002135,0.080662,0.131167
2024-12-18,0.074658,0.122983,0.130364,0.135380,0.065728,0.119812,0.138579,0.180678,0.315152,0.336673,0.351438,0.157126,0.305984,0.360915
2024-12-19,0.004044,0.051584,0.069200,0.069590,0.113289,0.048408,0.061337,0.008442,0.120737,0.166230,0.167258,0.287270,0.112727,0.145708
2024-12-20,0.042684,0.004141,0.000139,0.000614,0.018559,0.010863,0.001493,0.074730,0.007937,0.000276,0.001209,0.040732,0.020293,0.002910
2024-12-23,0.158758,0.162946,0.123663,0.127698,0.074453,0.187799,0.134176,0.247619,0.253379,0.198257,0.204038,0.125145,0.287046,0.213258
2024-12-24,0.178926,0.406379,0.361363,0.337598,0.518665,0.396926,0.337727,0.275123,0.554401,0.502781,0.474904,0.677209,0.543684,0.475056
2024-12-26,0.130099,0.000319,0.000027,0.001191,0.147546,0.000584,0.001533,0.335895,0.000631,0.000054,0.002437,0.232065,0.001149,0.002987
2024-12-27,0.033764,0.008089,0.003895,0.013513,0.032173,0.019118,0.002348,0.076620,0.017193,0.008123,0.029248,0.057295,0.042018,0.004852
2024-12-30,0.015681,0.012564,0.020218,0.021165,0.002857,0.025255,0.005158,0.034152,0.027116,0.044557,0.046752,0.005516,0.056314,0.010827
2024-12-31,0.176843,0.119535,0.104913,0.127596,0.213448,0.147786,0.145347,0.272310,0.192313,0.170998,0.203892,0.320933,0.232401,0.228992
