date,AAPL_log_rv,AMZN_log_rv,JPM_log_rv
2016-01-04,-3.839511,-3.927129,-4.451811
2016-01-05,-4.069714,-3.915969,-4.536704
2016-01-06,-3.949863,-3.828992,-4.455090
2016-01-07,-3.885971,-3.629876,-4.123294
2016-01-08,-3.863461,-3.958590,-3.937666
2016-01-11,-4.236611,-3.873885,-4.220876
2016-01-12,-4.229087,-4.182982,-4.167616
2016-01-13,-3.900501,-3.647418,-4.073731
2016-01-14,-3.985707,-3.370663,-3.636045
2016-01-15,-4.119992,-3.709519,-3.967249
2016-01-19,-4.041704,-3.952980,-4.055559
2016-01-20,-3.767231,-3.367490,-3.911020
2016-01-21,-3.818397,-3.580810,-4.048130
2016-01-22,-4.147032,-4.463570,-4.525060
2016-01-25,-4.226817,-4.099233,-4.255624
2016-01-26,-3.962799,-3.900142,-4.325508
2016-01-27,-3.953289,-3.665600,-3.836509
2016-01-28,-3.940524,-3.647130,-3.980155
2016-01-29,-4.509872,-3.644202,-4.360657
2016-02-01,-4.492358,-4.214745,-4.390298
2016-02-02,-4.369310,-3.661566,-4.358228
2016-02-03,-4.025292,-3.409636,-3.686663
2016-02-04,-3.999742,-3.543560,-3.889180
2016-02-05,-4.171298,-3.634088,-3.987095
2016-02-08,-4.000990,-3.214454,-3.921214
2016-02-09,-3.972936,-3.211670,-3.902091
2016-02-10,-4.264530,-3.525084,-4.057277
2016-02-11,-4.113152,-3.471047,-3.778850
2016-02-12,-4.489147,-4.007525,-3.968893
2016-02-16,-4.445385,-3.996455,-4.564954
2016-02-17,-4.490147,-4.158071,-4.432837
2016-02-18,-4.643112,-4.043202,-4.142914
2016-02-19,-4.447700,-3.932884,-4.269207
2016-02-22,-4.642799,-4.265518,-4.878527
2016-02-23,-4.843412,-4.273946,-4.291344
2016-02-24,-4.277787,-3.832267,-4.060875
2016-02-25,-4.443606,-3.954465,-4.364869
2016-02-26,-4.639067,-4.355484,-4.297571
2016-02-29,-4.556983,-4.252485,-4.418646
2016-03-01,-4.451377,-4.204555,-4.151340
2016-03-02,-4.542285,-4.200195,-4.113703
2016-03-03,-4.513594,-4.575615,-4.585447
2016-03-04,-4.282368,-4.442271,-4.177170
2016-03-07,-4.477325,-4.001387,-4.552580
2016-03-08,-4.430002,-4.042312,-4.276570
2016-03-09,-4.605480,-4.392138,-4.375335
2016-03-10,-4.273317,-3.953576,-4.169902
2016-03-11,-4.824321,-4.668642,-4.674292
2016-03-14,-4.736451,-4.670254,-4.645316
2016-03-15,-4.663989,-4.393236,-4.769629
2016-03-16,-4.600189,-4.078900,-4.173418
2016-03-17,-4.728173,-4.231556,-4.455267
2016-03-18,-4.803278,-3.983995,-4.310834
2016-03-21,-4.477087,-4.036104,-4.651716
2016-03-22,-4.735077,-4.305741,-4.663735
2016-03-23,-4.954124,-4.257600,-4.717761
2016-03-24,-4.957042,-4.393095,-4.739748
2016-03-28,-4.888565,-4.549062,-4.901777
2016-03-29,-4.785004,-4.350540,-4.817970
2016-03-30,-4.560028,-4.464174,-4.666471
2016-03-31,-4.780476,-4.697833,-4.769542
2016-04-01,-4.527821,-4.702564,-4.598655
2016-04-04,-4.545008,-4.542212,-4.532907
2016-04-05,-4.601326,-4.620906,-4.789002
2016-04-06,-4.880739,-4.547687,-4.606396
2016-04-07,-4.623071,-4.396210,-4.704091
2016-04-08,-4.569538,-4.514741,-4.703593
2016-04-11,-4.429146,-4.527835,-4.555255
2016-04-12,-4.610011,-4.469698,-4.535292
2016-04-13,-4.668433,-4.263976,-4.486517
2016-04-14,-4.881993,-4.506693,-4.174114
2016-04-15,-4.448706,-5.066199,-4.769071
2016-04-18,-4.413596,-4.347029,-4.509678
2016-04-19,-4.496843,-4.201022,-4.673746
2016-04-20,-4.652222,-4.336456,-4.665727
2016-04-21,-4.676669,-4.527500,-4.387286
2016-04-22,-4.392211,-4.424174,-4.791674
2016-04-25,-4.947521,-4.600217,-4.745613
2016-04-26,-4.575709,-4.555341,-4.953325
2016-04-27,-4.177396,-4.301893,-4.559823
2016-04-28,-4.096299,-3.868179,-4.475136
2016-04-29,-4.226807,-3.828148,-4.428601
2016-05-02,-4.258010,-4.120323,-4.688040
2016-05-03,-4.370619,-4.332332,-4.700214
2016-05-04,-4.650999,-4.300567,-4.546594
2016-05-05,-4.598487,-4.285653,-4.591814
2016-05-06,-4.514752,-4.522901,-4.457716
2016-05-09,-4.676115,-4.465714,-4.615319
2016-05-10,-4.511620,-4.805198,-4.872237
2016-05-11,-4.537394,-4.331393,-4.717692
2016-05-12,-4.212201,-4.408949,-4.567156
2016-05-13,-4.380358,-4.511422,-4.612039
2016-05-16,-4.449156,-4.330785,-4.745482
2016-05-17,-4.511586,-4.358191,-4.609642
2016-05-18,-4.437782,-4.178635,-4.155499
2016-05-19,-4.716188,-4.502493,-4.142446
2016-05-20,-5.050907,-5.061625,-4.781325
2016-05-23,-4.609717,-4.748151,-4.574658
2016-05-24,-5.123310,-4.936678,-4.874912
2016-05-25,-4.813141,-4.765987,-4.673050
2016-05-26,-4.445832,-5.054932,-4.836482
2016-05-27,-5.003038,-5.159267,-4.919363
2016-05-31,-4.916297,-4.765827,-4.873028
2016-06-01,-4.816594,-4.839547,-4.724772
2016-06-02,-4.748703,-4.603855,-5.072199
2016-06-03,-5.038601,-4.813534,-4.364787
2016-06-06,-4.672878,-4.795925,-4.681576
2016-06-07,-4.998621,-4.883766,-4.993114
2016-06-08,-5.055147,-4.912387,-5.079278
2016-06-09,-4.931100,-4.995222,-5.018836
2016-06-10,-5.015496,-4.904484,-4.950407
2016-06-13,-4.389295,-4.657970,-4.434940
2016-06-14,-4.610316,-4.780924,-4.514728
2016-06-15,-4.753505,-4.821191,-4.469539
2016-06-16,-4.724251,-4.631539,-4.468176
2016-06-17,-4.695719,-4.375587,-4.787014
2016-06-20,-4.910037,-4.829133,-4.632393
2016-06-21,-4.760808,-4.860553,-4.551187
2016-06-22,-4.750068,-4.620192,-4.754646
2016-06-23,-4.831380,-4.897424,-4.730135
2016-06-24,-4.272155,-4.045243,-3.859358
2016-06-27,-4.390081,-4.063107,-4.201361
2016-06-28,-4.825693,-4.688892,-4.395535
2016-06-29,-4.813183,-4.946331,-4.641160
2016-06-30,-4.884695,-4.948537,-4.402015
2016-07-01,-5.192052,-4.946482,-4.687860
2016-07-05,-4.908688,-4.809354,-4.522481
2016-07-06,-4.629401,-4.522969,-4.476518
2016-07-07,-4.942419,-4.967459,-4.572575
2016-07-08,-5.028474,-5.263916,-4.820780
2016-07-11,-5.238458,-5.017431,-4.625336
2016-07-12,-5.262194,-4.174728,-4.861911
2016-07-13,-5.209103,-3.944558,-4.858210
2016-07-14,-5.013926,-4.991410,-4.454929
2016-07-15,-5.272383,-4.912945,-4.703281
2016-07-18,-5.175128,-4.751310,-5.061653
2016-07-19,-5.242203,-4.934204,-5.083569
2016-07-20,-5.146403,-5.109935,-5.066996
2016-07-21,-4.713340,-5.149446,-5.068290
2016-07-22,-5.033117,-5.206213,-5.363130
2016-07-25,-4.702349,-4.956688,-5.316738
2016-07-26,-4.619173,-5.121264,-4.941580
2016-07-27,-4.462934,-4.805732,-4.866487
2016-07-28,-4.709452,-4.528234,-5.068154
2016-07-29,-4.858956,-4.322434,-5.076576
2016-08-01,-5.040515,-4.713160,-4.910786
2016-08-02,-4.726567,-4.714690,-4.696957
2016-08-03,-5.071061,-4.821447,-5.114695
2016-08-04,-5.035734,-4.695632,-4.906580
2016-08-05,-5.313221,-5.177650,-5.054698
2016-08-08,-5.119094,-5.162846,-5.082943
2016-08-09,-5.325154,-5.133190,-5.191240
2016-08-10,-5.119857,-5.205276,-5.069947
2016-08-11,-5.073868,-5.195017,-4.958609
2016-08-12,-5.513256,-5.405635,-5.175412
2016-08-15,-5.529632,-5.238825,-5.484335
2016-08-16,-4.965636,-5.409005,-4.865149
2016-08-17,-4.836895,-5.155851,-5.001423
2016-08-18,-5.316489,-5.213767,-5.107460
2016-08-19,-5.140289,-5.250201,-5.044577
2016-08-22,-4.816226,-5.118880,-5.030409
2016-08-23,-5.451695,-5.397469,-5.378300
2016-08-24,-5.130735,-5.119808,-5.132845
2016-08-25,-5.055466,-5.312679,-5.271747
2016-08-26,-4.726814,-4.913252,-4.581265
2016-08-29,-4.992581,-5.058719,-5.462144
2016-08-30,-5.079039,-5.156212,-5.277408
2016-08-31,-5.083990,-5.190761,-5.017522
2016-09-01,-5.118405,-5.327273,-4.672497
2016-09-02,-4.899996,-5.277851,-4.923743
2016-09-06,-5.321060,-4.732072,-4.965597
2016-09-07,-4.644594,-5.187294,-4.957600
2016-09-08,-4.764688,-5.335466,-5.278181
2016-09-09,-4.680930,-4.747373,-4.754942
2016-09-12,-4.340339,-4.472163,-4.513845
2016-09-13,-4.491398,-4.730200,-4.454903
2016-09-14,-3.853984,-4.831897,-4.645123
2016-09-15,-4.440648,-4.749220,-4.955962
2016-09-16,-4.489919,-4.783934,-4.697773
2016-09-19,-4.615833,-4.861019,-4.934217
2016-09-20,-4.735609,-5.052276,-4.918463
2016-09-21,-4.813707,-4.933962,-4.744692
2016-09-22,-4.921594,-4.895218,-5.001429
2016-09-23,-4.217170,-5.128728,-4.993145
2016-09-26,-4.826239,-5.086397,-4.838610
2016-09-27,-5.054368,-4.891890,-4.634364
2016-09-28,-4.975212,-4.733721,-4.962789
2016-09-29,-4.647224,-4.526464,-4.389168
2016-09-30,-4.841097,-5.121954,-4.629161
2016-10-03,-5.078271,-4.917634,-4.868598
2016-10-04,-4.620258,-4.972961,-4.497802
2016-10-05,-5.154678,-5.113220,-4.745358
2016-10-06,-4.912795,-4.923513,-4.803689
2016-10-07,-4.886847,-4.940368,-4.838874
2016-10-10,-5.030645,-5.320695,-5.293662
2016-10-11,-4.545985,-4.897867,-4.803915
2016-10-12,-4.902944,-5.141466,-5.072518
2016-10-13,-4.740802,-4.605715,-4.628759
2016-10-14,-4.993403,-4.938820,-4.467564
2016-10-17,-5.120550,-4.610595,-4.808289
2016-10-18,-5.313644,-4.857723,-4.912321
2016-10-19,-5.147553,-5.305598,-4.837441
2016-10-20,-4.782590,-4.646848,-4.979343
2016-10-21,-5.221461,-5.089123,-4.998858
2016-10-24,-5.280461,-4.716105,-5.207715
2016-10-25,-5.256050,-5.063213,-5.104989
2016-10-26,-4.690202,-4.797384,-5.046489
2016-10-27,-4.881359,-4.623898,-5.005785
2016-10-28,-4.469149,-4.229760,-4.655628
2016-10-31,-5.096139,-4.639051,-5.304676
2016-11-01,-4.557522,-4.413895,-4.626613
2016-11-02,-4.858116,-4.269582,-4.554844
2016-11-03,-4.865427,-4.345995,-5.033429
2016-11-04,-4.660585,-4.392275,-4.880909
2016-11-07,-4.856225,-4.519516,-5.070614
2016-11-08,-4.808063,-4.666607,-4.854762
2016-11-09,-3.973472,-3.841428,-3.904694
2016-11-10,-3.546525,-3.064016,-3.806409
2016-11-11,-4.102913,-4.129000,-4.686516
2016-11-14,-4.158862,-3.966770,-3.826058
2016-11-15,-4.490135,-4.173709,-4.407433
2016-11-16,-4.354526,-4.344719,-4.649011
2016-11-17,-4.419089,-4.764435,-4.594900
2016-11-18,-4.992336,-4.650417,-4.915047
2016-11-21,-4.710514,-4.533566,-4.606326
2016-11-22,-5.015426,-4.523390,-4.789918
2016-11-23,-4.861207,-4.855255,-4.836052
2016-11-25,-5.417602,-5.203457,-5.273431
2016-11-28,-5.131414,-4.653835,-4.873475
2016-11-29,-4.755015,-4.733865,-4.926414
2016-11-30,-4.689319,-4.543276,-4.790435
2016-12-01,-4.411401,-4.380682,-4.381006
2016-12-02,-4.624235,-4.306993,-4.638222
2016-12-05,-4.472926,-4.601936,-4.736023
2016-12-06,-4.854775,-4.638705,-4.404138
2016-12-07,-4.816619,-4.643164,-4.673464
2016-12-08,-4.765985,-4.645683,-4.483085
2016-12-09,-4.778240,-5.077649,-4.709715
2016-12-12,-4.960379,-4.906299,-4.474948
2016-12-13,-4.644674,-4.504384,-4.531793
2016-12-14,-4.430852,-4.079669,-3.923083
2016-12-15,-4.984699,-4.643536,-4.424270
2016-12-16,-4.943816,-4.791320,-4.710749
2016-12-19,-5.037796,-4.682766,-4.553556
2016-12-20,-5.368088,-4.941835,-4.917890
2016-12-21,-5.415271,-5.271269,-5.175453
2016-12-22,-5.192085,-4.856668,-4.872652
2016-12-23,-5.476590,-5.340386,-5.321445
2016-12-27,-5.295435,-4.845664,-5.493496
2016-12-28,-5.101677,-4.705704,-5.159873
2016-12-29,-5.097787,-4.921540,-4.896866
2016-12-30,-4.744754,-4.870140,-5.061478
2017-01-03,-4.437958,-4.526115,-4.574615
2017-01-04,-5.305419,-4.978243,-4.929845
2017-01-05,-4.945190,-4.758882,-4.779319
2017-01-06,-5.151602,-4.615444,-4.965146
2017-01-09,-4.895253,-4.733509,-4.953104
2017-01-10,-4.943354,-5.092647,-5.001883
2017-01-11,-4.940267,-4.704578,-4.767418
2017-01-12,-4.928256,-4.582122,-4.679254
2017-01-13,-5.243068,-4.763011,-4.298972
2017-01-17,-5.101309,-4.603860,-4.455670
2017-01-18,-5.179683,-4.905411,-4.657943
2017-01-19,-5.362650,-4.926328,-4.706937
2017-01-20,-5.556339,-4.921386,-4.922899
2017-01-23,-5.151489,-5.005977,-4.794729
2017-01-24,-5.850920,-5.068123,-5.025004
2017-01-25,-5.281210,-5.003615,-5.066869
2017-01-26,-5.315826,-5.034134,-4.769993
2017-01-27,-5.470795,-4.890062,-5.219959
2017-01-30,-5.368163,-4.352016,-4.877448
2017-01-31,-5.129645,-4.887196,-4.500955
2017-02-01,-4.522022,-4.905936,-4.695183
2017-02-02,-4.759339,-4.729974,-4.837794
2017-02-03,-5.111655,-4.253709,-4.715045
2017-02-06,-5.373735,-4.911526,-5.048379
2017-02-07,-5.071830,-5.079675,-4.975738
2017-02-08,-5.293230,-5.260299,-4.790443
2017-02-09,-5.167918,-5.121217,-5.017552
2017-02-10,-5.189751,-5.613750,-5.033755
2017-02-13,-5.449666,-5.169137,-4.981246
2017-02-14,-5.184899,-5.062086,-4.599396
2017-02-15,-5.014941,-5.065614,-4.575530
2017-02-16,-5.118173,-4.841541,-4.441561
2017-02-17,-5.454360,-5.216718,-5.088141
2017-02-21,-5.602782,-5.207562,-5.115007
2017-02-22,-5.547218,-5.190273,-5.102763
2017-02-23,-5.234617,-4.794642,-4.898008
2017-02-24,-5.263371,-4.881414,-4.753300
2017-02-27,-5.278252,-5.272700,-5.094965
2017-02-28,-5.361941,-4.967154,-4.848632
2017-03-01,-5.065425,-5.104384,-4.846033
2017-03-02,-5.047564,-5.317182,-4.802166
2017-03-03,-5.323971,-5.263716,-4.968749
2017-03-06,-5.260129,-5.224307,-5.018370
2017-03-07,-5.061416,-5.235672,-5.098140
2017-03-08,-5.323349,-5.011539,-4.749931
2017-03-09,-5.105851,-5.306510,-5.016993
2017-03-10,-5.494371,-5.327505,-4.819364
2017-03-13,-5.425366,-5.521905,-5.180031
2017-03-14,-5.473441,-5.502238,-5.043062
2017-03-15,-5.269568,-5.248299,-4.617904
2017-03-16,-5.513105,-5.471638,-5.103684
2017-03-17,-5.579325,-5.771983,-5.091573
2017-03-20,-5.339261,-5.119821,-4.852912
2017-03-21,-4.710624,-4.680280,-4.303492
2017-03-22,-4.862915,-4.654671,-4.404744
2017-03-23,-5.027363,-5.091005,-4.628653
2017-03-24,-5.167900,-5.226120,-4.641282
2017-03-27,-5.049871,-4.860414,-4.509355
2017-03-28,-5.007403,-5.013929,-4.803980
2017-03-29,-5.033170,-4.980428,-4.933312
2017-03-30,-5.144856,-5.241653,-4.954426
2017-03-31,-5.323175,-4.935939,-4.850437
2017-04-03,-5.194612,-4.722591,-4.625916
2017-04-04,-5.211883,-4.740717,-4.826047
2017-04-05,-4.755615,-4.328901,-4.479403
2017-04-06,-4.801322,-4.315964,-4.482004
2017-04-07,-5.250985,-4.838018,-4.788792
2017-04-10,-5.305165,-4.946104,-4.828669
2017-04-11,-4.377882,-4.716596,-4.651140
2017-04-12,-4.893123,-5.072062,-4.735889
2017-04-13,-5.192831,-5.108535,-4.359524
2017-04-17,-5.300777,-5.249903,-4.833608
2017-04-18,-5.189578,-4.779350,-4.499583
2017-04-19,-5.369892,-5.057096,-4.965878
2017-04-20,-5.265838,-5.024970,-4.918754
2017-04-21,-5.173625,-5.416809,-4.817670
2017-04-24,-5.426530,-5.294463,-4.799705
2017-04-25,-5.468259,-5.193699,-4.740719
2017-04-26,-5.031345,-4.887826,-4.683460
2017-04-27,-5.199137,-4.881815,-4.973599
2017-04-28,-5.234100,-4.498508,-5.001542
2017-05-01,-5.103404,-4.664309,-4.841545
2017-05-02,-5.122428,-4.899824,-5.135051
2017-05-03,-4.448060,-4.959563,-4.969205
2017-05-04,-4.893965,-4.796300,-4.939378
2017-05-05,-5.160788,-5.205000,-5.109263
2017-05-08,-4.630032,-5.073639,-4.984157
2017-05-09,-4.837129,-4.966502,-4.913548
2017-05-10,-4.911343,-4.827016,-5.267171
2017-05-11,-5.015638,-5.217973,-4.988347
2017-05-12,-4.908481,-5.396441,-5.211538
2017-05-15,-4.818860,-4.844547,-5.366429
2017-05-16,-5.010927,-5.092459,-5.118423
2017-05-17,-4.316087,-4.580698,-4.458964
2017-05-18,-4.559400,-4.661428,-4.296522
2017-05-19,-4.972570,-5.008410,-4.899145
2017-05-22,-5.024390,-5.343213,-4.908325
2017-05-23,-5.249179,-5.018641,-4.833433
2017-05-24,-5.201302,-5.160579,-4.993231
2017-05-25,-5.169697,-4.920564,-4.868786
2017-05-26,-5.437408,-4.898318,-5.133355
2017-05-30,-5.418119,-5.360389,-4.982625
2017-05-31,-5.006251,-4.700851,-4.255086
2017-06-01,-5.281803,-4.915935,-4.734943
2017-06-02,-5.244687,-5.059560,-4.680882
2017-06-05,-4.993699,-5.158630,-5.091769
2017-06-06,-4.821705,-4.732548,-4.846408
2017-06-07,-4.970104,-4.976433,-4.985019
2017-06-08,-5.204334,-5.413005,-4.449589
2017-06-09,-3.508232,-3.642184,-4.399104
2017-06-12,-3.886634,-3.717037,-4.661744
2017-06-13,-4.616487,-4.470114,-4.790053
2017-06-14,-4.433512,-4.344428,-4.653838
2017-06-15,-4.342846,-4.428363,-4.814291
2017-06-16,-4.791333,-4.200992,-4.968795
2017-06-19,-4.636032,-4.557237,-5.091457
2017-06-20,-4.838363,-4.789431,-5.080398
2017-06-21,-4.949852,-4.924301,-4.762614
2017-06-22,-4.990413,-4.810059,-4.927668
2017-06-23,-4.887936,-5.205177,-4.946460
2017-06-26,-4.704902,-4.800095,-4.858500
2017-06-27,-4.568531,-4.438010,-4.667125
2017-06-28,-4.559314,-4.224368,-4.698439
2017-06-29,-4.365247,-4.229198,-4.173103
2017-06-30,-4.763766,-4.445290,-4.814534
2017-07-03,-4.795120,-4.558289,-4.676798
2017-07-05,-4.614852,-4.516161,-4.703342
2017-07-06,-4.737559,-4.430636,-4.576556
2017-07-07,-4.855230,-4.972059,-5.026353
2017-07-10,-4.878629,-4.962282,-4.966269
2017-07-11,-4.821367,-4.704785,-4.653925
2017-07-12,-5.054170,-5.090275,-4.856405
2017-07-13,-4.818247,-4.981872,-4.964001
2017-07-14,-5.105467,-5.267665,-4.664120
2017-07-17,-4.836980,-4.706808,-5.086477
2017-07-18,-5.056548,-4.841259,-4.724364
2017-07-19,-4.797036,-4.724400,-5.256062
2017-07-20,-5.026962,-4.790651,-4.907715
2017-07-21,-5.025356,-5.018738,-5.092570
2017-07-24,-5.132212,-5.009467,-5.308349
2017-07-25,-4.954406,-4.920623,-4.976215
2017-07-26,-5.169752,-5.269301,-4.944855
2017-07-27,-3.943336,-3.776543,-4.927307
2017-07-28,-4.893103,-4.375721,-5.143537
2017-07-31,-4.736642,-4.307963,-5.260198
2017-08-01,-5.024750,-4.557874,-5.084044
2017-08-02,-4.162319,-4.237088,-4.994282
2017-08-03,-4.636375,-4.656433,-4.894069
2017-08-04,-4.562183,-4.696851,-4.895380
2017-08-07,-5.149751,-4.933568,-5.346628
2017-08-08,-4.648272,-4.998008,-4.815073
2017-08-09,-4.656158,-4.806051,-4.671470
2017-08-10,-4.411574,-4.319062,-4.773550
2017-08-11,-4.512422,-4.491804,-4.821233
2017-08-14,-4.954251,-5.045261,-5.181129
2017-08-15,-4.971485,-4.890711,-5.040870
2017-08-16,-4.689223,-4.778926,-5.024805
2017-08-17,-4.557975,-4.760046,-4.648015
2017-08-18,-4.453180,-4.538341,-4.830983
2017-08-21,-4.453053,-4.552603,-5.053287
2017-08-22,-5.179908,-4.984460,-5.119135
2017-08-23,-4.888145,-4.934335,-5.054077
2017-08-24,-4.714367,-4.519687,-5.256262
2017-08-25,-5.002406,-4.761913,-5.039930
2017-08-28,-4.810866,-4.825774,-5.294128
2017-08-29,-4.642565,-4.866989,-5.023676
2017-08-30,-4.835435,-4.970169,-5.238734
2017-08-31,-5.378906,-5.304519,-5.029248
2017-09-01,-5.326620,-5.050250,-5.083700
2017-09-05,-4.454982,-4.548729,-4.568779
2017-09-06,-4.774923,-4.860867,-5.007736
2017-09-07,-4.842020,-4.870498,-4.657602
2017-09-08,-4.990036,-5.089237,-4.629549
2017-09-11,-4.811827,-5.125016,-4.837190
2017-09-12,-4.063666,-4.951631,-4.850637
2017-09-13,-4.441623,-4.763028,-4.996465
2017-09-14,-5.113506,-4.778851,-5.212845
2017-09-15,-4.819599,-4.682795,-4.958738
2017-09-18,-4.841307,-4.539876,-5.141011
2017-09-19,-4.763155,-4.515167,-5.079640
2017-09-20,-4.322586,-4.621479,-4.392489
2017-09-21,-4.691793,-4.851177,-4.796377
2017-09-22,-4.646612,-5.084215,-5.245091
2017-09-25,-4.471545,-4.500285,-4.805274
2017-09-26,-4.692773,-4.632282,-5.030221
2017-09-27,-5.047833,-4.898634,-5.024748
2017-09-28,-5.070334,-4.717491,-4.847384
2017-09-29,-4.806795,-4.992283,-5.318233
2017-10-02,-4.949269,-4.786148,-4.995218
2017-10-03,-5.115265,-4.590715,-5.152029
2017-10-04,-5.171277,-4.626241,-4.964001
2017-10-05,-5.158248,-5.309196,-4.924750
2017-10-06,-5.289001,-4.655257,-5.022953
2017-10-09,-5.010519,-4.726304,-5.297801
2017-10-10,-4.934845,-4.505106,-5.083864
2017-10-11,-5.081533,-4.942630,-4.990795
2017-10-12,-5.247224,-4.512808,-4.653892
2017-10-13,-5.302998,-5.236080,-4.407876
2017-10-16,-5.251624,-5.223922,-4.954018
2017-10-17,-4.976575,-5.160066,-4.996892
2017-10-18,-5.285236,-5.039165,-4.978415
2017-10-19,-4.736155,-4.954295,-5.102965
2017-10-20,-5.104264,-5.211009,-5.257432
2017-10-23,-5.026429,-4.707838,-5.149681
2017-10-24,-5.143490,-4.829500,-5.178995
2017-10-25,-4.778868,-4.413926,-4.402459
2017-10-26,-5.147291,-4.543047,-4.871306
2017-10-27,-4.582650,-4.090406,-4.727697
2017-10-30,-4.333171,-4.264591,-4.874881
2017-10-31,-4.899303,-4.785996,-5.119875
2017-11-01,-4.402833,-4.656710,-5.055585
2017-11-02,-4.378882,-4.561857,-4.669838
2017-11-03,-4.310063,-4.795196,-5.113817
2017-11-06,-4.805942,-4.854110,-5.039087
2017-11-07,-4.757241,-4.842271,-4.817937
2017-11-08,-5.317225,-5.082270,-4.731724
2017-11-09,-4.634178,-4.678811,-4.507687
2017-11-10,-5.368749,-5.319353,-5.033460
2017-11-13,-5.159838,-4.961313,-4.904362
2017-11-14,-4.636478,-4.552991,-4.916787
2017-11-15,-4.854272,-4.551917,-4.443029
2017-11-16,-5.115528,-5.386571,-5.001863
2017-11-17,-4.960763,-5.141100,-4.852082
2017-11-20,-5.180247,-5.009010,-5.148890
2017-11-21,-5.052513,-5.288572,-5.288157
2017-11-22,-4.891623,-5.028466,-5.345037
2017-11-24,-5.753886,-4.732390,-5.611015
2017-11-27,-5.052284,-4.182477,-5.066374
2017-11-28,-4.818326,-4.747155,-4.550858
2017-11-29,-4.040093,-3.713366,-4.079192
2017-11-30,-4.376143,-4.444929,-4.269304
2017-12-01,-4.277246,-4.278225,-3.804741
2017-12-04,-4.337249,-3.990321,-4.361901
2017-12-05,-4.639066,-4.161458,-4.481481
2017-12-06,-4.397486,-4.309139,-4.668165
2017-12-07,-4.645149,-4.691902,-4.738905
2017-12-08,-4.825760,-4.950279,-4.948657
2017-12-11,-4.731562,-4.779589,-5.132153
2017-12-12,-5.282109,-4.818209,-4.817893
2017-12-13,-4.918394,-4.712137,-4.687554
2017-12-14,-5.003599,-4.936117,-4.850361
2017-12-15,-5.259404,-5.032539,-4.737709
2017-12-18,-5.216898,-4.786640,-4.964134
2017-12-19,-4.795828,-4.687188,-4.948193
2017-12-20,-4.639326,-4.851549,-4.730475
2017-12-21,-5.217536,-4.831848,-5.020075
2017-12-22,-5.579549,-5.303923,-5.005124
2017-12-26,-4.837739,-4.856675,-5.070393
2017-12-27,-5.465758,-5.060595,-5.120710
2017-12-28,-5.542832,-5.725848,-5.376964
2017-12-29,-5.217399,-5.242270,-5.085424
2018-01-02,-5.108445,-5.048868,-4.977405
2018-01-03,-4.960611,-5.242183,-4.953413
2018-01-04,-5.083711,-4.933861,-4.650135
2018-01-05,-5.192845,-5.129163,-4.625840
2018-01-08,-5.307505,-4.694890,-5.252513
2018-01-09,-5.028180,-4.576000,-4.986484
2018-01-10,-4.934854,-4.551939,-4.897255
2018-01-11,-5.478543,-5.013765,-5.184621
2018-01-12,-5.352219,-4.371803,-4.558892
2018-01-16,-4.554391,-4.041026,-4.423905
2018-01-17,-4.526270,-4.383239,-4.688399
2018-01-18,-4.527966,-4.688626,-4.784137
2018-01-19,-4.985981,-4.600842,-4.951793
2018-01-22,-5.031697,-4.820007,-4.855615
2018-01-23,-4.525850,-4.577297,-4.794135
2018-01-24,-4.450173,-3.931278,-4.680144
2018-01-25,-4.568665,-4.403724,-4.591367
2018-01-26,-4.685040,-4.774316,-4.987812
2018-01-29,-4.487794,-4.109002,-4.951036
2018-01-30,-4.470663,-4.321027,-4.663825
2018-01-31,-4.645873,-4.426717,-4.753454
2018-02-01,-4.557791,-3.710162,-4.714159
2018-02-02,-4.239026,-3.352976,-4.361975
2018-02-05,-3.598995,-3.232371,-3.443280
2018-02-06,-3.419239,-3.376431,-3.268850
2018-02-07,-4.097981,-3.824192,-4.136139
2018-02-08,-3.815174,-3.572685,-3.794442
2018-02-09,-3.415369,-2.987194,-3.538005
2018-02-12,-4.195617,-4.037116,-4.186109
2018-02-13,-4.348510,-4.185824,-4.518168
2018-02-14,-4.489384,-4.243230,-4.293503
2018-02-15,-4.259511,-4.099621,-4.297775
2018-02-16,-4.315054,-4.375568,-4.582161
2018-02-20,-4.464729,-4.305438,-4.551164
2018-02-21,-4.514255,-4.430119,-4.402287
2018-02-22,-4.474062,-4.205041,-4.342525
2018-02-23,-4.947722,-4.878967,-4.786573
2018-02-26,-4.838073,-4.840072,-4.770768
2018-02-27,-4.543398,-4.490283,-4.304631
2018-02-28,-4.618464,-4.802557,-4.443642
2018-03-01,-3.858734,-3.661735,-3.980002
2018-03-02,-4.268111,-4.075034,-4.093639
2018-03-05,-4.374020,-4.508770,-4.436327
2018-03-06,-4.793008,-4.633402,-4.637837
2018-03-07,-4.627750,-4.786364,-4.614076
2018-03-08,-4.804249,-4.965041,-4.502213
2018-03-09,-5.226103,-5.355574,-4.795625
2018-03-12,-4.711234,-4.811034,-4.715466
2018-03-13,-4.378299,-4.251882,-4.560445
2018-03-14,-4.512542,-4.668112,-4.311741
2018-03-15,-4.658086,-4.858321,-4.558282
2018-03-16,-4.958904,-4.746422,-4.837931
2018-03-19,-4.385457,-4.040806,-4.484014
2018-03-20,-4.945753,-4.339932,-4.716042
2018-03-21,-4.718048,-4.301212,-4.312496
2018-03-22,-4.242017,-4.233335,-4.105329
2018-03-23,-4.043088,-3.934996,-3.939573
2018-03-26,-4.126555,-3.989646,-4.088357
2018-03-27,-3.946394,-3.720405,-4.029586
2018-03-28,-3.708807,-3.053859,-3.853637
2018-03-29,-4.024743,-3.567032,-4.333392
2018-04-02,-4.085049,-3.586150,-4.105351
2018-04-03,-3.940154,-3.254289,-4.018807
2018-04-04,-4.154974,-3.845323,-4.054892
2018-04-05,-4.354648,-4.134795,-4.247674
2018-04-06,-4.136863,-3.902368,-4.204840
2018-04-09,-4.537418,-4.350792,-4.417489
2018-04-10,-4.417168,-4.250743,-4.228479
2018-04-11,-4.612915,-4.218376,-4.341051
2018-04-12,-4.849561,-4.639088,-4.445168
2018-04-13,-4.664510,-4.472104,-3.955100
2018-04-16,-4.927438,-4.479468,-4.374867
2018-04-17,-5.040906,-4.598955,-4.647353
2018-04-18,-4.928024,-4.532816,-4.668288
2018-04-19,-4.717712,-4.218261,-4.570115
2018-04-20,-4.429609,-4.391948,-4.522716
2018-04-23,-4.663675,-4.298948,-4.703475
2018-04-24,-4.043368,-3.644897,-4.183957
2018-04-25,-4.334831,-3.598983,-4.251290
2018-04-26,-4.554871,-4.247673,-4.668142
2018-04-27,-4.264068,-3.682160,-4.891077
2018-04-30,-4.101289,-4.173464,-4.666599
2018-05-01,-4.315908,-4.295815,-4.566196
2018-05-02,-4.380230,-4.433820,-4.624870
2018-05-03,-4.340491,-4.350346,-4.219485
2018-05-04,-4.468259,-4.815955,-4.602831
2018-05-07,-4.511379,-4.643543,-4.936239
2018-05-08,-4.694410,-4.802575,-4.650718
2018-05-09,-4.921945,-4.849920,-4.557244
2018-05-10,-4.798430,-5.092958,-4.767587
2018-05-11,-4.763528,-5.161933,-4.960064
2018-05-14,-4.957713,-5.226311,-5.097112
2018-05-15,-4.934508,-4.652491,-4.504810
2018-05-16,-4.816205,-4.796578,-5.029638
2018-05-17,-4.804386,-4.846983,-4.912745
2018-05-18,-4.827119,-4.956874,-4.700064
2018-05-21,-4.879045,-4.967549,-5.116817
2018-05-22,-5.047210,-4.978612,-4.855276
2018-05-23,-4.903965,-4.740007,-4.587877
2018-05-24,-4.788603,-4.750955,-4.515335
2018-05-25,-5.053649,-5.155601,-4.858533
2018-05-29,-4.862814,-4.412705,-4.200207
2018-05-30,-5.107018,-5.216230,-4.529107
2018-05-31,-4.722266,-4.903869,-4.366592
2018-06-01,-5.250287,-5.081885,-4.755455
2018-06-04,-4.852536,-5.260528,-5.135476
2018-06-05,-4.885838,-4.719365,-4.762130
2018-06-06,-4.905815,-4.346638,-4.869207
2018-06-07,-4.855591,-4.665489,-4.422348
2018-06-08,-4.879779,-5.024919,-4.923999
2018-06-11,-5.245535,-5.113632,-4.791400
2018-06-12,-5.210856,-5.336768,-4.913675
2018-06-13,-4.794310,-4.870133,-4.414734
2018-06-14,-4.990543,-5.234401,-4.337586
2018-06-15,-4.853089,-5.328598,-4.548011
2018-06-18,-5.106400,-4.945599,-4.892880
2018-06-19,-4.786983,-4.800255,-4.951478
2018-06-20,-4.954696,-4.892063,-4.895353
2018-06-21,-4.583286,-4.064883,-4.684984
2018-06-22,-4.928368,-4.762829,-4.757074
2018-06-25,-4.370305,-3.886538,-4.412134
2018-06-26,-4.663879,-4.378409,-4.377107
2018-06-27,-4.535766,-4.218288,-4.379498
2018-06-28,-4.816987,-4.232922,-4.296031
2018-06-29,-4.133228,-4.674603,-4.318555
2018-07-02,-4.649503,-4.455765,-4.481698
2018-07-03,-4.805275,-4.795954,-4.981232
2018-07-05,-4.860975,-4.514671,-4.666028
2018-07-06,-4.943330,-4.995739,-4.981324
2018-07-09,-5.059170,-4.828339,-4.743006
2018-07-10,-5.192957,-4.894761,-4.898196
2018-07-11,-5.000207,-4.995798,-4.878113
2018-07-12,-5.154884,-4.725893,-4.666256
2018-07-13,-5.361085,-4.681359,-4.107706
2018-07-16,-5.246555,-4.506556,-4.717512
2018-07-17,-5.035988,-4.334904,-4.441324
2018-07-18,-5.167770,-4.700201,-4.816975
2018-07-19,-5.009566,-4.600728,-4.629981
2018-07-20,-4.929303,-5.031514,-4.833690
2018-07-23,-5.067630,-3.939810,-4.568529
2018-07-24,-4.957554,-4.581415,-4.561058
2018-07-25,-5.038028,-4.808222,-4.672837
2018-07-26,-5.136814,-4.596921,-4.827281
2018-07-27,-4.462078,-3.919767,-4.840448
2018-07-30,-4.812847,-3.763349,-4.642384
2018-07-31,-4.582906,-4.118375,-4.576677
2018-08-01,-4.362113,-4.483966,-4.486835
2018-08-02,-4.331076,-4.716045,-4.839611
2018-08-03,-4.773082,-5.029807,-5.181516
2018-08-06,-4.844918,-4.699504,-5.147461
2018-08-07,-4.877267,-4.813178,-5.051098
2018-08-08,-4.773680,-4.770118,-5.319145
2018-08-09,-4.977668,-4.691019,-5.149677
2018-08-10,-4.841473,-4.921649,-4.603006
2018-08-13,-4.719782,-4.527217,-4.591682
2018-08-14,-4.968505,-4.716698,-4.788124
2018-08-15,-4.810174,-4.208729,-4.660223
2018-08-16,-5.067312,-4.800634,-5.040363
2018-08-17,-4.683313,-4.551616,-5.056596
2018-08-20,-4.565033,-4.596205,-5.215680
2018-08-21,-4.728812,-5.037146,-5.023132
2018-08-22,-4.823097,-5.017350,-5.365396
2018-08-23,-4.916761,-4.875824,-5.189425
2018-08-24,-5.062941,-5.179566,-5.127991
2018-08-27,-5.030310,-5.341264,-4.993698
2018-08-28,-5.196987,-4.862722,-5.281853
2018-08-29,-5.076010,-4.716133,-5.033634
2018-08-30,-4.190053,-4.259710,-4.931452
2018-08-31,-4.506003,-4.927678,-4.929514
2018-09-04,-4.540638,-4.340791,-4.977888
2018-09-05,-4.283438,-4.231952,-4.862420
2018-09-06,-4.229733,-3.982586,-4.904730
2018-09-07,-4.177652,-4.292482,-4.904103
2018-09-10,-4.404336,-4.416815,-5.163698
2018-09-11,-4.384488,-4.443594,-5.175083
2018-09-12,-3.868171,-4.246288,-4.821299
2018-09-13,-4.419367,-4.817410,-4.540897
2018-09-14,-4.390335,-4.777310,-5.340639
2018-09-17,-4.291460,-3.963610,-5.175857
2018-09-18,-4.453535,-4.680888,-5.250109
2018-09-19,-4.464708,-4.323275,-4.702442
2018-09-20,-4.534358,-4.658377,-4.937245
2018-09-21,-4.666252,-4.649971,-4.994201
2018-09-24,-4.655272,-4.237597,-4.787484
2018-09-25,-4.723187,-4.488110,-4.997669
2018-09-26,-4.497873,-4.437139,-4.849176
2018-09-27,-4.847930,-4.963590,-4.637010
2018-09-28,-5.028705,-4.541215,-4.852042
2018-10-01,-4.980981,-4.901965,-4.923885
2018-10-02,-4.626894,-4.244009,-4.786154
2018-10-03,-4.828444,-4.415351,-4.633958
2018-10-04,-4.251366,-4.253515,-4.368685
2018-10-05,-4.256594,-3.975456,-4.602326
2018-10-08,-4.214147,-3.822973,-4.400609
2018-10-09,-4.274684,-3.957433,-4.664320
2018-10-10,-3.929674,-3.615626,-4.220587
2018-10-11,-3.391034,-3.058591,-3.771529
2018-10-12,-3.909030,-3.710038,-3.790745
2018-10-15,-4.167498,-3.791766,-4.095924
2018-10-16,-4.446958,-4.251024,-4.437302
2018-10-17,-4.127615,-3.797245,-4.232180
2018-10-18,-4.216057,-4.037069,-4.313952
2018-10-19,-4.286507,-4.033324,-4.326989
2018-10-22,-4.237103,-3.820033,-4.508075
2018-10-23,-4.123187,-3.832793,-4.196409
2018-10-24,-3.881009,-3.765270,-4.298309
2018-10-25,-4.350523,-3.879488,-4.271487
2018-10-26,-3.796170,-3.339640,-3.999934
2018-10-29,-3.643921,-3.296812,-3.961588
2018-10-30,-3.746532,-3.119884,-4.163665
2018-10-31,-4.392338,-3.662090,-4.451539
2018-11-01,-4.258114,-3.741330,-4.461730
2018-11-02,-3.625975,-3.797673,-4.207889
2018-11-05,-4.165947,-3.872890,-4.950658
2018-11-06,-4.469991,-4.135585,-4.613967
2018-11-07,-4.678718,-4.124196,-4.341569
2018-11-08,-4.457974,-3.665827,-4.664471
2018-11-09,-4.655214,-4.289340,-4.624821
2018-11-12,-4.164096,-3.711051,-4.390810
2018-11-13,-3.769943,-3.527572,-4.385508
2018-11-14,-3.897786,-3.779186,-4.133604
2018-11-15,-4.025350,-3.544250,-4.120549
2018-11-16,-4.098814,-3.807695,-4.602634
2018-11-19,-4.234572,-3.598047,-4.353416
2018-11-20,-3.656602,-3.208827,-4.160577
2018-11-21,-4.286525,-4.089983,-4.576931
2018-11-23,-4.678296,-4.595157,-4.916552
2018-11-26,-4.084664,-3.945761,-4.619029
2018-11-27,-4.096733,-3.851663,-4.519015
2018-11-28,-4.153699,-3.964054,-4.475552
2018-11-29,-4.225905,-4.068812,-4.691611
2018-11-30,-4.577323,-4.452172,-4.760618
2018-12-03,-4.411954,-4.145516,-4.474990
2018-12-04,-4.252393,-3.630393,-4.149748
2018-12-06,-3.950209,-3.405008,-3.932238
2018-12-07,-3.976789,-3.495846,-3.885538
2018-12-10,-3.691759,-3.304520,-3.886409
2018-12-11,-4.005654,-3.692969,-4.229840
2018-12-12,-4.322614,-4.040164,-4.160997
2018-12-13,-4.171240,-4.026675,-4.369776
2018-12-14,-4.293994,-4.173087,-4.137953
2018-12-17,-4.201988,-3.533507,-4.208701
2018-12-18,-4.143516,-3.666725,-4.128770
2018-12-19,-3.574990,-3.032311,-3.627569
2018-12-20,-3.762450,-3.344056,-3.805753
2018-12-21,-3.683057,-3.283169,-3.939514
2018-12-24,-3.836407,-3.180037,-3.911317
2018-12-26,-3.725006,-3.404584,-3.889085
2018-12-27,-3.617504,-3.368994,-3.758552
2018-12-28,-3.975074,-3.787700,-4.093220
2018-12-31,-4.230441,-3.856443,-4.175087
2019-01-02,-4.145818,-3.726775,-4.180202
2019-01-03,-3.766027,-3.667141,-4.035872
2019-01-04,-4.031114,-3.882525,-4.226575
2019-01-07,-3.975372,-3.989378,-4.357981
2019-01-08,-4.325617,-3.868800,-4.338262
2019-01-09,-3.992442,-3.935877,-4.533667
2019-01-10,-4.352707,-4.236073,-4.449944
2019-01-11,-4.597448,-4.423653,-4.919925
2019-01-14,-4.634282,-4.299694,-4.427754
2019-01-15,-4.427058,-4.315748,-3.939311
2019-01-16,-4.641907,-4.485787,-4.351223
2019-01-17,-4.153316,-4.562924,-4.539108
2019-01-18,-4.544104,-4.647465,-4.585245
2019-01-22,-4.349858,-4.033085,-4.418347
2019-01-23,-4.468354,-4.155430,-4.609701
2019-01-24,-4.686377,-4.415157,-4.829991
2019-01-25,-4.546436,-4.542600,-4.608157
2019-01-28,-4.297862,-4.350819,-4.726123
2019-01-29,-4.246741,-4.414563,-4.613780
2019-01-30,-4.086512,-4.340539,-4.472161
2019-01-31,-4.302454,-4.058010,-4.661004
2019-02-01,-4.460200,-3.941904,-4.668691
2019-02-04,-4.445204,-4.339751,-4.919973
2019-02-05,-4.554303,-4.576121,-4.901476
2019-02-06,-4.519932,-4.383489,-4.924985
2019-02-07,-4.338659,-4.243226,-4.557921
2019-02-08,-4.739230,-4.408685,-4.608253
2019-02-11,-4.645100,-4.605964,-4.671211
2019-02-12,-4.838567,-4.654969,-5.002843
2019-02-13,-4.785930,-4.795675,-4.922470
2019-02-14,-4.816012,-4.482271,-4.491185
2019-02-15,-4.789130,-4.721767,-4.663064
2019-02-19,-4.991520,-4.876892,-4.737878
2019-02-20,-4.748353,-4.552743,-5.056443
2019-02-21,-4.770719,-4.806437,-4.852501
2019-02-22,-5.044028,-5.262062,-4.973333
2019-02-25,-4.944050,-4.752414,-5.076883
2019-02-26,-4.798356,-4.959647,-4.524402
2019-02-27,-4.900841,-4.858052,-4.817413
2019-02-28,-4.998055,-4.831572,-5.082708
2019-03-01,-4.980483,-4.798893,-4.748972
2019-03-04,-4.432608,-4.215275,-4.536574
2019-03-05,-4.938528,-4.416709,-4.783051
2019-03-06,-4.929190,-4.585664,-4.816452
2019-03-07,-4.685654,-4.575287,-4.623098
2019-03-08,-4.791845,-4.384248,-4.753195
2019-03-11,-5.013187,-4.804230,-5.107006
2019-03-12,-4.634470,-4.509286,-5.042654
2019-03-13,-4.792815,-4.927547,-4.825055
2019-03-14,-4.637501,-4.712228,-4.981148
2019-03-15,-4.787517,-4.671385,-4.481834
2019-03-18,-4.849722,-4.677006,-4.793234
2019-03-19,-4.507141,-4.353735,-4.728566
2019-03-20,-4.396922,-4.316664,-4.562280
2019-03-21,-4.463586,-4.493968,-4.503802
2019-03-22,-4.051885,-4.283081,-4.316145
2019-03-25,-4.025103,-3.955241,-4.267901
2019-03-26,-4.130709,-4.515181,-4.572150
2019-03-27,-4.330632,-4.266416,-4.565665
2019-03-28,-4.765617,-4.597795,-4.877273
2019-03-29,-5.005470,-4.969525,-4.539935
2019-04-01,-4.584785,-4.981061,-4.568467
2019-04-02,-4.785179,-4.958432,-4.729729
2019-04-03,-4.644956,-4.991457,-4.800994
2019-04-04,-4.773213,-4.808304,-4.807324
2019-04-05,-5.463523,-5.247139,-4.712651
2019-04-08,-4.847214,-5.148792,-4.939017
2019-04-09,-4.491574,-5.034812,-4.829005
2019-04-10,-4.768996,-4.855335,-4.888156
2019-04-11,-5.012370,-5.285867,-4.748468
2019-04-12,-4.705810,-5.318790,-3.982499
2019-04-15,-5.133845,-4.933247,-4.465785
2019-04-16,-4.607717,-5.172075,-4.765658
2019-04-17,-4.629027,-5.007521,-4.353969
2019-04-18,-4.874912,-5.409316,-4.615483
2019-04-22,-5.165473,-5.022000,-5.073539
2019-04-23,-4.968210,-4.783427,-4.842176
2019-04-24,-5.023535,-4.872606,-4.886145
2019-04-25,-4.646689,-4.600328,-4.961388
2019-04-26,-4.718312,-4.176963,-4.783545
2019-04-29,-5.093807,-4.791355,-4.640066
2019-04-30,-4.317016,-4.653801,-4.679305
2019-05-01,-4.168263,-4.740009,-4.431450
2019-05-02,-4.297046,-4.421301,-4.738862
2019-05-03,-4.970313,-4.698356,-4.926232
2019-05-06,-4.438191,-4.592710,-4.573570
2019-05-07,-4.180541,-4.246115,-4.497442
2019-05-08,-4.214178,-4.395108,-4.785012
2019-05-09,-3.964570,-4.170430,-4.353274
2019-05-10,-3.982928,-4.242819,-4.456874
2019-05-13,-3.937131,-4.291922,-4.367513
2019-05-14,-4.188521,-4.384636,-4.685329
2019-05-15,-4.532479,-4.577042,-4.332662
2019-05-16,-4.428296,-4.679874,-4.744857
2019-05-17,-4.166310,-4.472908,-4.851402
2019-05-20,-4.217385,-4.498728,-5.066413
2019-05-21,-4.729120,-4.538114,-5.114655
2019-05-22,-4.535862,-4.637958,-5.148321
2019-05-23,-4.291392,-4.519007,-4.649389
2019-05-24,-4.655949,-4.678347,-5.278158
2019-05-28,-4.499641,-4.757568,-4.717584
2019-05-29,-4.373651,-4.513474,-4.624086
2019-05-30,-4.679018,-4.776523,-4.648739
2019-05-31,-4.579691,-4.708386,-4.677760
2019-06-03,-3.732353,-3.741293,-4.496445
2019-06-04,-4.351156,-4.275913,-4.626487
2019-06-05,-4.161985,-4.431053,-4.782399
2019-06-06,-4.538576,-4.556713,-4.557129
2019-06-07,-4.467984,-4.394010,-4.722567
2019-06-10,-4.480134,-4.291836,-4.753130
2019-06-11,-4.368506,-4.416348,-4.653672
2019-06-12,-4.805725,-4.574423,-4.985488
2019-06-13,-4.595766,-4.624075,-4.664613
2019-06-14,-4.752830,-4.981764,-4.885386
2019-06-17,-5.036066,-5.036473,-4.987041
2019-06-18,-4.399579,-4.745537,-4.628103
2019-06-19,-4.448002,-4.293696,-4.680457
2019-06-20,-4.720030,-4.665391,-4.623640
2019-06-21,-4.950572,-5.121850,-4.448718
2019-06-24,-5.083136,-4.951217,-5.048060
2019-06-25,-4.806619,-4.566469,-4.576977
2019-06-26,-4.597608,-4.734857,-4.669437
2019-06-27,-5.170470,-5.155191,-4.960011
2019-06-28,-4.855764,-5.043784,-4.398009
2019-07-01,-4.553114,-4.877792,-4.586450
2019-07-02,-5.040301,-5.006034,-4.902451
2019-07-03,-5.375501,-5.687773,-5.274014
2019-07-05,-5.242508,-5.188198,-4.812490
2019-07-08,-4.524490,-5.029691,-4.985914
2019-07-09,-5.170651,-4.968053,-5.004810
2019-07-10,-4.896466,-4.858062,-5.021566
2019-07-11,-4.991219,-4.769129,-4.974630
2019-07-12,-5.158092,-5.396360,-4.966614
2019-07-15,-5.481569,-4.902299,-4.954470
2019-07-16,-4.944325,-4.792564,-4.366126
2019-07-17,-5.150005,-5.047912,-4.742468
2019-07-18,-5.029515,-4.568107,-4.894634
2019-07-19,-4.848158,-4.769048,-4.959560
2019-07-22,-5.027171,-4.842503,-4.921555
2019-07-23,-5.028823,-4.933576,-4.863808
2019-07-24,-4.904097,-5.206134,-5.281654
2019-07-25,-5.041448,-4.606813,-4.928763
2019-07-26,-5.169915,-4.473008,-5.088150
2019-07-29,-5.047388,-4.582959,-5.126396
2019-07-30,-4.802628,-4.601122,-5.111031
2019-07-31,-3.946338,-4.257133,-4.553728
2019-08-01,-3.633125,-3.961615,-4.038550
2019-08-02,-4.122105,-4.347229,-4.404950
2019-08-05,-4.009254,-3.889697,-4.245962
2019-08-06,-4.257987,-4.124329,-4.326128
2019-08-07,-4.126865,-3.990992,-4.145546
2019-08-08,-4.661538,-4.797694,-4.646538
2019-08-09,-4.331754,-4.548295,-4.482441
2019-08-12,-4.535913,-4.632240,-4.690130
2019-08-13,-3.338159,-4.086812,-4.027870
2019-08-14,-4.164036,-4.304031,-4.270560
2019-08-15,-4.154382,-4.454616,-4.360531
2019-08-16,-4.669829,-4.828220,-4.663135
2019-08-19,-4.888165,-5.244105,-4.635997
2019-08-20,-4.609974,-4.949273,-4.931481
2019-08-21,-4.947115,-5.265416,-4.911106
2019-08-22,-4.626634,-4.455083,-4.666436
2019-08-23,-3.597103,-4.162867,-4.114325
2019-08-26,-4.359500,-4.625515,-4.831069
2019-08-27,-4.464784,-4.593252,-4.541852
2019-08-28,-4.706204,-4.625987,-4.682214
2019-08-29,-4.675208,-4.905553,-4.637594
2019-08-30,-4.557017,-4.759216,-4.972484
2019-09-03,-4.517250,-4.386323,-4.461610
2019-09-04,-5.137013,-5.136897,-4.997002
2019-09-05,-4.872383,-5.053159,-4.402567
2019-09-06,-4.959647,-4.979512,-4.813384
2019-09-09,-4.670472,-4.757058,-4.896853
2019-09-10,-4.118800,-4.540707,-4.626689
2019-09-11,-4.539634,-4.893019,-4.661562
2019-09-12,-4.486470,-4.846552,-4.590001
2019-09-13,-4.254386,-5.177752,-4.966050
2019-09-16,-4.773232,-4.794484,-4.757931
2019-09-17,-5.026156,-5.060917,-4.798387
2019-09-18,-4.608449,-4.778000,-4.521795
2019-09-19,-4.828157,-5.022621,-5.051673
2019-09-20,-4.259243,-4.322439,-4.418694
2019-09-23,-4.709745,-4.800500,-5.079579
2019-09-24,-4.179668,-4.191003,-4.487299
2019-09-25,-4.754286,-4.390918,-5.112374
2019-09-26,-4.853781,-4.663358,-4.900180
2019-09-27,-4.395959,-4.244793,-4.625004
2019-09-30,-4.923562,-4.596993,-4.950646
2019-10-01,-4.232881,-4.544235,-4.344619
2019-10-02,-4.530024,-4.606077,-4.580522
2019-10-03,-4.156369,-4.243403,-3.905596
2019-10-04,-4.626346,-4.854856,-4.826182
2019-10-07,-4.543670,-4.740901,-4.922473
2019-10-08,-4.408420,-4.711966,-4.553003
2019-10-09,-4.898357,-5.094220,-4.650707
2019-10-10,-4.723726,-4.726452,-4.456330
2019-10-11,-4.857222,-4.981144,-4.432909
2019-10-14,-4.740388,-4.973200,-4.941579
2019-10-15,-4.921161,-5.016506,-4.232191
2019-10-16,-5.136246,-4.832759,-4.723327
2019-10-17,-4.935723,-4.896582,-4.725353
2019-10-18,-4.776621,-4.555222,-4.906055
2019-10-21,-4.803542,-4.946663,-4.815139
2019-10-22,-4.904624,-4.898393,-4.896777
2019-10-23,-4.975131,-4.672586,-5.116427
2019-10-24,-4.919664,-4.804249,-4.928194
2019-10-25,-4.989002,-4.147990,-5.092399
2019-10-28,-5.130693,-4.459035,-5.005893
2019-10-29,-4.410970,-4.783317,-4.979054
2019-10-30,-4.531574,-4.733233,-4.795459
2019-10-31,-4.213546,-4.505381,-4.472242
2019-11-01,-4.907539,-5.217428,-5.034924
2019-11-04,-4.833716,-5.142749,-5.118607
2019-11-05,-5.177962,-5.064587,-4.938464
2019-11-06,-4.996741,-5.070318,-4.754233
2019-11-07,-4.929046,-4.891136,-4.876205
2019-11-08,-5.071469,-5.124644,-5.005327
2019-11-11,-4.984668,-5.297317,-5.602812
2019-11-12,-5.039721,-4.975938,-4.982630
2019-11-13,-4.754456,-4.872721,-4.868576
2019-11-14,-4.872022,-4.938325,-5.147636
2019-11-15,-5.127489,-4.981675,-5.064575
2019-11-18,-5.099078,-4.551869,-5.135797
2019-11-19,-4.973233,-4.843231,-4.823399
2019-11-20,-4.452920,-4.604396,-4.745827
2019-11-21,-4.815189,-4.897710,-4.931152
2019-11-22,-4.890843,-4.981361,-4.946863
2019-11-25,-5.302448,-5.015824,-5.392061
2019-11-26,-4.729020,-4.995845,-5.146646
2019-11-27,-5.521096,-5.070259,-5.382258
2019-11-29,-5.209826,-4.950080,-5.394441
2019-12-02,-4.653976,-4.452443,-4.684445
2019-12-03,-4.496003,-4.614709,-4.604180
2019-12-04,-5.075444,-4.844193,-5.050742
2019-12-05,-5.009044,-5.070598,-4.995542
2019-12-06,-5.198327,-5.154951,-5.141436
2019-12-09,-4.742373,-4.915739,-5.025219
2019-12-10,-4.745452,-5.050626,-4.803825
2019-12-11,-5.069267,-5.052728,-5.004187
2019-12-12,-4.046357,-4.613401,-4.331044
2019-12-13,-4.383317,-4.755092,-4.569823
2019-12-16,-5.020077,-5.242637,-5.155492
2019-12-17,-4.996870,-5.228811,-5.115158
2019-12-18,-5.014895,-4.908731,-5.099843
2019-12-19,-5.031419,-5.202264,-5.352804
2019-12-20,-5.121131,-5.086950,-4.785476
2019-12-23,-5.306744,-5.502363,-5.496232
2019-12-24,-5.318780,-5.943048,-5.874692
2019-12-26,-5.211335,-4.504887,-5.450836
2019-12-27,-4.364303,-4.372801,-5.175764
2019-12-30,-4.320778,-4.013717,-5.128909
2019-12-31,-4.899022,-4.661680,-5.459162
2020-01-02,-4.922478,-4.782615,-5.134785
2020-01-03,-4.597904,-4.762591,-4.627859
2020-01-06,-4.694087,-4.617299,-5.183836
2020-01-07,-4.612896,-4.546751,-5.113983
2020-01-08,-4.693941,-4.665101,-4.795731
2020-01-09,-4.436432,-4.863850,-5.173697
2020-01-10,-4.492475,-4.815707,-5.094266
2020-01-13,-4.993332,-5.144095,-5.262746
2020-01-14,-4.282771,-4.667328,-4.345748
2020-01-15,-4.533747,-4.948391,-4.714526
2020-01-16,-4.819570,-4.826160,-5.128394
2020-01-17,-4.948706,-5.096318,-5.257982
2020-01-21,-4.952120,-4.870619,-5.441383
2020-01-22,-4.804960,-4.673425,-5.186924
2020-01-23,-4.823658,-5.100540,-5.092195
2020-01-24,-4.414841,-4.730978,-4.591250
2020-01-27,-4.371807,-4.814234,-4.479040
2020-01-28,-4.819550,-5.034138,-4.798663
2020-01-29,-4.377739,-4.788369,-4.619496
2020-01-30,-4.371554,-4.637537,-4.543279
2020-01-31,-3.985267,-4.122619,-4.607731
2020-02-03,-4.112332,-4.384792,-4.687774
2020-02-04,-4.547859,-4.532979,-4.861085
2020-02-05,-4.315882,-4.348923,-4.622465
2020-02-06,-4.669954,-4.664668,-4.865500
2020-02-07,-4.700438,-4.351779,-4.923308
2020-02-10,-4.626253,-4.538178,-5.006596
2020-02-11,-4.715143,-4.050144,-5.018523
2020-02-12,-4.933459,-4.599428,-5.062728
2020-02-13,-4.774228,-4.499593,-4.761368
2020-02-14,-4.846479,-4.889071,-5.095698
2020-02-18,-4.449734,-4.663745,-4.744861
2020-02-19,-5.011256,-4.918148,-5.219863
2020-02-20,-4.404174,-4.283256,-4.467848
2020-02-21,-4.229701,-4.273994,-4.680965
2020-02-24,-3.851090,-4.162603,-4.290337
2020-02-25,-3.731162,-3.883866,-3.963289
2020-02-26,-3.692741,-3.848982,-3.873810
2020-02-27,-3.185534,-3.419943,-3.489724
2020-02-28,-2.801804,-3.237018,-3.043159
2020-03-02,-3.405058,-3.617958,-3.439099
2020-03-03,-2.986062,-3.181549,-3.152206
2020-03-04,-3.864316,-4.018764,-3.767889
2020-03-05,-3.838306,-4.004120,-3.737148
2020-03-06,-3.618613,-3.855116,-3.345049
2020-03-09,-2.965072,-3.225460,-3.030150
2020-03-10,-3.259149,-3.482833,-3.053250
2020-03-11,-3.548621,-3.734963,-3.355931
2020-03-12,-2.655313,-3.014493,-2.433939
2020-03-13,-2.762301,-3.080268,-2.683394
2020-03-16,-2.829396,-2.855828,-2.612538
2020-03-17,-2.958310,-2.832127,-2.528667
2020-03-18,-3.187110,-3.018786,-2.768347
2020-03-19,-3.246911,-3.206910,-2.470019
2020-03-20,-3.241349,-3.208844,-2.684700
2020-03-23,-2.745556,-3.163573,-2.799343
2020-03-24,-3.532700,-3.718004,-3.204854
2020-03-25,-3.087063,-3.776210,-2.939837
2020-03-26,-3.345484,-3.907158,-3.069829
2020-03-27,-3.696183,-4.214170,-3.577703
2020-03-30,-3.954864,-4.058702,-3.586387
2020-03-31,-3.670668,-3.950099,-3.642923
2020-04-01,-3.967492,-4.248253,-3.769457
2020-04-02,-3.690682,-4.188891,-3.356117
2020-04-03,-4.031881,-4.631696,-3.506482
2020-04-06,-3.912727,-4.416368,-3.566658
2020-04-07,-3.607705,-4.012513,-3.343329
2020-04-08,-4.162156,-4.683941,-3.786529
2020-04-09,-3.923356,-4.299456,-3.233031
2020-04-13,-4.112049,-3.780538,-3.459854
2020-04-14,-4.115659,-3.952518,-3.267348
2020-04-15,-4.131902,-3.744093,-3.907278
2020-04-16,-4.129718,-3.472939,-3.814391
2020-04-17,-4.072002,-3.693359,-3.592835
2020-04-20,-4.297418,-3.960287,-3.710796
2020-04-21,-3.832162,-3.445108,-3.789569
2020-04-22,-4.496230,-4.143425,-4.183019
2020-04-23,-4.148838,-4.296834,-3.838021
2020-04-24,-4.483249,-4.510303,-4.219392
2020-04-27,-4.342593,-4.126549,-3.960198
2020-04-28,-4.285353,-4.142596,-3.717627
2020-04-29,-4.395482,-4.050204,-3.831098
2020-04-30,-4.037636,-4.109961,-3.938738
2020-05-01,-3.637861,-3.573932,-4.035248
2020-05-04,-4.257307,-4.003824,-4.009346
2020-05-05,-4.418486,-4.636708,-4.127225
2020-05-06,-4.478737,-4.608875,-3.937402
2020-05-07,-4.619253,-4.665907,-4.036179
2020-05-08,-4.688155,-4.721016,-4.196521
2020-05-11,-4.661681,-4.585340,-4.362759
2020-05-12,-4.214093,-4.482744,-4.024400
2020-05-13,-3.817964,-3.818054,-3.905213
2020-05-14,-3.979791,-4.203729,-3.467694
2020-05-15,-4.215030,-4.506283,-4.041913
2020-05-18,-4.559590,-4.428830,-3.962497
2020-05-19,-4.356406,-4.268570,-3.769358
2020-05-20,-4.821665,-4.789374,-4.133291
2020-05-21,-4.459588,-4.054915,-4.290702
2020-05-22,-4.748154,-4.536713,-4.425996
2020-05-26,-4.358683,-4.486301,-3.993599
2020-05-27,-4.172248,-3.831704,-3.629766
2020-05-28,-4.350914,-4.228479,-3.742021
2020-05-29,-4.225877,-4.253592,-3.785314
2020-06-01,-4.947133,-4.690153,-4.283425
2020-06-02,-4.771351,-4.637362,-4.366039
2020-06-03,-4.803537,-4.726476,-4.283221
2020-06-04,-4.682289,-4.404512,-3.852048
2020-06-05,-4.523613,-4.651183,-3.727274
2020-06-08,-4.593529,-4.535661,-4.037894
2020-06-09,-4.336111,-4.118579,-3.948109
2020-06-10,-4.004223,-4.000920,-3.626577
2020-06-11,-3.821108,-3.598739,-3.726647
2020-06-12,-3.531363,-3.616254,-3.409912
2020-06-15,-3.901543,-4.168924,-3.624403
2020-06-16,-4.061125,-4.225351,-3.529342
2020-06-17,-4.725518,-4.577571,-4.464937
2020-06-18,-4.704613,-4.788370,-4.088564
2020-06-19,-4.072893,-4.484670,-4.062038
2020-06-22,-4.726188,-4.689392,-4.330742
2020-06-23,-4.402107,-4.557436,-4.257155
2020-06-24,-3.951104,-3.986227,-4.009575
2020-06-25,-4.104101,-4.359231,-3.709168
2020-06-26,-3.965928,-4.128607,-4.065751
2020-06-29,-4.226984,-4.264570,-4.082834
2020-06-30,-4.579987,-4.345226,-3.954936
2020-07-01,-4.768285,-4.243039,-4.154984
2020-07-02,-4.585985,-3.855189,-4.189811
2020-07-06,-4.712927,-4.056063,-4.277224
2020-07-07,-4.248339,-3.707552,-4.692994
2020-07-08,-4.430831,-4.147170,-4.457426
2020-07-09,-4.270453,-3.852638,-3.983257
2020-07-10,-4.736220,-4.046992,-3.890917
2020-07-13,-3.838281,-3.096886,-3.753958
2020-07-14,-3.697825,-3.045959,-3.541420
2020-07-15,-3.870653,-3.612034,-4.097796
2020-07-16,-4.376276,-3.660905,-4.242946
2020-07-17,-4.711125,-3.996226,-4.473446
2020-07-20,-4.773616,-3.948352,-4.479462
2020-07-21,-4.375836,-3.412777,-4.151012
2020-07-22,-4.549002,-3.996154,-4.496090
2020-07-23,-3.924104,-3.712408,-4.339241
2020-07-24,-3.750707,-3.507006,-4.609294
2020-07-27,-4.327747,-3.993060,-4.551991
2020-07-28,-4.637923,-4.275333,-4.648251
2020-07-29,-4.416124,-4.209939,-4.311416
2020-07-30,-4.304064,-4.120199,-4.276243
2020-07-31,-3.887745,-3.789496,-4.445506
2020-08-03,-3.916772,-4.143253,-4.409591
2020-08-04,-4.188053,-3.984664,-4.757745
2020-08-05,-4.329523,-4.452907,-4.436801
2020-08-06,-4.253307,-4.330677,-4.540759
2020-08-07,-3.962760,-4.092772,-4.411861
2020-08-10,-3.950931,-4.127133,-4.182066
2020-08-11,-3.947231,-4.026239,-3.949643
2020-08-12,-4.254218,-4.344411,-4.127940
2020-08-13,-4.291529,-4.395950,-4.135204
2020-08-14,-4.367812,-4.297766,-4.444529
2020-08-17,-4.565922,-4.610021,-4.433104
2020-08-18,-4.226303,-3.782094,-4.553316
2020-08-19,-4.709924,-4.368349,-4.293598
2020-08-20,-4.707694,-4.517499,-4.408020
2020-08-21,-4.025202,-4.716563,-4.401025
2020-08-24,-3.513145,-3.631358,-4.162819
2020-08-25,-4.241319,-4.229114,-4.317492
2020-08-26,-4.371500,-4.151773,-4.685358
2020-08-27,-4.184879,-4.232954,-4.029857
2020-08-28,-4.193784,-4.598841,-4.350648
2020-08-31,-3.677786,-4.129989,-4.485055
2020-09-01,-4.060319,-4.512604,-4.617027
2020-09-02,-2.851791,-4.124711,-3.967565
2020-09-03,-3.129622,-3.422483,-3.730761
2020-09-04,-2.671229,-3.045859,-3.759318
2020-09-08,-3.357493,-3.532794,-4.006849
2020-09-09,-3.550320,-3.754073,-4.063716
2020-09-10,-3.447254,-3.644013,-4.155202
2020-09-11,-3.439953,-3.736490,-4.539144
2020-09-14,-3.883739,-4.154419,-4.210662
2020-09-15,-3.620805,-4.235721,-4.075069
2020-09-16,-4.075886,-4.083389,-4.094594
2020-09-17,-3.688812,-4.027807,-4.471377
2020-09-18,-3.677587,-3.957846,-4.239530
2020-09-21,-3.543950,-3.824850,-4.067839
2020-09-22,-3.730962,-3.994343,-4.188719
2020-09-23,-3.765170,-3.946922,-4.418139
2020-09-24,-3.533328,-3.509877,-4.036178
2020-09-25,-4.000907,-4.164418,-4.231964
2020-09-28,-4.133445,-4.289441,-4.359362
2020-09-29,-4.292783,-4.530902,-4.333797
2020-09-30,-4.010389,-4.201342,-4.133760
2020-10-01,-4.344746,-4.471199,-4.282787
2020-10-02,-3.985856,-4.117272,-4.208576
2020-10-05,-4.627506,-4.440782,-4.577544
2020-10-06,-3.786905,-4.123741,-3.805748
2020-10-07,-4.589263,-4.458263,-4.487815
2020-10-08,-4.713587,-4.439538,-4.520875
2020-10-09,-4.604009,-4.585160,-4.296429
2020-10-12,-4.153213,-4.080878,-4.821139
2020-10-13,-3.406385,-4.008383,-4.086269
2020-10-14,-3.822572,-4.070900,-4.496557
2020-10-15,-4.205011,-4.115306,-4.333794
2020-10-16,-4.290516,-3.150774,-4.580569
2020-10-19,-4.078710,-3.800876,-4.422874
2020-10-20,-3.892376,-3.875974,-4.330226
2020-10-21,-4.201302,-4.221242,-4.477065
2020-10-22,-4.096953,-4.129712,-4.361271
2020-10-23,-4.510481,-4.342029,-4.324827
2020-10-26,-4.071970,-3.939709,-4.420044
2020-10-27,-4.236793,-4.096825,-4.534944
2020-10-28,-3.877756,-3.930223,-4.017820
2020-10-29,-3.765582,-4.003313,-3.931305
2020-10-30,-3.638146,-3.895548,-3.847643
2020-11-02,-4.013613,-3.944687,-4.032556
2020-11-03,-4.136567,-3.908333,-4.100005
2020-11-04,-3.831230,-4.027073,-3.825685
2020-11-05,-4.122323,-4.023459,-4.216158
2020-11-06,-4.164349,-4.168059,-4.394090
2020-11-09,-3.633488,-3.260724,-3.475582
2020-11-10,-3.650790,-3.617309,-3.874574
2020-11-11,-4.346234,-4.214848,-4.007433
2020-11-12,-4.246275,-4.068326,-4.375196
2020-11-13,-4.547813,-4.236449,-4.456575
2020-11-16,-4.180836,-4.087273,-4.151790
2020-11-17,-4.587573,-4.381660,-4.398653
2020-11-18,-4.466572,-4.520695,-4.239761
2020-11-19,-4.595679,-4.653374,-4.408337
2020-11-20,-4.880338,-4.819771,-4.624478
2020-11-23,-4.262864,-4.164339,-4.460954
2020-11-24,-4.250330,-4.601269,-4.153932
2020-11-25,-4.514149,-4.216274,-4.539691
2020-11-27,-5.149019,-4.944484,-4.788960
2020-11-30,-3.966887,-4.205421,-4.487174
2020-12-01,-4.089108,-4.284180,-4.325863
2020-12-02,-4.272198,-4.493061,-4.597511
2020-12-03,-4.527072,-4.618643,-4.286111
2020-12-04,-4.648959,-5.042849,-4.451852
2020-12-07,-4.635318,-4.550177,-4.334599
2020-12-08,-4.499119,-4.623675,-4.707669
2020-12-09,-3.907027,-4.308570,-4.363284
2020-12-10,-4.317808,-4.294105,-4.686169
2020-12-11,-4.229239,-4.496838,-4.471871
2020-12-14,-4.534062,-4.252240,-4.506053
2020-12-15,-4.224189,-4.456836,-4.603851
2020-12-16,-4.526006,-4.398414,-4.559869
2020-12-17,-4.607356,-4.626433,-4.705559
2020-12-18,-4.529516,-4.627192,-4.391678
2020-12-21,-3.985985,-4.300684,-3.889035
2020-12-22,-3.764056,-4.455148,-4.536924
2020-12-23,-4.516731,-5.038866,-4.456419
2020-12-24,-4.719257,-5.049830,-4.769020
2020-12-28,-4.370275,-4.276672,-4.636646
2020-12-29,-4.064409,-4.269619,-4.594772
2020-12-30,-4.542527,-4.825683,-4.873700
2020-12-31,-4.457108,-4.833835,-4.895436
2021-01-04,-3.904903,-4.192449,-4.305688
2021-01-05,-4.264641,-4.387488,-4.357906
2021-01-06,-3.887552,-4.226040,-4.069126
2021-01-07,-4.325705,-4.453641,-4.234156
2021-01-08,-4.100533,-4.289739,-4.439027
2021-01-11,-4.478183,-4.718069,-4.529492
2021-01-12,-4.292041,-4.423514,-4.263972
2021-01-13,-4.244621,-4.340746,-4.435244
2021-01-14,-4.558914,-4.509015,-4.294558
2021-01-15,-4.227499,-4.584415,-4.050290
2021-01-19,-4.660604,-4.601982,-4.251710
2021-01-20,-4.482313,-4.496883,-4.355378
2021-01-21,-4.359232,-4.159511,-4.657469
2021-01-22,-4.230166,-4.686268,-4.470345
2021-01-25,-3.243979,-3.907411,-4.297365
2021-01-26,-4.104747,-4.445065,-4.678295
2021-01-27,-3.796342,-3.904201,-4.088809
2021-01-28,-3.710120,-4.285840,-4.047998
2021-01-29,-3.402169,-4.103734,-4.038153
2021-02-01,-3.675921,-4.170291,-4.395478
2021-02-02,-4.618373,-4.042245,-4.317025
2021-02-03,-4.504324,-3.930604,-4.458432
2021-02-04,-4.503230,-4.276709,-4.482828
2021-02-05,-4.733173,-4.509846,-4.783601
2021-02-08,-4.666132,-4.804521,-4.705802
2021-02-09,-4.736085,-4.686870,-4.726460
2021-02-10,-4.360335,-4.297434,-4.475769
2021-02-11,-4.651082,-4.729062,-4.694650
2021-02-12,-4.810353,-4.920761,-4.787546
2021-02-16,-4.629470,-4.364958,-4.586997
2021-02-17,-4.493164,-4.566123,-4.530890
2021-02-18,-4.366354,-4.637076,-4.515385
2021-02-19,-4.378602,-4.757239,-4.761928
2021-02-22,-4.292236,-4.310232,-4.575587
2021-02-23,-3.484067,-3.895298,-4.337315
2021-02-24,-4.002605,-4.291540,-4.385957
2021-02-25,-3.817086,-4.036261,-4.183860
2021-02-26,-3.434603,-3.765954,-3.921165
2021-03-01,-4.236832,-4.519075,-4.482104
2021-03-02,-4.258067,-4.473041,-4.472709
2021-03-03,-4.053047,-3.962890,-4.277284
2021-03-04,-3.530632,-3.527817,-3.976257
2021-03-05,-3.774537,-3.655770,-3.983544
2021-03-08,-4.054656,-3.749757,-4.155940
2021-03-09,-4.171829,-4.217754,-4.219330
2021-03-10,-4.192436,-3.887689,-4.363482
2021-03-11,-4.357224,-4.389845,-4.396858
2021-03-12,-4.459255,-4.473843,-4.652048
2021-03-15,-4.232606,-4.658933,-4.309407
2021-03-16,-4.263512,-4.563992,-4.683370
2021-03-17,-4.145121,-4.013581,-4.304660
2021-03-18,-4.443413,-4.278835,-4.262391
2021-03-19,-4.300096,-4.158312,-3.806743
2021-03-22,-4.638582,-4.928980,-4.549227
2021-03-23,-4.309394,-4.357158,-4.234591
2021-03-24,-4.431566,-4.244868,-4.239711
2021-03-25,-4.101573,-4.022714,-4.290475
2021-03-26,-4.206995,-4.232211,-4.374424
2021-03-29,-4.416412,-4.305601,-4.299369
2021-03-30,-4.569887,-4.454498,-4.510254
2021-03-31,-4.646301,-4.724429,-4.758472
2021-04-01,-4.614604,-4.646483,-4.612114
2021-04-05,-4.415221,-4.490322,-4.583217
2021-04-06,-4.690616,-4.580174,-4.939827
2021-04-07,-4.544445,-4.613449,-4.745588
2021-04-08,-4.687722,-4.852597,-4.828692
2021-04-09,-4.604025,-4.643210,-4.863397
2021-04-12,-4.636454,-4.429015,-4.883693
2021-04-13,-4.401495,-4.726880,-4.468834
2021-04-14,-4.362156,-4.459249,-4.365150
2021-04-15,-4.548937,-4.517340,-4.470063
2021-04-16,-4.813006,-4.817557,-4.790071
2021-04-19,-4.479891,-4.435167,-4.518570
2021-04-20,-4.301073,-4.485927,-4.727489
2021-04-21,-4.624109,-4.458254,-4.678548
2021-04-22,-4.272710,-4.381524,-4.543801
2021-04-23,-4.813022,-4.719731,-4.781407
2021-04-26,-4.857504,-4.312369,-4.793199
2021-04-27,-4.842382,-4.420405,-4.835338
2021-04-28,-4.456332,-4.393514,-4.857705
2021-04-29,-3.900103,-4.313763,-4.854568
2021-04-30,-4.537324,-4.209739,-4.835519
2021-05-03,-4.593142,-4.206720,-4.722932
2021-05-04,-4.324145,-4.285483,-4.413068
2021-05-05,-4.558123,-4.306722,-4.814125
2021-05-06,-4.226017,-4.021158,-4.695860
2021-05-07,-4.636086,-4.583556,-4.469631
2021-05-10,-4.723698,-4.405919,-4.561607
2021-05-11,-4.116688,-3.997547,-4.207826
2021-05-12,-4.324988,-4.148285,-4.273909
2021-05-13,-4.216350,-4.356854,-4.217667
2021-05-14,-4.542780,-4.543043,-4.575497
2021-05-17,-4.664530,-4.268745,-4.662080
2021-05-18,-4.700598,-4.476730,-4.520277
2021-05-19,-4.274905,-4.176475,-4.275023
2021-05-20,-4.787358,-4.933198,-4.611834
2021-05-21,-4.561494,-4.581123,-4.664544
2021-05-24,-4.983052,-5.084004,-4.820763
2021-05-25,-4.793229,-4.407361,-4.624227
2021-05-26,-5.222764,-5.065691,-4.883732
2021-05-27,-4.809578,-5.149617,-4.915370
2021-05-28,-4.770895,-5.161995,-4.751941
2021-06-01,-4.831664,-4.810633,-4.664804
2021-06-02,-4.833982,-4.990730,-4.910448
2021-06-03,-4.662384,-4.715377,-4.891525
2021-06-04,-4.807296,-5.121259,-5.071521
2021-06-07,-4.920452,-5.028990,-5.317101
2021-06-08,-4.417675,-4.549896,-4.774294
2021-06-09,-4.880425,-4.807096,-4.929628
2021-06-10,-4.730743,-4.733806,-4.888196
2021-06-11,-5.023113,-4.853395,-4.804312
2021-06-14,-4.480599,-4.685790,-4.453977
2021-06-15,-4.707263,-4.745411,-4.826710
2021-06-16,-4.280378,-4.333601,-4.061629
2021-06-17,-4.458011,-4.591354,-4.343988
2021-06-18,-4.633431,-4.491203,-4.541762
2021-06-21,-4.622871,-4.397741,-4.124201
2021-06-22,-4.895435,-4.735336,-4.505123
2021-06-23,-4.840289,-4.689725,-4.989150
2021-06-24,-5.040228,-4.528400,-4.961172
2021-06-25,-5.159923,-4.583547,-4.681963
2021-06-28,-4.991238,-4.771049,-4.699462
2021-06-29,-4.985180,-4.848390,-4.680062
2021-06-30,-4.816608,-4.668159,-4.592576
2021-07-01,-4.845658,-4.819643,-4.743012
2021-07-02,-4.979644,-4.748717,-5.219841
2021-07-06,-4.143830,-4.130693,-4.606148
2021-07-07,-4.378729,-4.173916,-4.395423
2021-07-08,-4.036895,-4.118822,-4.348932
2021-07-09,-4.746167,-4.385766,-4.511777
2021-07-12,-4.558832,-4.598718,-4.499800
2021-07-13,-4.174476,-4.227737,-4.311622
2021-07-14,-4.434880,-4.301222,-4.284223
2021-07-15,-4.188241,-4.330503,-4.461982
2021-07-16,-4.511733,-4.397366,-4.635652
2021-07-19,-4.229274,-4.274326,-4.291704
2021-07-20,-4.539576,-4.444402,-4.434504
2021-07-21,-4.701124,-4.468161,-4.534717
2021-07-22,-4.663410,-4.748423,-4.823738
2021-07-23,-5.093158,-4.745260,-4.638884
2021-07-26,-4.611027,-4.489097,-4.793046
2021-07-27,-4.394345,-4.300042,-4.518376
2021-07-28,-4.001155,-4.293227,-4.512071
2021-07-29,-5.018765,-4.676875,-4.810110
2021-07-30,-4.736228,-4.226234,-4.698967
2021-08-02,-4.650363,-4.659014,-4.505963
2021-08-03,-4.503330,-4.344443,-4.476403
2021-08-04,-4.771682,-4.753721,-4.484761
2021-08-05,-4.964761,-4.556407,-4.854654
2021-08-06,-4.947126,-5.013556,-4.668753
2021-08-09,-4.974329,-4.875359,-4.459733
2021-08-10,-4.553182,-4.849139,-4.643243
2021-08-11,-4.877114,-4.699349,-4.549341
2021-08-12,-4.778378,-4.667884,-4.784864
2021-08-13,-4.934877,-5.285647,-4.795892
2021-08-16,-4.034201,-4.305183,-4.369443
2021-08-17,-4.289552,-4.284044,-4.447117
2021-08-18,-4.496342,-4.569924,-4.566749
2021-08-19,-4.290106,-4.608174,-4.433822
2021-08-20,-4.903331,-4.751117,-4.639264
2021-08-23,-5.015717,-4.638877,-4.765968
2021-08-24,-4.865515,-4.868529,-4.626710
2021-08-25,-4.927768,-4.973197,-4.780822
2021-08-26,-4.802107,-4.706982,-4.771781
2021-08-27,-4.844414,-5.154952,-4.713309
2021-08-30,-4.410547,-4.578334,-4.586341
2021-08-31,-4.687976,-4.471796,-4.623206
2021-09-01,-4.826600,-4.739530,-4.737536
2021-09-02,-4.860196,-4.635044,-4.767419
2021-09-03,-4.848319,-4.856892,-4.659314
2021-09-07,-4.634384,-4.606275,-4.799042
2021-09-08,-4.646305,-4.487301,-4.724068
2021-09-09,-4.768063,-4.688439,-4.676383
2021-09-10,-3.792954,-4.806403,-4.702904
2021-09-13,-4.371015,-4.594327,-4.457551
2021-09-14,-4.308238,-4.810802,-4.240340
2021-09-15,-4.498189,-4.552227,-4.454442
2021-09-16,-4.639845,-4.687847,-4.572767
2021-09-17,-4.697427,-4.753833,-4.500525
2021-09-20,-4.403078,-4.294942,-4.329956
2021-09-21,-4.411142,-4.406768,-4.249800
2021-09-22,-4.634615,-4.671181,-4.499094
2021-09-23,-4.823833,-4.872927,-4.704875
2021-09-24,-5.016258,-4.850756,-4.632785
2021-09-27,-4.743457,-4.371671,-4.688509
2021-09-28,-4.354373,-4.457909,-4.293195
2021-09-29,-4.422050,-4.389918,-4.675579
2021-09-30,-4.409198,-4.517423,-4.249953
2021-10-01,-4.301588,-4.494823,-4.334583
2021-10-04,-4.244387,-4.046282,-3.929672
2021-10-05,-4.748572,-4.529615,-4.531792
2021-10-06,-4.243964,-4.189949,-4.174608
2021-10-07,-4.825037,-5.081869,-4.731764
2021-10-08,-5.011016,-4.838227,-4.793671
2021-10-11,-4.859518,-4.643240,-4.537719
2021-10-12,-4.659033,-4.532391,-4.511138
2021-10-13,-4.568196,-4.838677,-4.397032
2021-10-14,-5.100384,-5.275221,-4.689198
2021-10-15,-4.766386,-4.476154,-4.478513
2021-10-18,-4.768666,-4.436930,-4.628348
2021-10-19,-4.653418,-4.749886,-4.834775
2021-10-20,-4.757865,-4.573664,-4.734632
2021-10-21,-4.725445,-4.891775,-4.644181
2021-10-22,-4.720539,-4.226557,-4.641476
2021-10-25,-4.807466,-4.383804,-4.910219
2021-10-26,-4.447015,-4.272956,-4.749097
2021-10-27,-4.828272,-4.342042,-4.496229
2021-10-28,-4.649703,-4.401961,-4.746396
2021-10-29,-4.619269,-3.995135,-4.681441
2021-11-01,-4.721406,-4.548772,-4.589894
2021-11-02,-4.537091,-4.484739,-4.745602
2021-11-03,-4.813229,-4.370475,-4.580795
2021-11-04,-4.816699,-4.168936,-4.629210
2021-11-05,-4.810388,-4.299012,-4.660509
2021-11-08,-5.149262,-4.278611,-4.674868
2021-11-09,-4.502175,-4.218475,-4.618887
2021-11-10,-4.605187,-4.022562,-4.487373
2021-11-11,-5.179289,-4.250163,-4.912071
2021-11-12,-4.819866,-4.115602,-4.856019
2021-11-15,-4.727176,-4.292255,-4.860739
2021-11-16,-4.845174,-4.556316,-4.746722
2021-11-17,-4.312619,-4.653908,-4.765153
2021-11-18,-4.061350,-4.296725,-4.926064
2021-11-19,-4.300235,-4.171969,-4.693365
2021-11-22,-4.132183,-3.914741,-4.577652
2021-11-23,-4.196568,-3.916388,-4.638119
2021-11-24,-4.463780,-4.398577,-4.809867
2021-11-26,-4.563109,-4.128645,-4.287809
2021-11-29,-4.733420,-4.494874,-4.365614
2021-11-30,-3.999113,-4.145493,-4.083341
2021-12-01,-3.815650,-4.175834,-4.183609
2021-12-02,-3.942724,-3.922152,-4.290009
2021-12-03,-3.843375,-4.043427,-4.078790
2021-12-06,-4.031341,-3.963137,-4.258941
2021-12-07,-4.502694,-4.468200,-4.668227
2021-12-08,-4.060932,-4.349737,-4.409424
2021-12-09,-4.214974,-4.523676,-4.635009
2021-12-10,-4.367327,-4.276056,-4.804984
2021-12-13,-3.981869,-4.445568,-4.892712
2021-12-14,-4.073924,-4.209299,-4.613711
2021-12-15,-3.858744,-3.777777,-4.321459
2021-12-16,-3.768650,-3.937892,-4.209086
2021-12-17,-3.751633,-3.716086,-4.161444
2021-12-20,-4.090551,-4.132086,-4.594304
2021-12-21,-4.431531,-4.275678,-4.538519
2021-12-22,-4.451908,-4.193582,-4.742418
2021-12-23,-4.868716,-4.616462,-4.860788
2021-12-27,-4.742262,-4.379830,-4.709810
2021-12-28,-4.426339,-4.174729,-4.785774
2021-12-29,-4.638505,-4.701374,-5.097074
2021-12-30,-4.983110,-4.694926,-4.954961
2021-12-31,-4.794997,-4.765652,-4.913241
2022-01-03,-4.373569,-4.371775,-4.478604
2022-01-04,-4.252439,-4.468631,-4.438815
2022-01-05,-4.355242,-4.470758,-4.333597
2022-01-06,-4.116423,-4.238705,-4.610193
2022-01-07,-4.233618,-4.601456,-4.835428
2022-01-10,-4.106489,-4.011638,-4.351500
2022-01-11,-4.192566,-4.108214,-4.826426
2022-01-12,-4.576719,-4.565627,-4.528838
2022-01-13,-4.347599,-4.328050,-4.529522
2022-01-14,-4.202467,-4.170775,-3.990499
2022-01-18,-4.142194,-4.197396,-4.275238
2022-01-19,-4.304211,-4.414289,-4.276540
2022-01-20,-4.283140,-4.221755,-4.473770
2022-01-21,-3.797329,-3.530762,-4.205574
2022-01-24,-3.482542,-3.163071,-3.676937
2022-01-25,-3.799875,-3.538062,-3.873726
2022-01-26,-3.444580,-3.412511,-3.877197
2022-01-27,-3.798097,-3.653045,-4.084145
2022-01-28,-3.860877,-3.833116,-4.172792
2022-01-31,-4.371631,-3.908509,-4.318321
2022-02-01,-4.421967,-4.110273,-4.453122
2022-02-02,-4.352220,-3.845509,-4.348362
2022-02-03,-4.223349,-3.518824,-4.372233
2022-02-04,-4.262831,-3.502931,-4.467865
2022-02-07,-4.350911,-3.606701,-4.721476
2022-02-08,-4.551174,-4.018752,-4.067303
2022-02-09,-4.687983,-4.122986,-4.842162
2022-02-10,-4.367987,-4.003293,-4.259902
2022-02-11,-4.067094,-3.926411,-3.967606
2022-02-14,-4.080274,-3.744079,-4.280669
2022-02-15,-4.816149,-4.203222,-4.444290
2022-02-16,-4.451944,-4.081465,-4.379207
2022-02-17,-4.710058,-4.179431,-4.442669
2022-02-18,-4.234454,-3.958402,-4.120380
2022-02-22,-4.022646,-3.891183,-4.050010
2022-02-23,-4.325327,-4.102545,-4.284354
2022-02-24,-3.455037,-3.379871,-3.728015
2022-02-25,-4.270499,-3.782313,-4.198388
2022-02-28,-4.024616,-3.754594,-3.814827
2022-03-01,-4.073605,-3.998593,-3.657360
2022-03-02,-4.094144,-3.910486,-4.078307
2022-03-03,-4.212279,-4.042202,-4.043769
2022-03-04,-4.123656,-3.997112,-3.941732
2022-03-07,-4.097261,-3.785394,-3.963382
2022-03-08,-3.500990,-3.256519,-3.498097
2022-03-09,-4.262240,-3.800866,-3.832669
2022-03-10,-4.042660,-3.725595,-4.039146
2022-03-11,-4.196406,-4.077289,-3.927253
2022-03-14,-4.082719,-3.878912,-4.134589
2022-03-15,-4.090606,-3.848269,-4.130948
2022-03-16,-3.905070,-3.697124,-3.984236
2022-03-17,-4.243216,-4.027578,-4.196740
2022-03-18,-4.422163,-4.043035,-4.500847
2022-03-21,-4.025779,-3.930846,-4.261074
2022-03-22,-4.455852,-4.264981,-4.300622
2022-03-23,-4.278930,-4.104600,-4.719804
2022-03-24,-4.308207,-4.024732,-4.867729
2022-03-25,-4.321329,-4.118652,-4.605554
2022-03-28,-4.484327,-4.006227,-4.472380
2022-03-29,-4.612845,-4.275598,-4.447438
2022-03-30,-4.382597,-4.352198,-4.701683
2022-03-31,-4.391725,-4.350272,-4.549399
2022-04-01,-4.299275,-4.217239,-4.122680
2022-04-04,-4.600501,-4.351700,-4.177073
2022-04-05,-4.326074,-4.324828,-4.267086
2022-04-06,-3.908406,-3.678161,-4.518002
2022-04-07,-4.299388,-3.936920,-4.358259
2022-04-08,-4.394447,-4.279340,-4.609887
2022-04-11,-4.612147,-4.158767,-4.304752
2022-04-12,-4.202128,-4.000225,-3.974837
2022-04-13,-4.493260,-4.229806,-3.885769
2022-04-14,-4.332391,-4.337964,-4.223259
2022-04-18,-4.238310,-3.946646,-4.271213
2022-04-19,-4.522126,-4.157215,-4.458256
2022-04-20,-4.408297,-4.056968,-4.248732
2022-04-21,-4.179529,-3.928866,-4.447357
2022-04-22,-4.002815,-3.779785,-4.228238
2022-04-25,-3.797045,-3.843672,-3.966359
2022-04-26,-4.159478,-3.879148,-4.109745
2022-04-27,-3.940930,-3.561262,-4.262160
2022-04-28,-3.949639,-3.873867,-4.353462
2022-04-29,-3.758505,-3.418215,-4.163767
2022-05-02,-3.648545,-3.330659,-3.912933
2022-05-03,-4.019652,-3.820760,-4.132607
2022-05-04,-3.751974,-3.328133,-3.863345
2022-05-05,-3.796237,-3.424848,-3.973335
2022-05-06,-3.588442,-3.217667,-3.962795
2022-05-09,-3.764380,-3.617340,-3.992134
2022-05-10,-3.806706,-3.324689,-3.877514
2022-05-11,-3.570279,-3.402485,-3.818328
2022-05-12,-3.316550,-3.143267,-3.806931
2022-05-13,-3.852314,-3.633874,-4.234825
2022-05-16,-4.034737,-3.613832,-4.035636
2022-05-17,-4.113175,-3.503765,-4.226865
2022-05-18,-4.001872,-3.709685,-4.127749
2022-05-19,-3.568566,-3.430189,-4.081048
2022-05-20,-3.641950,-3.605084,-4.186007
2022-05-23,-3.787125,-3.338033,-3.957965
2022-05-24,-3.764813,-3.462097,-3.682600
2022-05-25,-3.975789,-3.667487,-4.343715
2022-05-26,-4.064537,-3.938254,-4.484637
2022-05-27,-4.250407,-4.054259,-4.621290
2022-05-31,-4.052902,-3.641726,-4.254808
2022-06-01,-4.064220,-3.580036,-4.323074
2022-06-02,-4.240557,-3.863485,-4.372919
2022-06-03,-4.067937,-3.950471,-4.346004
2022-06-06,-4.212374,-3.719696,-4.538939
2022-06-07,-4.407981,-3.904114,-4.535665
2022-06-08,-4.263377,-3.887973,-4.465422
2022-06-09,-4.187762,-3.878899,-4.240236
2022-06-10,-4.122888,-3.831214,-4.068757
2022-06-13,-3.892122,-3.685531,-4.055489
2022-06-14,-3.937909,-3.726336,-4.056686
2022-06-15,-3.588477,-3.285658,-3.843302
2022-06-16,-4.044676,-3.717536,-4.005887
2022-06-17,-3.944514,-3.692858,-4.008365
2022-06-21,-4.396741,-3.887897,-4.403142
2022-06-22,-4.022843,-3.684722,-4.466393
2022-06-23,-4.206441,-3.719218,-4.195071
2022-06-24,-4.258986,-3.925433,-4.153459
2022-06-27,-4.305651,-3.873815,-4.235579
2022-06-28,-4.279154,-3.692755,-4.169472
2022-06-29,-4.057176,-3.569782,-4.246393
2022-06-30,-3.768837,-3.451892,-3.894895
2022-07-01,-4.044899,-3.799498,-4.037047
2022-07-05,-4.008366,-3.677524,-4.254633
2022-07-06,-3.925088,-3.464126,-4.285320
2022-07-07,-4.717612,-4.196779,-4.426641
2022-07-08,-4.333950,-3.916103,-4.352783
2022-07-11,-4.421259,-4.014635,-4.341521
2022-07-12,-4.021827,-3.794461,-4.199460
2022-07-13,-3.676994,-3.447961,-4.063240
2022-07-14,-4.205546,-3.924517,-3.886417
2022-07-15,-4.402469,-4.052141,-4.123756
2022-07-18,-4.225309,-3.939777,-3.983020
2022-07-19,-4.452818,-4.091056,-4.574581
2022-07-20,-4.243542,-3.786470,-4.339386
2022-07-21,-4.331349,-3.989558,-4.201454
2022-07-22,-4.310948,-3.935546,-4.241713
2022-07-25,-4.532739,-3.979765,-4.288970
2022-07-26,-4.722634,-3.967738,-4.334034
2022-07-27,-4.108243,-3.692661,-4.295223
2022-07-28,-4.394662,-3.972126,-4.345761
2022-07-29,-4.032282,-3.635120,-4.503969
2022-08-01,-4.359690,-3.615658,-4.063693
2022-08-02,-4.320902,-3.876162,-4.427928
2022-08-03,-4.522145,-4.274696,-4.373027
2022-08-04,-4.352081,-3.740857,-4.524128
2022-08-05,-4.570189,-4.133089,-4.034083
2022-08-08,-4.279003,-3.990738,-4.497598
2022-08-09,-4.621632,-4.295885,-4.627126
2022-08-10,-4.601372,-4.328228,-4.310381
2022-08-11,-4.691963,-4.093345,-4.418162
2022-08-12,-4.812926,-4.244263,-4.744001
2022-08-15,-4.747210,-4.466809,-4.710312
2022-08-16,-4.701001,-4.113271,-4.453806
2022-08-17,-4.402071,-4.095213,-4.649626
2022-08-18,-4.579702,-4.337924,-4.900540
2022-08-19,-4.783212,-4.574543,-4.791577
2022-08-22,-4.802785,-4.297363,-4.633127
2022-08-23,-4.429998,-3.970277,-4.564232
2022-08-24,-4.769684,-4.349161,-4.680203
2022-08-25,-4.758530,-4.363371,-4.526724
2022-08-26,-3.949499,-3.548808,-3.855291
2022-08-29,-4.197160,-3.929379,-4.575471
2022-08-30,-4.174236,-3.890972,-4.232865
2022-08-31,-4.293734,-3.972064,-4.222818
2022-09-01,-4.141875,-3.823643,-4.168926
2022-09-02,-4.176822,-3.635696,-4.138107
2022-09-06,-4.134837,-3.964588,-4.062976
2022-09-07,-4.375179,-4.186072,-4.371709
2022-09-08,-4.127972,-3.826750,-4.075060
2022-09-09,-4.631272,-4.358393,-4.504747
2022-09-12,-4.442703,-4.322269,-4.514873
2022-09-13,-4.474823,-4.220552,-4.279421
2022-09-14,-4.172618,-4.023776,-4.110312
2022-09-15,-4.247667,-3.892079,-4.088255
2022-09-16,-4.144522,-3.914047,-4.143678
2022-09-19,-4.327144,-4.216972,-4.381878
2022-09-20,-4.237705,-4.186702,-4.417866
2022-09-21,-3.461983,-3.333692,-3.643572
2022-09-22,-4.072427,-3.737369,-3.939810
2022-09-23,-4.212847,-3.927533,-4.178100
2022-09-26,-3.966776,-3.805218,-3.916887
2022-09-27,-3.957361,-3.839186,-4.036758
2022-09-28,-3.989655,-3.993041,-4.016226
2022-09-29,-4.016129,-3.961284,-4.054667
2022-09-30,-3.896300,-4.003237,-4.173138
2022-10-03,-4.364585,-3.977448,-4.184053
2022-10-04,-4.294807,-4.117916,-4.181608
2022-10-05,-4.079518,-3.921663,-4.147722
2022-10-06,-4.218425,-3.933219,-4.214205
2022-10-07,-4.393746,-4.095981,-4.380239
2022-10-10,-4.000926,-3.923850,-4.227888
2022-10-11,-4.198480,-3.798404,-4.027292
2022-10-12,-4.289507,-3.862711,-4.126172
2022-10-13,-3.676253,-3.344773,-3.575165
2022-10-14,-3.927494,-3.518424,-3.310003
2022-10-17,-4.318500,-3.944082,-3.970097
2022-10-18,-3.650712,-3.843539,-3.870767
2022-10-19,-4.241674,-3.774670,-4.337105
2022-10-20,-4.115814,-3.830393,-4.111924
2022-10-21,-4.135252,-3.932336,-3.831574
2022-10-24,-4.017945,-3.821282,-4.315725
2022-10-25,-4.412906,-4.011068,-4.397478
2022-10-26,-4.056829,-3.674937,-4.347598
2022-10-27,-3.952778,-3.438030,-4.394923
2022-10-28,-3.842590,-3.472553,-4.540288
2022-10-31,-4.162920,-3.782857,-4.300798
2022-11-01,-4.208343,-3.759016,-4.420766
2022-11-02,-3.547530,-3.324386,-3.784245
2022-11-03,-3.816276,-3.500475,-4.024457
2022-11-04,-3.409421,-3.304893,-4.273557
2022-11-07,-4.088830,-3.939796,-4.649318
2022-11-08,-4.017981,-3.870112,-4.397931
2022-11-09,-4.218440,-3.961434,-4.371237
2022-11-10,-3.943380,-3.205958,-4.466458
2022-11-11,-4.118305,-3.703764,-4.335041
2022-11-14,-4.322634,-3.811717,-4.560418
2022-11-15,-3.899690,-3.570944,-4.177600
2022-11-16,-4.278353,-4.039157,-4.631625
2022-11-17,-4.263254,-3.943660,-4.634741
2022-11-18,-4.176494,-4.046696,-4.532958
2022-11-21,-4.535163,-3.919515,-4.875118
2022-11-22,-4.623396,-3.990632,-4.962302
2022-11-23,-4.435892,-4.056543,-4.972600
2022-11-25,-4.919368,-4.355394,-5.313926
2022-11-28,-4.578270,-3.958756,-4.854696
2022-11-29,-4.045314,-4.064298,-4.918174
2022-11-30,-3.882545,-3.732704,-4.215704
2022-12-01,-4.292940,-3.889236,-4.369818
2022-12-02,-4.416914,-4.172307,-4.580299
2022-12-05,-4.103941,-4.171495,-4.513352
2022-12-06,-4.332896,-4.082736,-4.132873
2022-12-07,-4.126814,-3.875302,-4.330270
2022-12-08,-4.225574,-3.851716,-4.604509
2022-12-09,-4.251798,-4.167696,-4.864856
2022-12-12,-4.317647,-4.263175,-4.673712
2022-12-13,-3.791991,-3.578194,-4.120020
2022-12-14,-3.516569,-3.482642,-4.088423
2022-12-15,-4.232216,-4.039179,-4.296929
2022-12-16,-3.953650,-3.916920,-4.469618
2022-12-19,-4.222369,-4.022465,-4.359864
2022-12-20,-4.037200,-3.772322,-4.586896
2022-12-21,-4.102197,-4.091257,-4.720639
2022-12-22,-4.154108,-4.123752,-4.630609
2022-12-23,-4.072396,-3.847408,-4.499237
2022-12-27,-4.407770,-4.196425,-4.754422
2022-12-28,-4.089726,-4.128685,-4.661084
2022-12-29,-4.390671,-4.381815,-4.997603
2022-12-30,-4.336508,-4.173357,-4.578950
2023-01-03,-3.806268,-3.729095,-4.212465
2023-01-04,-3.934900,-3.678039,-4.432430
2023-01-05,-4.182428,-4.214010,-4.561595
2023-01-06,-3.873386,-3.800307,-4.487596
2023-01-09,-4.451607,-4.122268,-4.624189
2023-01-10,-4.142225,-3.884835,-4.621226
2023-01-11,-4.426318,-4.077293,-4.562871
2023-01-12,-3.883984,-3.638226,-4.534381
2023-01-13,-4.698504,-4.144511,-3.925725
2023-01-17,-4.191503,-4.082237,-4.589508
2023-01-18,-4.348665,-3.780875,-4.499313
2023-01-19,-4.234413,-3.988962,-4.642059
2023-01-20,-4.496131,-4.151736,-4.566021
2023-01-23,-4.295242,-4.116930,-4.616528
2023-01-24,-4.369955,-4.023199,-4.415509
2023-01-25,-4.241924,-3.792770,-4.799810
2023-01-26,-4.314743,-3.881968,-4.663392
2023-01-27,-4.376705,-4.041961,-4.690953
2023-01-30,-4.349423,-4.065077,-4.959747
2023-01-31,-4.237340,-4.100032,-4.827664
2023-02-01,-3.946226,-3.582110,-4.269960
2023-02-02,-4.207069,-3.606137,-4.296691
2023-02-03,-3.616971,-3.343241,-4.400042
2023-02-06,-4.268379,-3.841461,-4.782384
2023-02-07,-3.954759,-3.614874,-4.439666
2023-02-08,-4.266057,-3.924544,-4.518050
2023-02-09,-4.314705,-3.870822,-4.682647
2023-02-10,-4.422898,-4.011932,-4.727879
2023-02-13,-4.679501,-4.231695,-4.860139
2023-02-14,-4.149080,-3.837485,-4.481869
2023-02-15,-4.317420,-3.963010,-4.766177
2023-02-16,-4.416322,-4.082090,-4.768774
2023-02-17,-4.423652,-4.098121,-4.616005
2023-02-21,-4.661120,-4.434834,-4.652274
2023-02-22,-4.288790,-4.064904,-4.707154
2023-02-23,-4.479335,-4.239179,-4.596800
2023-02-24,-4.675693,-4.041982,-4.490263
2023-02-27,-4.764465,-4.233878,-4.901105
2023-02-28,-4.923890,-4.547449,-4.915714
2023-03-01,-4.455407,-4.093678,-4.660878
2023-03-02,-4.629959,-4.274806,-4.281439
2023-03-03,-4.600824,-4.263659,-4.995218
2023-03-06,-4.388197,-4.197879,-4.949751
2023-03-07,-4.193089,-3.881962,-4.330334
2023-03-08,-4.557330,-4.226458,-4.538398
2023-03-09,-4.397265,-4.009153,-4.022022
2023-03-10,-4.132662,-3.756748,-3.498248
2023-03-13,-3.889474,-3.402057,-3.434819
2023-03-14,-4.101203,-3.894961,-3.905881
2023-03-15,-4.151887,-3.713422,-3.934310
2023-03-16,-4.418110,-3.798110,-3.854514
2023-03-17,-4.228743,-3.877139,-4.136367
2023-03-20,-4.422043,-3.883322,-4.176375
2023-03-21,-4.686725,-4.293896,-4.446092
2023-03-22,-4.127116,-3.753176,-4.261692
2023-03-23,-4.358353,-4.010924,-4.289539
2023-03-24,-4.420801,-4.147851,-4.165846
2023-03-27,-4.669960,-4.255990,-4.199439
2023-03-28,-4.769360,-4.364693,-4.492148
2023-03-29,-4.962227,-4.215063,-4.446423
2023-03-30,-4.978251,-4.336173,-4.409484
2023-03-31,-4.962414,-4.613567,-4.995260
2023-04-03,-4.822303,-4.255463,-4.511605
2023-04-04,-4.732625,-4.191786,-4.537379
2023-04-05,-4.627570,-4.349456,-4.386038
2023-04-06,-4.824070,-4.390240,-4.900351
2023-04-10,-4.698555,-4.386770,-4.684586
2023-04-11,-4.914118,-4.560682,-4.992272
2023-04-12,-4.495120,-4.156348,-4.596638
2023-04-13,-4.825988,-4.290924,-4.788800
2023-04-14,-4.549238,-4.020344,-4.027789
2023-04-17,-5.065563,-4.518544,-4.360135
2023-04-18,-4.690548,-4.378378,-4.688512
2023-04-19,-4.917491,-4.280105,-4.846216
2023-04-20,-4.740261,-4.322268,-4.848922
2023-04-21,-4.791443,-4.279240,-4.698583
2023-04-24,-4.863316,-4.079377,-5.000556
2023-04-25,-4.738873,-4.296667,-4.721959
2023-04-26,-4.667666,-3.966859,-4.441447
2023-04-27,-4.861263,-3.983776,-4.730653
2023-04-28,-4.608529,-3.916160,-4.666987
2023-05-01,-4.825571,-4.177246,-4.275632
2023-05-02,-4.757845,-4.187523,-4.213557
2023-05-03,-4.599002,-3.981282,-4.576588
2023-05-04,-4.463287,-4.209672,-4.104600
2023-05-05,-4.386852,-4.641727,-4.330812
2023-05-08,-4.645395,-4.486837,-4.583136
2023-05-09,-5.147866,-4.397805,-4.717424
2023-05-10,-4.594149,-4.077568,-4.605617
2023-05-11,-4.715759,-4.206197,-4.479638
2023-05-12,-4.903965,-4.312169,-4.616280
2023-05-15,-5.146132,-4.146746,-4.762251
2023-05-16,-5.048370,-4.242726,-4.651502
2023-05-17,-4.800502,-4.405178,-4.484584
2023-05-18,-4.622775,-4.220177,-4.647724
2023-05-19,-4.814924,-4.485581,-4.420679
2023-05-22,-4.911888,-4.233608,-4.374240
2023-05-23,-4.929644,-4.177653,-4.413673
2023-05-24,-4.796348,-4.335166,-4.582740
2023-05-25,-4.664234,-4.275381,-4.725750
2023-05-26,-4.909918,-4.107947,-4.764391
2023-05-30,-4.506132,-3.865038,-4.499998
2023-05-31,-4.345500,-4.094901,-4.404323
2023-06-01,-4.769240,-4.203881,-4.433777
2023-06-02,-4.498389,-4.240619,-4.652958
2023-06-05,-3.717364,-4.372300,-4.671153
2023-06-06,-4.477767,-4.408601,-4.915228
2023-06-07,-4.598563,-3.932647,-4.655587
2023-06-08,-4.915558,-4.083437,-5.151167
2023-06-09,-4.690330,-4.272759,-4.715828
2023-06-12,-5.055915,-4.473080,-4.662059
2023-06-13,-4.901410,-4.319246,-4.740325
2023-06-14,-4.542420,-4.075670,-4.537738
2023-06-15,-4.999631,-4.370870,-4.842920
2023-06-16,-5.077301,-4.405684,-5.012285
2023-06-20,-4.916949,-4.035794,-4.881365
2023-06-21,-4.788681,-4.271467,-4.663333
2023-06-22,-4.822119,-3.916969,-4.709885
2023-06-23,-4.876759,-3.985027,-4.861315
2023-06-26,-4.819625,-4.138534,-4.807169
2023-06-27,-5.096421,-4.305084,-5.010924
2023-06-28,-4.703660,-4.202502,-4.900019
2023-06-29,-4.976646,-4.629338,-4.342076
2023-06-30,-4.930129,-4.554276,-4.747399
2023-07-03,-5.299263,-4.876037,-4.985746
2023-07-05,-4.764149,-4.704512,-4.954682
2023-07-06,-4.950060,-4.547446,-4.672252
2023-07-07,-4.912954,-4.665381,-5.065536
2023-07-10,-4.562941,-4.228580,-4.938303
2023-07-11,-4.676587,-4.287342,-4.782543
2023-07-12,-4.661247,-4.542548,-4.428398
2023-07-13,-5.027043,-4.539819,-4.884270
2023-07-14,-4.996940,-4.532900,-4.065681
2023-07-17,-5.053129,-4.382868,-4.559783
2023-07-18,-5.015006,-4.377979,-4.930049
2023-07-19,-4.046598,-4.168340,-4.732601
2023-07-20,-4.595635,-4.178797,-5.071799
2023-07-21,-4.775119,-4.161757,-4.848460
2023-07-24,-4.755327,-4.181984,-4.757714
2023-07-25,-5.168517,-4.822384,-4.724183
2023-07-26,-4.546114,-4.046483,-4.831513
2023-07-27,-4.637789,-4.108065,-4.705059
2023-07-28,-4.761511,-4.394554,-5.231680
2023-07-31,-5.008043,-4.568336,-4.889621
2023-08-01,-5.092959,-4.504387,-5.194043
2023-08-02,-4.722949,-4.170101,-4.761773
2023-08-03,-4.710877,-3.936580,-4.933614
2023-08-04,-3.931071,-3.750168,-4.793869
2023-08-07,-4.377542,-4.130273,-4.950713
2023-08-08,-4.526267,-4.283543,-4.483647
2023-08-09,-4.588048,-4.346525,-4.775107
2023-08-10,-4.567265,-4.323024,-4.742257
2023-08-11,-4.695315,-4.251305,-4.966407
2023-08-14,-4.749663,-4.475447,-5.043877
2023-08-15,-4.938892,-4.370089,-4.649863
2023-08-16,-4.643613,-4.127197,-4.824596
2023-08-17,-4.436068,-4.053300,-4.633602
2023-08-18,-4.681993,-4.173083,-4.732842
2023-08-21,-4.751814,-4.465401,-4.817127
2023-08-22,-4.865817,-4.377570,-4.645823
2023-08-23,-4.920323,-4.601170,-4.813068
2023-08-24,-4.729648,-4.173659,-4.585962
2023-08-25,-4.353502,-4.039166,-4.489311
2023-08-28,-4.795275,-4.364712,-4.939350
2023-08-29,-4.675856,-4.450831,-4.898524
2023-08-30,-4.617992,-4.378410,-4.863022
2023-08-31,-4.825037,-4.345766,-4.942042
2023-09-01,-4.855851,-4.425436,-4.984647
2023-09-05,-4.871556,-4.635597,-4.542175
2023-09-06,-4.191124,-4.216150,-4.950109
2023-09-07,-4.105788,-4.226512,-5.043717
2023-09-08,-4.434131,-4.538351,-5.061355
2023-09-11,-4.477272,-4.492047,-4.855879
2023-09-12,-4.128352,-4.516433,-4.733636
2023-09-13,-4.507203,-4.073800,-4.763624
2023-09-14,-4.578171,-4.249012,-4.730257
2023-09-15,-4.973958,-4.342078,-4.839644
2023-09-18,-4.861605,-4.569406,-5.119803
2023-09-19,-4.910938,-4.540683,-4.961515
2023-09-20,-4.505696,-4.417475,-4.773701
2023-09-21,-4.536782,-4.249316,-4.513244
2023-09-22,-4.676145,-4.167776,-4.550704
2023-09-25,-4.603486,-4.164668,-4.597827
2023-09-26,-4.573588,-4.163331,-4.671582
2023-09-27,-4.422248,-3.966989,-4.524136
2023-09-28,-4.291111,-4.075102,-4.571494
2023-09-29,-4.604885,-4.288243,-4.640681
2023-10-02,-4.410261,-3.943977,-4.545035
2023-10-03,-4.495744,-4.162514,-4.624396
2023-10-04,-4.561994,-4.020864,-4.663163
2023-10-05,-4.645138,-4.318205,-4.407676
2023-10-06,-4.591781,-4.317263,-4.437592
2023-10-09,-4.699524,-4.187907,-4.726368
2023-10-10,-4.803920,-4.499405,-4.716536
2023-10-11,-4.710587,-4.442461,-4.673473
2023-10-12,-4.599950,-4.105995,-4.642399
2023-10-13,-4.681222,-4.193949,-3.716556
2023-10-16,-4.646604,-4.402850,-4.331904
2023-10-17,-4.555920,-4.236225,-4.500339
2023-10-18,-4.426943,-4.311626,-4.416535
2023-10-19,-4.225464,-3.805716,-4.342321
2023-10-20,-4.594785,-3.987051,-4.303984
2023-10-23,-4.373162,-4.120881,-4.556210
2023-10-24,-4.576629,-4.128972,-4.745828
2023-10-25,-4.543177,-4.095135,-4.878774
2023-10-26,-4.104307,-3.710548,-4.529273
2023-10-27,-4.264186,-3.814550,-4.368143
2023-10-30,-4.475071,-3.849196,-4.582109
2023-10-31,-4.510604,-4.327212,-4.783922
2023-11-01,-4.454972,-4.105115,-4.570422
2023-11-02,-4.697845,-4.269474,-4.616792
2023-11-03,-4.190053,-4.559146,-4.693017
2023-11-06,-4.639768,-4.317795,-4.864376
2023-11-07,-4.753126,-4.330180,-5.031573
2023-11-08,-4.908413,-4.591964,-4.763367
2023-11-09,-4.588709,-4.441652,-4.702770
2023-11-10,-4.921968,-4.506014,-5.047102
2023-11-13,-5.030550,-4.677100,-4.945960
2023-11-14,-4.906249,-4.351803,-4.738962
2023-11-15,-5.010249,-4.195639,-4.898074
2023-11-16,-4.746424,-4.243391,-4.879413
2023-11-17,-4.904330,-4.498041,-5.077389
2023-11-20,-5.050335,-4.848223,-4.895341
2023-11-21,-5.121862,-4.545665,-5.024264
2023-11-22,-4.758367,-4.609390,-5.202669
2023-11-24,-5.502282,-4.906919,-5.558822
2023-11-27,-5.111829,-4.649866,-5.261510
2023-11-28,-5.227049,-4.554459,-5.100163
2023-11-29,-5.177046,-4.527476,-4.856438
2023-11-30,-4.792368,-4.178366,-4.956418
2023-12-01,-4.860625,-4.621653,-4.928064
2023-12-04,-4.907376,-4.383217,-4.766515
2023-12-05,-4.318768,-3.977139,-4.809864
2023-12-06,-4.835444,-4.471092,-4.884886
2023-12-07,-4.992279,-4.448265,-4.958998
2023-12-08,-4.988732,-4.426105,-5.039291
2023-12-11,-5.062213,-4.521921,-5.099700
2023-12-12,-5.034624,-4.631617,-4.976084
2023-12-13,-4.750276,-4.299291,-4.812809
2023-12-14,-4.716662,-4.163908,-4.503892
2023-12-15,-4.905662,-4.419504,-4.608864
2023-12-18,-4.885436,-4.648128,-4.928934
2023-12-19,-5.094502,-4.714779,-5.027016
2023-12-20,-4.970048,-4.453922,-4.769325
2023-12-21,-4.742429,-4.496509,-4.931621
2023-12-22,-5.223186,-5.116287,-5.251427
2023-12-26,-5.343213,-5.429225,-5.530211
2023-12-27,-4.984318,-5.041131,-5.332298
2023-12-28,-5.174752,-5.279516,-5.370128
2023-12-29,-5.280186,-4.755399,-5.685389
2024-01-02,-4.412468,-4.338533,-5.014219
2024-01-03,-4.794869,-4.354323,-4.862742
2024-01-04,-4.666626,-4.286929,-5.038724
2024-01-05,-4.507004,-4.537344,-4.854554
2024-01-08,-4.598625,-4.558145,-4.666176
2024-01-09,-4.730401,-4.558313,-5.121918
2024-01-10,-4.789721,-4.585607,-4.987074
2024-01-11,-4.428851,-4.161725,-4.847276
2024-01-12,-5.037349,-4.418764,-4.089543
2024-01-16,-4.512725,-4.318495,-4.380017
2024-01-17,-4.747904,-4.639846,-4.678233
2024-01-18,-4.566597,-4.538115,-4.846248
2024-01-19,-4.848564,-4.699210,-4.942414
2024-01-22,-4.531619,-4.568307,-4.964053
2024-01-23,-5.223170,-4.797134,-5.119310
2024-01-24,-4.861473,-4.454843,-5.000860
2024-01-25,-4.722425,-4.434495,-5.025508
2024-01-26,-4.939553,-4.707534,-5.304895
2024-01-29,-4.675485,-4.889168,-5.125683
2024-01-30,-4.605318,-4.490004,-4.870328
2024-01-31,-4.426333,-4.235205,-4.634045
2024-02-01,-4.658010,-4.146501,-4.449410
2024-02-02,-4.062286,-3.935802,-4.694612
2024-02-05,-4.360758,-4.582950,-4.928656
2024-02-06,-4.754361,-4.624649,-4.963571
2024-02-07,-4.869705,-4.573121,-4.899920
2024-02-08,-5.080555,-4.664861,-5.160447
2024-02-09,-5.130639,-4.686043,-5.222069
2024-02-12,-4.979472,-4.607011,-4.780028
2024-02-13,-4.777463,-3.965830,-4.562486
2024-02-14,-4.750982,-4.400260,-4.914360
2024-02-15,-4.482357,-4.380964,-4.707906
2024-02-16,-4.469275,-4.401627,-4.762123
2024-02-20,-4.577037,-4.414795,-4.813164
2024-02-21,-5.042214,-4.550311,-4.869439
2024-02-22,-5.009192,-4.308932,-4.889848
2024-02-23,-4.936102,-4.369669,-4.872457
2024-02-26,-5.024062,-4.902565,-5.068484
2024-02-27,-4.441185,-4.986557,-5.111448
2024-02-28,-4.875928,-4.872557,-5.067009
2024-02-29,-4.670717,-4.501503,-5.035077
2024-03-01,-4.762197,-4.839406,-5.044998
2024-03-04,-4.525218,-4.738318,-4.617541
2024-03-05,-4.650248,-4.819620,-4.745950
2024-03-06,-4.533796,-4.356738,-4.311660
2024-03-07,-4.535580,-4.575285,-4.831980
2024-03-08,-4.247900,-4.312573,-4.558517
2024-03-11,-4.604093,-4.576984,-4.916797
2024-03-12,-4.303814,-4.416195,-4.655973
2024-03-13,-4.819543,-4.772890,-5.047014
2024-03-14,-4.473920,-4.212693,-4.506353
2024-03-15,-4.681642,-4.363801,-4.841234
2024-03-18,-4.408464,-4.602172,-5.139065
2024-03-19,-4.717772,-4.767350,-5.116374
2024-03-20,-4.676439,-4.541853,-4.667710
2024-03-21,-4.284583,-4.732989,-4.889679
2024-03-22,-4.631412,-4.745011,-5.026210
2024-03-25,-4.809462,-4.635954,-4.869935
2024-03-26,-5.032013,-4.755563,-5.124500
2024-03-27,-4.634650,-4.817043,-5.081047
2024-03-28,-4.954622,-4.684917,-4.978550
2024-04-01,-5.236860,-4.450553,-4.824813
2024-04-02,-5.057593,-4.865445,-5.071615
2024-04-03,-4.743579,-4.568944,-5.002873
2024-04-04,-4.668432,-4.501644,-4.741095
2024-04-05,-5.037232,-4.283385,-4.687530
2024-04-08,-5.291184,-4.833540,-5.067240
2024-04-09,-4.469718,-4.417683,-4.564140
2024-04-10,-4.552451,-4.312792,-4.513834
2024-04-11,-4.528435,-4.633031,-4.572116
2024-04-12,-4.262087,-4.606511,-3.935005
2024-04-15,-4.187808,-4.325816,-4.197342
2024-04-16,-4.091516,-4.291482,-4.193759
2024-04-17,-4.550184,-4.364176,-4.517758
2024-04-18,-4.720628,-4.317021,-4.459313
2024-04-19,-4.691420,-4.136329,-4.555872
2024-04-22,-4.691265,-4.461535,-4.796920
2024-04-23,-4.699454,-4.449049,-4.928366
2024-04-24,-4.461533,-4.395710,-4.790930
2024-04-25,-4.512664,-3.977044,-4.753699
2024-04-26,-4.740854,-4.370219,-4.928586
2024-04-29,-4.405924,-4.132568,-4.984686
2024-04-30,-4.148359,-3.870681,-4.785194
2024-05-01,-4.288056,-3.530220,-4.410231
2024-05-02,-4.532525,-3.983285,-4.684955
2024-05-03,-4.253337,-4.446041,-4.801033
2024-05-06,-4.460819,-4.814161,-4.973595
2024-05-07,-4.462301,-4.744967,-5.207181
2024-05-08,-5.093011,-4.908917,-4.818302
2024-05-09,-4.966842,-4.489622,-5.135455
2024-05-10,-5.004870,-4.778514,-5.149480
2024-05-13,-4.946928,-4.880576,-5.119162
2024-05-14,-4.803694,-4.653070,-4.961963
2024-05-15,-5.023944,-4.048862,-4.995034
2024-05-16,-5.083744,-4.433769,-4.751100
2024-05-17,-5.409401,-4.823446,-5.090873
2024-05-20,-5.042344,-4.916274,-4.080429
2024-05-21,-5.314669,-4.517305,-4.768692
2024-05-22,-4.961732,-4.641670,-4.642435
2024-05-23,-4.587664,-4.434859,-4.704313
2024-05-24,-4.908544,-4.797737,-5.108312
2024-05-28,-4.427544,-4.442723,-5.149632
2024-05-29,-4.741930,-4.687915,-4.963082
2024-05-30,-4.789593,-4.762179,-4.811179
2024-05-31,-4.741542,-4.331854,-4.686791
2024-06-03,-4.627258,-4.354182,-4.598661
2024-06-04,-4.771967,-4.361884,-4.673968
2024-06-05,-4.763652,-4.620056,-4.861426
2024-06-06,-4.809162,-4.670630,-4.957494
2024-06-07,-4.801703,-4.508630,-4.743396
2024-06-10,-3.877664,-4.686821,-4.818974
2024-06-11,-3.991350,-4.463332,-4.855986
2024-06-12,-3.725234,-4.296914,-4.537368
2024-06-13,-4.121991,-4.383769,-4.752283
2024-06-14,-4.285418,-4.762449,-4.724148
2024-06-17,-4.123458,-4.494514,-4.670858
2024-06-18,-4.130674,-4.500619,-4.665990
2024-06-20,-4.138365,-4.241385,-4.672201
2024-06-21,-4.171661,-4.337251,-4.592666
2024-06-24,-4.055467,-4.152931,-4.792138
2024-06-25,-4.626315,-4.577177,-4.791513
2024-06-26,-4.333211,-4.094244,-5.019108
2024-06-27,-4.471078,-4.077474,-4.960773
2024-06-28,-4.253159,-4.076915,-4.686139
2024-07-01,-4.205147,-4.100138,-4.491673
2024-07-02,-4.434701,-4.399346,-5.011258
2024-07-03,-4.767712,-4.651203,-4.831652
2024-07-05,-4.717684,-4.714051,-4.950813
2024-07-08,-4.316839,-4.569139,-5.098049
2024-07-09,-4.640904,-4.887306,-4.680224
2024-07-10,-4.577443,-4.726445,-4.674750
2024-07-11,-4.010659,-4.018246,-4.754941
2024-07-12,-4.492156,-4.485268,-4.020219
2024-07-15,-4.377779,-4.193595,-4.035649
2024-07-16,-4.561966,-4.195503,-4.361882
2024-07-17,-4.285811,-4.226107,-4.362528
2024-07-18,-3.830298,-3.821019,-4.064161
2024-07-19,-4.129524,-4.189312,-4.470426
2024-07-22,-4.441402,-4.386696,-4.572289
2024-07-23,-4.670671,-4.091091,-4.626391
2024-07-24,-4.268438,-4.333481,-4.484427
2024-07-25,-4.083364,-3.940615,-4.573106
2024-07-26,-4.233706,-4.117912,-4.497897
2024-07-29,-4.531410,-4.496263,-4.721461
2024-07-30,-4.373846,-4.157181,-4.500850
2024-07-31,-4.285963,-4.035589,-4.319093
2024-08-01,-4.117231,-3.976698,-4.389010
2024-08-02,-3.678567,-3.355740,-3.976956
2024-08-05,-3.088816,-3.280448,-4.053774
2024-08-06,-3.695441,-3.834624,-4.207522
2024-08-07,-3.959724,-3.994995,-4.273267
2024-08-08,-4.128122,-4.095015,-4.415950
2024-08-09,-4.320860,-4.142411,-4.457404
2024-08-12,-4.286683,-4.129904,-4.500076
2024-08-13,-4.726564,-4.356949,-4.835236
2024-08-14,-4.487581,-4.297386,-4.772004
2024-08-15,-4.824345,-4.249469,-4.617197
2024-08-16,-4.951983,-4.817848,-4.895114
2024-08-19,-4.606283,-4.488307,-5.071132
2024-08-20,-4.819649,-4.576123,-5.061032
2024-08-21,-4.555878,-4.426348,-4.643730
2024-08-22,-4.522364,-4.425506,-4.804614
2024-08-23,-4.520431,-4.303563,-4.483001
2024-08-26,-4.578525,-4.549500,-4.813166
2024-08-27,-4.828650,-4.557294,-5.050936
2024-08-28,-4.509893,-4.465576,-4.681432
2024-08-29,-4.349948,-4.208886,-4.647457
2024-08-30,-4.792865,-4.422604,-4.639025
2024-09-03,-4.437262,-4.295549,-4.493197
2024-09-04,-4.344566,-4.437938,-4.758175
2024-09-05,-4.395767,-4.002571,-4.469980
2024-09-06,-4.175097,-4.193505,-4.349102
2024-09-09,-3.901699,-4.337659,-4.492814
2024-09-10,-4.280274,-4.190600,-3.399971
2024-09-11,-4.331984,-4.242509,-4.274931
2024-09-12,-4.450708,-4.346327,-4.197000
2024-09-13,-4.763815,-4.608272,-4.435237
2024-09-16,-4.385428,-4.388920,-4.701954
2024-09-17,-4.625543,-4.444881,-4.602726
2024-09-18,-4.175750,-4.119565,-4.114401
2024-09-19,-4.644130,-4.573759,-4.389086
2024-09-20,-3.933803,-4.435985,-4.610500
2024-09-23,-4.480039,-4.471300,-4.899276
2024-09-24,-4.771255,-4.472916,-4.635163
2024-09-25,-4.696997,-4.847250,-4.807889
2024-09-26,-4.678436,-4.492577,-4.421145
2024-09-27,-4.788952,-4.664988,-4.738818
2024-09-30,-4.761836,-4.331602,-4.438618
2024-10-01,-4.661235,-4.485277,-4.485701
2024-10-02,-4.517095,-4.415138,-4.480460
2024-10-03,-4.589601,-4.329444,-4.700809
2024-10-04,-4.562781,-4.305141,-4.610741
2024-10-07,-4.753519,-4.553281,-4.768206
2024-10-08,-4.794709,-4.652576,-4.548775
2024-10-09,-4.695302,-4.670672,-4.744234
2024-10-10,-4.961464,-4.548998,-4.851152
2024-10-11,-4.863524,-4.502619,-4.109097
2024-10-14,-4.875987,-4.794792,-4.681571
2024-10-15,-4.401023,-4.423086,-4.498575
2024-10-16,-4.889968,-4.598724,-4.668120
2024-10-17,-4.720330,-4.545335,-4.631986
2024-10-18,-4.795289,-4.483359,-4.961333
2024-10-21,-4.937796,-4.620274,-4.862037
2024-10-22,-4.970027,-4.492241,-4.282023
2024-10-23,-4.237475,-4.349382,-4.836456
2024-10-24,-4.712896,-4.363830,-4.725140
2024-10-25,-4.816084,-4.480268,-4.758830
2024-10-28,-4.827303,-4.846882,-4.910144
2024-10-29,-4.733473,-4.620285,-4.824377
2024-10-30,-4.805364,-4.420483,-4.687783
2024-10-31,-4.399324,-4.201938,-4.625890
2024-11-01,-4.320860,-4.191847,-4.596409
2024-11-04,-4.630318,-4.591714,-4.593006
2024-11-05,-4.698644,-4.704376,-4.839021
2024-11-06,-4.546918,-4.008935,-3.962682
2024-11-07,-4.691340,-4.385851,-4.222000
2024-11-08,-4.901009,-4.759481,-4.287819
2024-11-11,-4.825595,-4.313304,-4.907193
2024-11-12,-4.759540,-4.403529,-5.036699
2024-11-13,-4.596290,-4.202044,-4.659824
2024-11-14,-4.509338,-4.166036,-4.474837
2024-11-15,-4.841121,-3.888607,-4.496050
2024-11-18,-4.739142,-4.492226,-4.584151
2024-11-19,-4.928719,-4.608369,-4.778107
2024-11-20,-4.639054,-4.505920,-4.534929
2024-11-21,-4.326014,-3.890265,-4.708669
2024-11-22,-4.726290,-4.293300,-4.627794
2024-11-25,-4.292822,-4.332155,-4.698874
2024-11-26,-4.873840,-4.214504,-4.823013
2024-11-27,-4.898628,-4.539216,-5.045163
2024-11-29,-4.991161,-4.829985,-4.982503
2024-12-02,-4.867009,-4.444004,-4.438670
2024-12-03,-4.911836,-4.564414,-4.859312
2024-12-04,-5.033621,-4.556468,-4.725366
2024-12-05,-5.053662,-4.596503,-4.689323
2024-12-06,-4.851790,-4.382137,-4.763271
2024-12-09,-4.723371,-4.229253,-4.719166
2024-12-10,-4.866431,-4.335789,-3.974558
2024-12-11,-4.945268,-4.536503,-4.784206
2024-12-12,-4.834968,-4.545873,-4.651113
2024-12-13,-4.898587,-4.268566,-4.477499
2024-12-16,-4.867313,-4.479934,-4.667321
2024-12-17,-4.595877,-4.254803,-4.897624
2024-12-18,-4.322640,-3.888170,-4.139850
2024-12-19,-4.259048,-4.144071,-4.288722
2024-12-20,-4.465648,-4.176356,-4.153155
2024-12-23,-4.864093,-4.719683,-4.615631
2024-12-24,-5.287089,-4.761886,-5.095889
2024-12-26,-4.926397,-4.578108,-5.068013
2024-12-27,-4.742647,-4.413869,-4.634088
2024-12-30,-4.617425,-4.452460,-4.638582
2024-12-31,-5.037952,-4.590752,-5.095960
