date,actual,rw,ar,har,arfima
2022-04-20,-4.056968,-4.157215,-4.190802,-4.179882,-4.152707
2022-04-21,-3.928866,-4.056968,-4.155924,-4.137533,-4.119212
2022-04-22,-3.779785,-3.928866,-4.041656,-4.059285,-4.055951
2022-04-25,-3.843672,-3.779785,-3.962997,-3.953048,-3.972276
2022-04-26,-3.879148,-3.843672,-3.951414,-3.974995,-3.970372
2022-04-27,-3.561262,-3.879148,-3.953078,-3.972368,-3.976555
2022-04-28,-3.873867,-3.561262,-3.780298,-3.790950,-3.837873
2022-04-29,-3.418215,-3.873867,-3.903569,-3.929139,-3.929069
2022-05-02,-3.330659,-3.418215,-3.696795,-3.690006,-3.749109
2022-05-03,-3.820760,-3.330659,-3.565071,-3.608636,-3.660101
2022-05-04,-3.328133,-3.820760,-3.810301,-3.827174,-3.830624
2022-05-05,-3.424848,-3.328133,-3.568651,-3.579695,-3.655649
2022-05-06,-3.217667,-3.424848,-3.567872,-3.587902,-3.650511
2022-05-09,-3.617340,-3.217667,-3.499248,-3.471490,-3.548817
2022-05-10,-3.324689,-3.617340,-3.621203,-3.674230,-3.683505
2022-05-11,-3.402485,-3.324689,-3.527954,-3.502440,-3.585422
2022-05-12,-3.143267,-3.402485,-3.527021,-3.536662,-3.592708
2022-05-13,-3.633874,-3.143267,-3.432120,-3.391347,-3.476920
2022-05-16,-3.613832,-3.633874,-3.616212,-3.642564,-3.649392
2022-05-17,-3.503765,-3.613832,-3.672147,-3.629311,-3.679342
2022-05-18,-3.709685,-3.503765,-3.616305,-3.584338,-3.646172
2022-05-19,-3.430189,-3.709685,-3.764503,-3.697812,-3.727977
2022-05-20,-3.605084,-3.430189,-3.639845,-3.584470,-3.611603
2022-05-23,-3.338033,-3.605084,-3.685540,-3.660186,-3.659699
2022-05-24,-3.462097,-3.338033,-3.581298,-3.513945,-3.561336
2022-05-25,-3.667487,-3.462097,-3.580369,-3.566729,-3.583274
2022-05-26,-3.938254,-3.667487,-3.708926,-3.655994,-3.666115
2022-05-27,-4.054259,-3.938254,-3.859417,-3.814810,-3.798229
2022-05-31,-3.641726,-4.054259,-3.993181,-3.902323,-3.888533
2022-06-01,-3.580036,-3.641726,-3.842832,-3.731010,-3.758995
2022-06-02,-3.863485,-3.580036,-3.783593,-3.710562,-3.707024
2022-06-03,-3.950471,-3.863485,-3.904607,-3.858257,-3.803515
2022-06-06,-3.719696,-3.950471,-3.942564,-3.900317,-3.863287
2022-06-07,-3.904114,-3.719696,-3.850305,-3.773609,-3.792542
2022-06-08,-3.887973,-3.904114,-3.947551,-3.878805,-3.852555
2022-06-09,-3.878899,-3.887973,-3.963689,-3.895664,-3.862419
2022-06-10,-3.831214,-3.878899,-3.941783,-3.893658,-3.865598
2022-06-13,-3.685531,-3.831214,-3.936550,-3.866736,-3.850015
2022-06-14,-3.726336,-3.685531,-3.850896,-3.798677,-3.788390
2022-06-15,-3.285658,-3.726336,-3.843550,-3.808287,-3.786744
2022-06-16,-3.717536,-3.285658,-3.606714,-3.562686,-3.604088
2022-06-17,-3.692858,-3.717536,-3.742712,-3.750687,-3.722707
2022-06-21,-3.887897,-3.692858,-3.774857,-3.731076,-3.734235
2022-06-22,-3.684722,-3.887897,-3.849333,-3.835233,-3.817832
2022-06-23,-3.719218,-3.684722,-3.819686,-3.740824,-3.759157
2022-06-24,-3.925433,-3.719218,-3.814221,-3.785963,-3.763115
2022-06-27,-3.873815,-3.925433,-3.937438,-3.897865,-3.858101
2022-06-28,-3.692755,-3.873815,-3.921954,-3.888787,-3.859377
2022-06-29,-3.569782,-3.692755,-3.837617,-3.792955,-3.781881
2022-06-30,-3.451892,-3.569782,-3.765701,-3.726067,-3.707169
2022-07-01,-3.799498,-3.451892,-3.665279,-3.649327,-3.629263
2022-07-05,-3.677524,-3.799498,-3.795655,-3.801759,-3.763123
2022-07-06,-3.464126,-3.677524,-3.766546,-3.733174,-3.734345
2022-07-07,-4.196779,-3.464126,-3.644518,-3.616923,-3.632048
2022-07-08,-3.916103,-4.196779,-4.024816,-3.997143,-3.943372
2022-07-11,-4.014635,-3.916103,-3.970587,-3.900500,-3.889961
2022-07-12,-3.794461,-4.014635,-3.998907,-3.960737,-3.937922
2022-07-13,-3.447961,-3.794461,-3.972340,-3.866807,-3.853107
2022-07-14,-3.924517,-3.447961,-3.727672,-3.703292,-3.675888
2022-07-15,-4.052141,-3.924517,-3.915213,-3.904711,-3.847015
2022-07-18,-3.939777,-4.052141,-4.009591,-3.974541,-3.940142
2022-07-19,-4.091056,-3.939777,-3.961933,-3.919714,-3.918618
2022-07-20,-3.786470,-4.091056,-4.089711,-4.013609,-3.991135
2022-07-21,-3.989558,-3.786470,-3.964548,-3.897831,-3.872390
2022-07-22,-3.935546,-3.989558,-4.016088,-3.996403,-3.941294
2022-07-25,-3.979765,-3.935546,-4.019594,-3.964055,-3.930792
2022-07-26,-3.967738,-3.979765,-4.007476,-3.988593,-3.954185
2022-07-27,-3.692661,-3.967738,-4.030272,-3.975953,-3.954815
2022-07-28,-3.972126,-3.692661,-3.882128,-3.843001,-3.822382
2022-07-29,-3.635120,-3.972126,-3.985265,-3.969517,-3.926962
2022-08-01,-3.615658,-3.635120,-3.837128,-3.795298,-3.781139
2022-08-02,-3.876162,-3.615658,-3.755461,-3.761880,-3.737618
2022-08-03,-4.274696,-3.876162,-3.898542,-3.876837,-3.846209
2022-08-04,-3.740857,-4.274696,-4.105350,-4.100837,-4.062621
2022-08-05,-4.133089,-3.740857,-3.911606,-3.842559,-3.859395
2022-08-08,-3.990738,-4.133089,-4.085139,-4.057661,-4.014416
2022-08-09,-4.295885,-3.990738,-4.090021,-4.017242,-3.978543
2022-08-10,-4.328228,-4.295885,-4.184756,-4.185838,-4.126690
2022-08-11,-4.093345,-4.328228,-4.291883,-4.206299,-4.182016
2022-08-12,-4.244263,-4.093345,-4.179131,-4.125188,-4.091790
2022-08-15,-4.466809,-4.244263,-4.258101,-4.205462,-4.152021
2022-08-16,-4.113271,-4.466809,-4.386448,-4.342062,-4.276268
2022-08-17,-4.095213,-4.113271,-4.221977,-4.170102,-4.139535
2022-08-18,-4.337924,-4.095213,-4.187454,-4.147362,-4.106756
2022-08-19,-4.574543,-4.337924,-4.313306,-4.274988,-4.214812
2022-08-22,-4.297363,-4.574543,-4.431304,-4.409385,-4.356132
2022-08-23,-3.970277,-4.297363,-4.342179,-4.274550,-4.262639
2022-08-24,-4.349161,-3.970277,-4.172895,-4.117166,-4.090906
2022-08-25,-4.363371,-4.349161,-4.322855,-4.307519,-4.234070
2022-08-26,-3.548808,-4.363371,-4.336809,-4.318147,-4.268208
2022-08-29,-3.929379,-3.548808,-3.906276,-3.881103,-3.882966
2022-08-30,-3.890972,-3.929379,-4.011474,-4.027236,-3.975930
2022-08-31,-3.972064,-3.890972,-4.000084,-4.006058,-3.959195
2022-09-01,-3.823643,-3.972064,-3.960886,-4.019384,-3.990350
2022-09-02,-3.635696,-3.823643,-3.943061,-3.915776,-3.921370
2022-09-06,-3.964588,-3.635696,-3.822010,-3.832275,-3.810878
2022-09-07,-4.186072,-3.964588,-3.958722,-3.984199,-3.938487
2022-09-08,-3.826750,-4.186072,-4.096864,-4.104549,-4.069537
2022-09-09,-4.358393,-3.826750,-3.949803,-3.931521,-3.929421
2022-09-12,-4.322269,-4.358393,-4.219042,-4.208166,-4.162857
2022-09-13,-4.220552,-4.322269,-4.293064,-4.237776,-4.199796
2022-09-14,-4.023776,-4.220552,-4.227779,-4.210095,-4.171958
2022-09-15,-3.892079,-4.023776,-4.172887,-4.109029,-4.076870
2022-09-16,-3.914047,-3.892079,-4.059734,-4.050511,-3.991169
2022-09-19,-4.216972,-3.914047,-4.021788,-4.028943,-3.976460
2022-09-20,-4.186702,-4.216972,-4.147476,-4.158602,-4.114539
2022-09-21,-3.333692,-4.186702,-4.168722,-4.141859,-4.130865
2022-09-22,-3.737369,-3.333692,-3.748924,-3.703949,-3.723500
2022-09-23,-3.927533,-3.737369,-3.846793,-3.870956,-3.821358
2022-09-26,-3.805218,-3.927533,-3.948693,-3.956741,-3.915867
2022-09-27,-3.839186,-3.805218,-3.836582,-3.870126,-3.871970
2022-09-28,-3.993041,-3.839186,-3.898743,-3.857906,-3.880200
2022-09-29,-3.961284,-3.993041,-3.997700,-3.975284,-3.955201
2022-09-30,-4.003237,-3.961284,-3.994527,-3.976342,-3.957628
2022-10-03,-3.977448,-4.003237,-4.026890,-4.001072,-3.982568
2022-10-04,-4.117916,-3.977448,-4.037489,-4.001129,-3.978016
2022-10-05,-3.921663,-4.117916,-4.104505,-4.085024,-4.048114
2022-10-06,-3.933219,-3.921663,-4.030625,-3.993825,-3.970826
2022-10-07,-4.095981,-3.933219,-4.011297,-3.996806,-3.961825
2022-10-10,-3.923850,-4.095981,-4.099121,-4.075467,-4.037005
2022-10-11,-3.798404,-3.923850,-4.014436,-3.995238,-3.970489
2022-10-12,-3.862711,-3.798404,-3.935265,-3.913508,-3.896138
2022-10-13,-3.344773,-3.862711,-3.954264,-3.935270,-3.906480
2022-10-14,-3.518424,-3.344773,-3.668070,-3.657442,-3.649771
2022-10-17,-3.944082,-3.518424,-3.659596,-3.691294,-3.667202
2022-10-18,-3.843539,-3.944082,-3.875034,-3.883742,-3.862510
2022-10-19,-3.774670,-3.843539,-3.843451,-3.841357,-3.854974
2022-10-20,-3.830393,-3.774670,-3.845951,-3.801651,-3.826386
2022-10-21,-3.932336,-3.830393,-3.908476,-3.857824,-3.848276
2022-10-24,-3.821282,-3.932336,-3.952205,-3.935722,-3.902695
2022-10-25,-4.011068,-3.821282,-3.908019,-3.878163,-3.862879
2022-10-26,-3.674937,-4.011068,-4.001632,-3.974931,-3.949276
2022-10-27,-3.438030,-3.674937,-3.863616,-3.817495,-3.805564
2022-10-28,-3.472553,-3.438030,-3.684452,-3.681942,-3.658056
2022-10-31,-3.782857,-3.472553,-3.655032,-3.661731,-3.630766
2022-11-01,-3.759016,-3.782857,-3.760786,-3.796660,-3.763512
2022-11-02,-3.324386,-3.759016,-3.779276,-3.767014,-3.777492
2022-11-03,-3.500475,-3.324386,-3.582366,-3.544506,-3.571473
2022-11-04,-3.304893,-3.500475,-3.628571,-3.623180,-3.606773
2022-11-07,-3.939796,-3.304893,-3.523202,-3.519682,-3.507319
2022-11-08,-3.870112,-3.939796,-3.774167,-3.814459,-3.788865
2022-11-09,-3.961434,-3.870112,-3.858130,-3.789865,-3.817202
2022-11-10,-3.205958,-3.961434,-3.919591,-3.875329,-3.881520
2022-11-11,-3.703764,-3.205958,-3.620549,-3.513563,-3.534635
2022-11-14,-3.811717,-3.703764,-3.737233,-3.761621,-3.697725
2022-11-15,-3.570944,-3.811717,-3.832423,-3.803868,-3.774391
2022-11-16,-4.039157,-3.570944,-3.679691,-3.676427,-3.677946
2022-11-17,-3.943660,-4.039157,-3.942216,-3.890881,-3.887736
2022-11-18,-4.046696,-3.943660,-3.971392,-3.900482,-3.890527
2022-11-21,-3.919515,-4.046696,-4.015568,-3.971266,-3.953181
2022-11-22,-3.990632,-3.919515,-4.016970,-3.923205,-3.912493
2022-11-23,-4.056543,-3.990632,-4.027246,-3.984540,-3.944311
2022-11-25,-4.355394,-4.056543,-4.075651,-4.016037,-3.986365
2022-11-28,-3.958756,-4.355394,-4.230406,-4.179453,-4.147102
2022-11-29,-4.064298,-3.958756,-4.093484,-3.998659,-3.997402
2022-11-30,-3.732704,-4.064298,-4.107607,-4.059568,-4.024473
2022-12-01,-3.889236,-3.732704,-3.964554,-3.895394,-3.866746
2022-12-02,-4.172307,-3.889236,-3.943740,-3.953968,-3.905025
2022-12-05,-4.171495,-4.172307,-4.101762,-4.069991,-4.044946
2022-12-06,-4.082736,-4.171495,-4.123291,-4.090078,-4.078861
2022-12-07,-3.875302,-4.082736,-4.119877,-4.055680,-4.052020
2022-12-08,-3.851716,-3.875302,-4.034055,-3.976978,-3.949596
2022-12-09,-4.167696,-3.851716,-3.977982,-3.963294,-3.913729
2022-12-12,-4.263175,-4.167696,-4.106220,-4.105042,-4.054559
2022-12-13,-3.578194,-4.263175,-4.183475,-4.155748,-4.133023
2022-12-14,-3.482642,-3.578194,-3.876209,-3.819646,-3.824217
2022-12-15,-4.039179,-3.482642,-3.752040,-3.747913,-3.706831
2022-12-16,-3.916920,-4.039179,-3.974217,-4.008889,-3.934528
2022-12-19,-4.022465,-3.916920,-3.919743,-3.939496,-3.918429
2022-12-20,-3.772322,-4.022465,-3.983225,-3.969537,-3.972799
2022-12-21,-4.091257,-3.772322,-3.934758,-3.871100,-3.865388
2022-12-22,-4.123752,-4.091257,-4.044486,-4.054706,-3.998318
2022-12-23,-3.847408,-4.123752,-4.111267,-4.076302,-4.043292
2022-12-27,-4.196425,-3.847408,-3.971568,-3.948450,-3.925572
2022-12-28,-4.128685,-4.196425,-4.140569,-4.115673,-4.072288
2022-12-29,-4.381815,-4.128685,-4.150970,-4.109145,-4.072220
2022-12-30,-4.173357,-4.381815,-4.258989,-4.244195,-4.203799
2023-01-03,-3.729095,-4.173357,-4.236948,-4.156042,-4.139919
2023-01-04,-3.678039,-3.729095,-3.985898,-3.950523,-3.918330
2023-01-05,-4.214010,-3.678039,-3.896648,-3.889934,-3.838373
2023-01-06,-3.800307,-4.214010,-4.098807,-4.134394,-4.066065
2023-01-09,-4.122268,-3.800307,-3.925439,-3.908063,-3.912974
2023-01-10,-3.884835,-4.122268,-4.049371,-4.048201,-4.038961
2023-01-11,-4.077293,-3.884835,-4.021803,-3.953145,-3.949922
2023-01-12,-3.638226,-4.077293,-4.049907,-4.067776,-4.025775
2023-01-13,-4.144511,-3.638226,-3.883993,-3.828996,-3.828570
2023-01-17,-4.082237,-4.144511,-4.047147,-4.077365,-4.027247
2023-01-18,-3.780875,-4.082237,-4.096198,-4.049922,-4.037034
2023-01-19,-3.988962,-3.780875,-3.916482,-3.910745,-3.900398
2023-01-20,-4.151736,-3.988962,-4.026621,-3.996680,-3.970074
2023-01-23,-4.116930,-4.151736,-4.115214,-4.105773,-4.060374
2023-01-24,-4.023199,-4.116930,-4.104852,-4.089071,-4.068035
2023-01-25,-3.792770,-4.023199,-4.089656,-4.045042,-4.030673
2023-01-26,-3.881968,-3.792770,-3.974015,-3.941571,-3.912638
2023-01-27,-4.041961,-3.881968,-3.966627,-3.972089,-3.925375
2023-01-30,-4.065077,-4.041961,-4.034147,-4.036972,-3.999159
2023-01-31,-4.100032,-4.065077,-4.052370,-4.042803,-4.026769
2023-02-01,-3.582110,-4.100032,-4.097553,-4.063531,-4.053918
2023-02-02,-3.606137,-3.582110,-3.861316,-3.813969,-3.810674
2023-02-03,-3.343241,-3.606137,-3.787920,-3.801472,-3.763584
2023-02-06,-3.841461,-3.343241,-3.624207,-3.633495,-3.609155
2023-02-07,-3.614874,-3.841461,-3.765694,-3.839513,-3.804437
2023-02-08,-3.924544,-3.614874,-3.721841,-3.701387,-3.728022
2023-02-09,-3.870822,-3.924544,-3.843015,-3.862789,-3.864160
2023-02-10,-4.011932,-3.870822,-3.916551,-3.855944,-3.868223
2023-02-13,-4.231695,-4.011932,-3.973179,-3.965469,-3.944321
2023-02-14,-3.837485,-4.231695,-4.144479,-4.090148,-4.074000
2023-02-15,-3.963010,-3.837485,-3.987756,-3.933277,-3.919937
2023-02-16,-4.082090,-3.963010,-4.016566,-3.989902,-3.953470
2023-02-17,-4.098121,-4.082090,-4.096814,-4.057181,-4.016623
2023-02-21,-4.434834,-4.098121,-4.085228,-4.072575,-4.041628
2023-02-22,-4.064904,-4.434834,-4.283358,-4.238123,-4.217741
2023-02-23,-4.239179,-4.064904,-4.171972,-4.090725,-4.085533
2023-02-24,-4.041982,-4.239179,-4.222684,-4.187402,-4.150890
2023-02-27,-4.233878,-4.041982,-4.168350,-4.097947,-4.069858
2023-02-28,-4.547449,-4.233878,-4.196826,-4.194545,-4.148001
2023-03-01,-4.093678,-4.547449,-4.396312,-4.344089,-4.319388
2023-03-02,-4.274806,-4.093678,-4.211578,-4.147593,-4.145308
2023-03-03,-4.263659,-4.274806,-4.271638,-4.231011,-4.203055
2023-03-06,-4.197879,-4.263659,-4.303239,-4.243390,-4.208516
2023-03-07,-3.881962,-4.197879,-4.223972,-4.215729,-4.178988
2023-03-08,-4.226458,-3.881962,-4.074844,-4.032058,-4.019307
2023-03-09,-4.009153,-4.226458,-4.185806,-4.197763,-4.147295
2023-03-10,-3.756748,-4.009153,-4.105361,-4.085111,-4.063786
2023-03-13,-3.402057,-3.756748,-3.924880,-3.940156,-3.922459
2023-03-14,-3.894961,-3.402057,-3.727850,-3.724766,-3.708816
2023-03-15,-3.713422,-3.894961,-3.866352,-3.941360,-3.885138
2023-03-16,-3.798110,-3.713422,-3.803837,-3.823567,-3.822101
2023-03-17,-3.877139,-3.798110,-3.806387,-3.842610,-3.848455
2023-03-20,-3.883322,-3.877139,-3.910482,-3.886115,-3.888895
2023-03-21,-4.293896,-3.883322,-3.911079,-3.922226,-3.900695
2023-03-22,-3.753176,-4.293896,-4.136378,-4.131427,-4.105883
2023-03-23,-4.010924,-3.753176,-3.947381,-3.895547,-3.893922
2023-03-24,-4.147851,-4.010924,-4.012695,-4.020400,-3.979203
2023-03-27,-4.255990,-4.147851,-4.139225,-4.099900,-4.060920
2023-03-28,-4.364693,-4.255990,-4.169095,-4.173691,-4.137232
2023-03-29,-4.215063,-4.364693,-4.286649,-4.228402,-4.216194
2023-03-30,-4.336173,-4.215063,-4.256231,-4.195626,-4.171038
2023-03-31,-4.613567,-4.336173,-4.312640,-4.270359,-4.228306
2023-04-03,-4.255463,-4.613567,-4.476926,-4.428415,-4.381392
2023-04-04,-4.191786,-4.255463,-4.335908,-4.271419,-4.250873
2023-04-05,-4.349456,-4.191786,-4.276107,-4.230700,-4.199700
2023-04-06,-4.390240,-4.349456,-4.349962,-4.310343,-4.262461
2023-04-10,-4.386770,-4.390240,-4.349202,-4.335312,-4.296276
2023-04-11,-4.560682,-4.386770,-4.359092,-4.318778,-4.306774
2023-04-12,-4.156348,-4.560682,-4.468611,-4.420034,-4.398948
2023-04-13,-4.290924,-4.156348,-4.302895,-4.243318,-4.227640
2023-04-14,-4.020344,-4.290924,-4.309097,-4.303270,-4.258025
2023-04-17,-4.518544,-4.020344,-4.188987,-4.159613,-4.127045
2023-04-18,-4.378378,-4.518544,-4.348216,-4.391271,-4.337558
2023-04-19,-4.280105,-4.378378,-4.365521,-4.320973,-4.314365
2023-04-20,-4.322268,-4.280105,-4.294915,-4.289393,-4.269714
2023-04-21,-4.279240,-4.322268,-4.350054,-4.312746,-4.281926
2023-04-24,-4.079377,-4.279240,-4.310957,-4.312515,-4.263135
2023-04-25,-4.296667,-4.079377,-4.193813,-4.195516,-4.161183
2023-04-26,-3.966859,-4.296667,-4.267963,-4.286394,-4.241129
2023-04-27,-3.983776,-3.966859,-4.121782,-4.118930,-4.093430
2023-04-28,-3.916160,-3.983776,-4.061293,-4.100327,-4.066060
2023-05-01,-4.177246,-3.916160,-4.032479,-4.042068,-4.017376
2023-05-02,-4.187523,-4.177246,-4.110512,-4.162226,-4.126888
2023-05-03,-3.981282,-4.187523,-4.160483,-4.157979,-4.153263
2023-05-04,-4.209672,-3.981282,-4.070709,-4.065540,-4.061991
2023-05-05,-4.641727,-4.209672,-4.181000,-4.180599,-4.153098
2023-05-08,-4.486837,-4.641727,-4.424668,-4.423542,-4.383326
2023-05-09,-4.397805,-4.486837,-4.416877,-4.379123,-4.370437
2023-05-10,-4.077568,-4.397805,-4.404723,-4.355412,-4.339253
2023-05-11,-4.206197,-4.077568,-4.271980,-4.221103,-4.181520
2023-05-12,-4.312169,-4.206197,-4.251727,-4.274612,-4.206908
2023-05-15,-4.146746,-4.312169,-4.293692,-4.298038,-4.257568
2023-05-16,-4.242726,-4.146746,-4.197990,-4.200866,-4.187826
2023-05-17,-4.405178,-4.242726,-4.240311,-4.232987,-4.219455
2023-05-18,-4.220177,-4.405178,-4.341089,-4.326331,-4.303867
2023-05-19,-4.485581,-4.220177,-4.263437,-4.245763,-4.235277
2023-05-22,-4.233608,-4.485581,-4.387218,-4.374830,-4.353326
2023-05-23,-4.177653,-4.233608,-4.316530,-4.270866,-4.258440
2023-05-24,-4.335166,-4.177653,-4.237878,-4.241284,-4.213886
2023-05-25,-4.275381,-4.335166,-4.322698,-4.306254,-4.277353
2023-05-26,-4.107947,-4.275381,-4.284861,-4.284007,-4.260753
2023-05-30,-3.865038,-4.107947,-4.194057,-4.185135,-4.176898
2023-05-31,-4.094901,-3.865038,-4.057391,-4.052641,-4.036583
2023-06-01,-4.203881,-4.094901,-4.108678,-4.147570,-4.108311
2023-06-02,-4.240619,-4.203881,-4.166150,-4.185802,-4.168637
2023-06-05,-4.372300,-4.240619,-4.189910,-4.199716,-4.200674
2023-06-06,-4.408601,-4.372300,-4.300335,-4.278187,-4.275715
2023-06-07,-3.932647,-4.408601,-4.359328,-4.333553,-4.315339
2023-06-08,-4.083437,-3.932647,-4.141102,-4.111691,-4.098167
2023-06-09,-4.272759,-4.083437,-4.147704,-4.165595,-4.122718
2023-06-12,-4.473080,-4.272759,-4.240411,-4.249157,-4.211053
2023-06-13,-4.319246,-4.473080,-4.326668,-4.345728,-4.328465
2023-06-14,-4.075670,-4.319246,-4.318911,-4.273302,-4.286595
2023-06-15,-4.370870,-4.075670,-4.206821,-4.176433,-4.165510
2023-06-16,-4.405684,-4.370870,-4.324454,-4.326202,-4.281121
2023-06-20,-4.035794,-4.405684,-4.358976,-4.351826,-4.321486
2023-06-21,-4.271467,-4.035794,-4.170384,-4.158083,-4.155157
2023-06-22,-3.916969,-4.271467,-4.260630,-4.257103,-4.232952
2023-06-23,-3.985027,-3.916969,-4.103371,-4.089153,-4.071198
2023-06-26,-4.138534,-3.985027,-4.043048,-4.089654,-4.064696
2023-06-27,-4.305084,-4.138534,-4.136554,-4.136332,-4.128444
2023-06-28,-4.202502,-4.305084,-4.208586,-4.227203,-4.221034
2023-06-29,-4.629338,-4.202502,-4.207343,-4.177659,-4.195130
2023-06-30,-4.554276,-4.629338,-4.434289,-4.416100,-4.403292
2023-07-03,-4.876037,-4.554276,-4.488397,-4.428762,-4.420478
2023-07-05,-4.704512,-4.876037,-4.654262,-4.625470,-4.596324
2023-07-06,-4.547446,-4.704512,-4.675475,-4.583645,-4.565217
2023-07-07,-4.665381,-4.547446,-4.579077,-4.542053,-4.496411
2023-07-10,-4.228580,-4.665381,-4.637588,-4.597537,-4.543656
2023-07-11,-4.287342,-4.228580,-4.406872,-4.382984,-4.342355
2023-07-12,-4.542548,-4.287342,-4.345063,-4.368173,-4.324532
2023-07-13,-4.539819,-4.542548,-4.464123,-4.469639,-4.434400
2023-07-14,-4.532900,-4.539819,-4.461467,-4.469722,-4.456290
2023-07-17,-4.382868,-4.532900,-4.483022,-4.457686,-4.462973
2023-07-18,-4.377979,-4.382868,-4.437707,-4.404780,-4.394613
2023-07-19,-4.168340,-4.377979,-4.406483,-4.410985,-4.377203
2023-07-20,-4.178797,-4.168340,-4.289354,-4.292185,-4.267334
2023-07-21,-4.161757,-4.178797,-4.236926,-4.269197,-4.242403
2023-07-24,-4.181984,-4.161757,-4.214686,-4.235774,-4.219835
2023-07-25,-4.822384,-4.181984,-4.196880,-4.229090,-4.218473
2023-07-26,-4.046483,-4.822384,-4.520144,-4.542442,-4.527322
2023-07-27,-4.108065,-4.046483,-4.251811,-4.200240,-4.222987
2023-07-28,-4.394554,-4.108065,-4.186522,-4.221218,-4.193113
2023-07-31,-4.568336,-4.394554,-4.362862,-4.361115,-4.314931
2023-08-01,-4.504387,-4.568336,-4.413081,-4.465399,-4.424637
2023-08-02,-4.170101,-4.504387,-4.441672,-4.414743,-4.425427
2023-08-03,-3.936580,-4.170101,-4.310329,-4.277897,-4.270385
2023-08-04,-3.750168,-3.936580,-4.148066,-4.159824,-4.120749
2023-08-07,-4.130273,-3.750168,-3.979727,-4.026949,-3.984069
2023-08-08,-4.283543,-4.130273,-4.077168,-4.156564,-4.122927
2023-08-09,-4.346525,-4.283543,-4.182651,-4.204061,-4.218359
2023-08-10,-4.323024,-4.346525,-4.247342,-4.244920,-4.273987
2023-08-11,-4.251305,-4.323024,-4.304579,-4.262874,-4.281570
2023-08-14,-4.475447,-4.251305,-4.286825,-4.266660,-4.257027
2023-08-15,-4.370089,-4.475447,-4.391059,-4.387855,-4.362735
2023-08-16,-4.127197,-4.370089,-4.371842,-4.347615,-4.338009
2023-08-17,-4.053300,-4.127197,-4.239249,-4.225516,-4.219604
2023-08-18,-4.173083,-4.053300,-4.177551,-4.172101,-4.155186
2023-08-21,-4.465401,-4.173083,-4.192852,-4.218327,-4.191398
2023-08-22,-4.377570,-4.465401,-4.325089,-4.345769,-4.337125
2023-08-23,-4.601170,-4.377570,-4.334946,-4.309713,-4.330045
2023-08-24,-4.173659,-4.601170,-4.465960,-4.443137,-4.445950
2023-08-25,-4.039166,-4.173659,-4.324001,-4.262495,-4.269375
2023-08-28,-4.364712,-4.039166,-4.183955,-4.193208,-4.167742
2023-08-29,-4.450831,-4.364712,-4.317235,-4.330554,-4.295163
2023-08-30,-4.378410,-4.450831,-4.357800,-4.373669,-4.361079
2023-08-31,-4.345766,-4.378410,-4.344938,-4.325224,-4.346177
2023-09-01,-4.425436,-4.345766,-4.361552,-4.322456,-4.331927
2023-09-05,-4.635597,-4.425436,-4.400418,-4.386192,-4.369181
2023-09-06,-4.216150,-4.635597,-4.508322,-4.501299,-4.482061
2023-09-07,-4.226512,-4.216150,-4.340300,-4.304459,-4.308129
2023-09-08,-4.538351,-4.226512,-4.293306,-4.298520,-4.277611
2023-09-11,-4.492047,-4.538351,-4.445391,-4.448968,-4.416290
2023-09-12,-4.516433,-4.492047,-4.429156,-4.434253,-4.424605
2023-09-13,-4.073800,-4.516433,-4.456787,-4.437389,-4.445279
2023-09-14,-4.249012,-4.073800,-4.273866,-4.235023,-4.239722
2023-09-15,-4.342078,-4.249012,-4.276878,-4.311509,-4.275979
2023-09-18,-4.569406,-4.342078,-4.326495,-4.337070,-4.319829
2023-09-19,-4.540683,-4.569406,-4.414362,-4.442749,-4.439651
2023-09-20,-4.417475,-4.540683,-4.469465,-4.434888,-4.457160
2023-09-21,-4.249316,-4.417475,-4.430573,-4.408704,-4.409031
2023-09-22,-4.167776,-4.249316,-4.350555,-4.335368,-4.319250
2023-09-25,-4.164668,-4.167776,-4.267221,-4.285896,-4.256236
2023-09-26,-4.163331,-4.164668,-4.223769,-4.252212,-4.233408
2023-09-27,-3.966989,-4.163331,-4.196021,-4.223613,-4.220628
2023-09-28,-4.075102,-3.966989,-4.087809,-4.105433,-4.116435
2023-09-29,-4.288243,-4.075102,-4.105554,-4.137376,-4.139227
2023-10-02,-3.943977,-4.288243,-4.217087,-4.236910,-4.240579
2023-10-03,-4.162514,-3.943977,-4.067879,-4.070411,-4.094318
2023-10-04,-4.020864,-4.162514,-4.142713,-4.163189,-4.168014
2023-10-05,-4.318205,-4.020864,-4.113640,-4.104091,-4.109383
2023-10-06,-4.317263,-4.318205,-4.209021,-4.247919,-4.240643
2023-10-09,-4.187907,-4.317263,-4.279300,-4.250228,-4.269530
2023-10-10,-4.499405,-4.187907,-4.218425,-4.212395,-4.219439
2023-10-11,-4.442461,-4.499405,-4.386570,-4.370520,-4.363559
2023-10-12,-4.105995,-4.442461,-4.405368,-4.376668,-4.371414
2023-10-13,-4.193949,-4.105995,-4.233811,-4.214713,-4.217426
2023-10-16,-4.402850,-4.193949,-4.248303,-4.244142,-4.223980
2023-10-17,-4.236225,-4.402850,-4.340098,-4.351212,-4.321483
2023-10-18,-4.311626,-4.236225,-4.260818,-4.259259,-4.262760
2023-10-19,-3.805716,-4.311626,-4.290737,-4.281016,-4.289507
2023-10-20,-3.987051,-3.805716,-4.069785,-4.036058,-4.047884
2023-10-23,-4.120881,-3.987051,-4.047029,-4.096790,-4.075909
2023-10-24,-4.128972,-4.120881,-4.125197,-4.132887,-4.133727
2023-10-25,-4.095135,-4.128972,-4.102956,-4.128040,-4.147038
2023-10-26,-3.710548,-4.095135,-4.118978,-4.096998,-4.133982
2023-10-27,-3.814550,-3.710548,-3.939072,-3.922050,-3.942949
2023-10-30,-3.849196,-3.814550,-3.916055,-3.952897,-3.943684
2023-10-31,-4.327212,-3.849196,-3.924322,-3.945998,-3.947847
2023-11-01,-4.105115,-4.327212,-4.126452,-4.167220,-4.175635
2023-11-02,-4.269474,-4.105115,-4.122841,-4.073085,-4.121321
2023-11-03,-4.559146,-4.269474,-4.196775,-4.186163,-4.199158
2023-11-06,-4.317795,-4.559146,-4.417538,-4.369512,-4.361971
2023-11-07,-4.330180,-4.317795,-4.335829,-4.300234,-4.291557
2023-11-08,-4.591964,-4.330180,-4.334952,-4.305713,-4.292894
2023-11-09,-4.441652,-4.591964,-4.488035,-4.456913,-4.423615
2023-11-10,-4.506014,-4.441652,-4.434039,-4.404813,-4.385966
2023-11-13,-4.677100,-4.506014,-4.455506,-4.429012,-4.417848
2023-11-14,-4.351803,-4.677100,-4.575851,-4.532702,-4.512700
2023-11-15,-4.195639,-4.351803,-4.430192,-4.394303,-4.380304
2023-11-16,-4.243391,-4.195639,-4.311216,-4.296014,-4.282478
2023-11-17,-4.498041,-4.243391,-4.305629,-4.301805,-4.276464
2023-11-20,-4.848223,-4.498041,-4.391212,-4.411962,-4.388600
2023-11-21,-4.545665,-4.848223,-4.597430,-4.581661,-4.580488
2023-11-22,-4.609390,-4.545665,-4.533812,-4.468361,-4.493462
2023-11-24,-4.906919,-4.609390,-4.564545,-4.529147,-4.515699
2023-11-27,-4.649866,-4.906919,-4.748300,-4.711033,-4.664453
2023-11-28,-4.554459,-4.649866,-4.641627,-4.613714,-4.585767
2023-11-29,-4.527476,-4.554459,-4.574047,-4.554770,-4.532112
2023-11-30,-4.178366,-4.527476,-4.562515,-4.545444,-4.506908
2023-12-01,-4.621653,-4.178366,-4.344704,-4.363980,-4.333810
2023-12-04,-4.383217,-4.621653,-4.488232,-4.535855,-4.496348
2023-12-05,-3.977139,-4.383217,-4.424378,-4.414894,-4.414946
2023-12-06,-4.471092,-3.977139,-4.163497,-4.195589,-4.206510
2023-12-07,-4.448265,-4.471092,-4.374328,-4.403362,-4.381944
2023-12-08,-4.426105,-4.448265,-4.397767,-4.414140,-4.402497
2023-12-11,-4.521921,-4.426105,-4.365214,-4.389918,-4.401250
2023-12-12,-4.631617,-4.521921,-4.468610,-4.441824,-4.448568
2023-12-13,-4.299291,-4.631617,-4.536928,-4.538915,-4.513796
2023-12-14,-4.163908,-4.299291,-4.394638,-4.381760,-4.377312
2023-12-15,-4.419504,-4.163908,-4.284548,-4.299625,-4.283378
2023-12-18,-4.648128,-4.419504,-4.375565,-4.409271,-4.372072
2023-12-19,-4.714779,-4.648128,-4.487976,-4.519499,-4.494375
2023-12-20,-4.453922,-4.714779,-4.565682,-4.557174,-4.559688
2023-12-21,-4.496509,-4.453922,-4.495267,-4.456034,-4.463431
2023-12-22,-5.116287,-4.496509,-4.499262,-4.496723,-4.465946
2023-12-26,-5.429225,-5.116287,-4.804664,-4.820168,-4.754652
2023-12-27,-5.041131,-5.429225,-5.048422,-5.020176,-4.977904
2023-12-28,-5.279516,-5.041131,-4.962968,-4.876201,-4.875129
2023-12-29,-4.755399,-5.279516,-5.104084,-5.045233,-4.983507
2024-01-02,-4.338533,-4.755399,-4.899346,-4.835617,-4.774230
2024-01-03,-4.354323,-4.338533,-4.563934,-4.590880,-4.536397
2024-01-04,-4.286929,-4.354323,-4.485336,-4.519977,-4.474881
2024-01-05,-4.537344,-4.286929,-4.363175,-4.433684,-4.410585
2024-01-08,-4.558145,-4.537344,-4.425972,-4.491374,-4.499065
2024-01-09,-4.558313,-4.558145,-4.480654,-4.489302,-4.522107
2024-01-10,-4.585607,-4.558313,-4.494007,-4.505537,-4.528228
2024-01-11,-4.161725,-4.585607,-4.538987,-4.535378,-4.543163
2024-01-12,-4.418764,-4.161725,-4.336286,-4.337670,-4.349242
2024-01-16,-4.318495,-4.418764,-4.385929,-4.442585,-4.418656
2024-01-17,-4.639846,-4.318495,-4.358366,-4.379547,-4.378014
2024-01-18,-4.538115,-4.639846,-4.466110,-4.529422,-4.515795
2024-01-19,-4.699210,-4.538115,-4.499923,-4.483392,-4.500675
2024-01-22,-4.568307,-4.699210,-4.571143,-4.594024,-4.582005
2024-01-23,-4.797134,-4.568307,-4.566659,-4.546800,-4.543880
2024-01-24,-4.454843,-4.797134,-4.655213,-4.682633,-4.645286
2024-01-25,-4.434495,-4.454843,-4.537137,-4.518402,-4.515007
2024-01-26,-4.707534,-4.434495,-4.461958,-4.501344,-4.477897
2024-01-29,-4.889168,-4.707534,-4.599301,-4.619612,-4.589393
2024-01-30,-4.490004,-4.889168,-4.700814,-4.719647,-4.699182
2024-01-31,-4.235205,-4.490004,-4.550428,-4.519919,-4.549589
2024-02-01,-4.146501,-4.235205,-4.390856,-4.385899,-4.401317
2024-02-02,-3.935802,-4.146501,-4.293566,-4.322640,-4.315707
2024-02-05,-4.582950,-3.935802,-4.108484,-4.171665,-4.184020
2024-02-06,-4.624649,-4.582950,-4.357634,-4.436286,-4.436407
2024-02-07,-4.573121,-4.624649,-4.476752,-4.466456,-4.508762
2024-02-08,-4.664861,-4.573121,-4.476239,-4.468121,-4.512616
2024-02-09,-4.686043,-4.664861,-4.590231,-4.546424,-4.563482
2024-02-12,-4.607011,-4.686043,-4.619662,-4.609533,-4.590663
2024-02-13,-3.965830,-4.607011,-4.584025,-4.576473,-4.566931
2024-02-14,-4.400260,-3.965830,-4.259897,-4.244952,-4.269144
2024-02-15,-4.380964,-4.400260,-4.353862,-4.425450,-4.391055
2024-02-16,-4.401627,-4.380964,-4.375543,-4.396422,-4.396591
2024-02-20,-4.414795,-4.401627,-4.335991,-4.384955,-4.406821
2024-02-21,-4.550311,-4.414795,-4.395628,-4.376137,-4.414717
2024-02-22,-4.308932,-4.550311,-4.464964,-4.477778,-4.478161
2024-02-23,-4.369669,-4.308932,-4.371309,-4.363240,-4.385099
2024-02-26,-4.902565,-4.369669,-4.368363,-4.387206,-4.391599
2024-02-27,-4.986557,-4.902565,-4.647709,-4.661512,-4.632725
2024-02-28,-4.872557,-4.986557,-4.763556,-4.742831,-4.735029
2024-02-29,-4.501503,-4.872557,-4.763924,-4.715880,-4.725556
2024-03-01,-4.839406,-4.501503,-4.623248,-4.563692,-4.567288
2024-03-04,-4.738318,-4.839406,-4.727915,-4.748884,-4.686011
2024-03-05,-4.819620,-4.738318,-4.700821,-4.694834,-4.666421
2024-03-06,-4.356738,-4.819620,-4.702919,-4.721553,-4.704407
2024-03-07,-4.575285,-4.356738,-4.516772,-4.481658,-4.505170
2024-03-08,-4.312573,-4.575285,-4.536087,-4.583294,-4.555195
2024-03-11,-4.576984,-4.312573,-4.422177,-4.427768,-4.438178
2024-03-12,-4.416195,-4.576984,-4.468489,-4.532310,-4.526009
2024-03-13,-4.772890,-4.416195,-4.443533,-4.430986,-4.467693
2024-03-14,-4.212693,-4.772890,-4.581189,-4.618128,-4.616318
2024-03-15,-4.363801,-4.212693,-4.383834,-4.343708,-4.396824
2024-03-18,-4.602172,-4.363801,-4.362795,-4.415471,-4.414166
2024-03-19,-4.767350,-4.602172,-4.514535,-4.522338,-4.516963
2024-03-20,-4.541853,-4.767350,-4.586641,-4.622219,-4.616399
2024-03-21,-4.732989,-4.541853,-4.536484,-4.507419,-4.544523
2024-03-22,-4.745011,-4.732989,-4.630192,-4.630040,-4.620560
2024-03-25,-4.635954,-4.745011,-4.677470,-4.663976,-4.646975
2024-03-26,-4.755563,-4.635954,-4.608578,-4.619791,-4.609032
2024-03-27,-4.817043,-4.755563,-4.673797,-4.674268,-4.658102
2024-03-28,-4.684917,-4.817043,-4.721196,-4.721076,-4.699737
2024-04-01,-4.450553,-4.684917,-4.659201,-4.658343,-4.654167
2024-04-02,-4.865445,-4.450553,-4.534813,-4.531341,-4.539248
2024-04-03,-4.568944,-4.865445,-4.702917,-4.733131,-4.698509
2024-04-04,-4.501644,-4.568944,-4.596098,-4.588569,-4.598513
2024-04-05,-4.283385,-4.501644,-4.505862,-4.535103,-4.547888
2024-04-08,-4.833540,-4.283385,-4.415114,-4.407191,-4.430961
2024-04-09,-4.417683,-4.833540,-4.615261,-4.678784,-4.647334
2024-04-10,-4.312792,-4.417683,-4.480926,-4.463107,-4.505218
2024-04-11,-4.633031,-4.312792,-4.360512,-4.398742,-4.427759
2024-04-12,-4.606511,-4.633031,-4.545684,-4.549777,-4.548280
2024-04-15,-4.325816,-4.606511,-4.532523,-4.562304,-4.561117
2024-04-16,-4.291482,-4.325816,-4.392171,-4.399979,-4.439674
2024-04-17,-4.364176,-4.291482,-4.361761,-4.376811,-4.393209
2024-04-18,-4.317021,-4.364176,-4.371994,-4.412336,-4.407023
2024-04-19,-4.136329,-4.317021,-4.324793,-4.367351,-4.382601
2024-04-22,-4.461535,-4.136329,-4.224858,-4.251927,-4.290304
2024-04-23,-4.449049,-4.461535,-4.363624,-4.405023,-4.410956
2024-04-24,-4.395710,-4.449049,-4.398667,-4.409922,-4.429453
2024-04-25,-3.977044,-4.395710,-4.364591,-4.387590,-4.410758
2024-04-26,-4.370219,-3.977044,-4.184711,-4.178808,-4.203147
2024-04-29,-4.132568,-4.370219,-4.303233,-4.363009,-4.342472
2024-04-30,-3.870681,-4.132568,-4.221668,-4.234642,-4.248104
2024-05-01,-3.530220,-3.870681,-4.018448,-4.073417,-4.097666
2024-05-02,-3.983285,-3.530220,-3.835797,-3.857423,-3.886523
2024-05-03,-4.446041,-3.983285,-3.957388,-4.049511,-4.041776
2024-05-06,-4.814161,-4.446041,-4.217326,-4.255157,-4.287647
2024-05-07,-4.744967,-4.814161,-4.469294,-4.466712,-4.529104
2024-05-08,-4.908917,-4.744967,-4.585087,-4.501948,-4.569554
2024-05-09,-4.489622,-4.908917,-4.735863,-4.670919,-4.680662
2024-05-10,-4.778514,-4.489622,-4.596346,-4.522326,-4.516253
2024-05-13,-4.880576,-4.778514,-4.668224,-4.674183,-4.630428
2024-05-14,-4.653070,-4.880576,-4.766423,-4.724725,-4.707629
2024-05-15,-4.048862,-4.653070,-4.634613,-4.619184,-4.623585
2024-05-16,-4.433769,-4.048862,-4.332686,-4.291369,-4.315511
2024-05-17,-4.823446,-4.433769,-4.417972,-4.459238,-4.425869
2024-05-20,-4.916274,-4.823446,-4.617441,-4.636478,-4.626767
2024-05-21,-4.517305,-4.916274,-4.680477,-4.683777,-4.722096
2024-05-22,-4.641670,-4.517305,-4.568311,-4.500405,-4.562297
2024-05-23,-4.434859,-4.641670,-4.614640,-4.596896,-4.593881
2024-05-24,-4.797737,-4.434859,-4.520374,-4.506061,-4.496745
2024-05-28,-4.442723,-4.797737,-4.623829,-4.663814,-4.653071
2024-05-29,-4.687915,-4.442723,-4.517142,-4.480029,-4.513109
2024-05-30,-4.762179,-4.687915,-4.565519,-4.600857,-4.604989
2024-05-31,-4.331854,-4.762179,-4.680352,-4.645319,-4.659530
2024-06-03,-4.354182,-4.331854,-4.439197,-4.453826,-4.466240
2024-06-04,-4.361884,-4.354182,-4.408169,-4.437310,-4.433142
2024-06-05,-4.620056,-4.361884,-4.406858,-4.437630,-4.419131
2024-06-06,-4.670630,-4.620056,-4.482890,-4.546249,-4.535779
2024-06-07,-4.508630,-4.670630,-4.558859,-4.561238,-4.585950
2024-06-10,-4.686821,-4.508630,-4.498415,-4.501896,-4.524093
2024-06-11,-4.463332,-4.686821,-4.595971,-4.601652,-4.600653
2024-06-12,-4.296914,-4.463332,-4.514552,-4.511708,-4.509331
2024-06-13,-4.383769,-4.296914,-4.375805,-4.414469,-4.409000
2024-06-14,-4.762449,-4.383769,-4.403355,-4.430294,-4.422474
2024-06-17,-4.494514,-4.762449,-4.574074,-4.611310,-4.603675
2024-06-18,-4.500619,-4.494514,-4.488782,-4.486195,-4.515514
2024-06-20,-4.241385,-4.500619,-4.471554,-4.492462,-4.505480
2024-06-21,-4.337251,-4.241385,-4.379670,-4.372949,-4.374615
2024-06-24,-4.152931,-4.337251,-4.345689,-4.406832,-4.387282
2024-06-25,-4.577177,-4.152931,-4.258896,-4.283114,-4.291545
2024-06-26,-4.094244,-4.577177,-4.410295,-4.469556,-4.471476
2024-06-27,-4.077474,-4.094244,-4.247091,-4.232503,-4.272319
2024-06-28,-4.076915,-4.077474,-4.142839,-4.208973,-4.223608
2024-07-01,-4.100138,-4.076915,-4.176113,-4.187764,-4.199929
2024-07-02,-4.399346,-4.100138,-4.120876,-4.190076,-4.196941
2024-07-03,-4.651203,-4.399346,-4.272958,-4.302843,-4.336398
2024-07-05,-4.714051,-4.651203,-4.456364,-4.451968,-4.491055
2024-07-08,-4.569139,-4.714051,-4.551532,-4.526017,-4.567005
2024-07-09,-4.887306,-4.569139,-4.542689,-4.499775,-4.527180
2024-07-10,-4.726445,-4.887306,-4.712248,-4.692644,-4.683476
2024-07-11,-4.018246,-4.726445,-4.693503,-4.646975,-4.647811
2024-07-12,-4.485268,-4.018246,-4.302402,-4.297147,-4.304102
2024-07-15,-4.193595,-4.485268,-4.440071,-4.480047,-4.449851
2024-07-16,-4.195503,-4.193595,-4.328224,-4.327256,-4.325720
2024-07-17,-4.226107,-4.195503,-4.198201,-4.278787,-4.295948
2024-07-18,-3.821019,-4.226107,-4.264897,-4.255554,-4.295335
2024-07-19,-4.189312,-3.821019,-4.027707,-4.062023,-4.090617
2024-07-22,-4.386696,-4.189312,-4.137966,-4.196324,-4.215272
2024-07-23,-4.091091,-4.386696,-4.292385,-4.293457,-4.328333
2024-07-24,-4.333481,-4.091091,-4.142060,-4.158781,-4.211919
2024-07-25,-3.940615,-4.333481,-4.267193,-4.269238,-4.306624
2024-07-26,-4.117912,-3.940615,-4.129632,-4.109917,-4.132958
2024-07-29,-4.496263,-4.117912,-4.115071,-4.176807,-4.178761
2024-07-30,-4.157181,-4.496263,-4.353886,-4.346726,-4.365897
2024-07-31,-4.035589,-4.157181,-4.227541,-4.209127,-4.244163
2024-08-01,-3.976698,-4.035589,-4.107351,-4.136862,-4.163832
2024-08-02,-3.355740,-3.976698,-4.097799,-4.113450,-4.111268
2024-08-05,-3.280448,-3.355740,-3.770389,-3.790096,-3.787120
2024-08-06,-3.834624,-3.280448,-3.579832,-3.660522,-3.660843
2024-08-07,-3.994995,-3.834624,-3.803833,-3.868907,-3.875753
2024-08-08,-4.095015,-3.994995,-3.914261,-3.931258,-3.988237
2024-08-09,-4.142411,-4.095015,-3.958469,-3.977687,-4.067113
2024-08-12,-4.129904,-4.142411,-4.057813,-4.048847,-4.115771
2024-08-13,-4.356949,-4.129904,-4.118674,-4.102898,-4.128409
2024-08-14,-4.297386,-4.356949,-4.250317,-4.234935,-4.248579
2024-08-15,-4.249469,-4.297386,-4.275060,-4.231330,-4.253614
2024-08-16,-4.817848,-4.249469,-4.249190,-4.221484,-4.240941
2024-08-19,-4.488307,-4.817848,-4.539266,-4.517353,-4.521459
2024-08-20,-4.576123,-4.488307,-4.492234,-4.403516,-4.433884
2024-08-21,-4.426348,-4.576123,-4.481311,-4.458908,-4.474113
2024-08-22,-4.425506,-4.426348,-4.470945,-4.403377,-4.415600
2024-08-23,-4.303563,-4.425506,-4.450078,-4.417886,-4.406529
2024-08-26,-4.549500,-4.303563,-4.372254,-4.329716,-4.344928
2024-08-27,-4.557294,-4.549500,-4.460126,-4.444268,-4.450373
2024-08-28,-4.465576,-4.557294,-4.495737,-4.449293,-4.478095
2024-08-29,-4.208886,-4.465576,-4.446771,-4.412390,-4.445875
2024-08-30,-4.422604,-4.208886,-4.318714,-4.287306,-4.314532
2024-09-03,-4.295549,-4.422604,-4.393462,-4.389633,-4.387084
2024-09-04,-4.437938,-4.295549,-4.355161,-4.319322,-4.336170
2024-09-05,-4.002571,-4.437938,-4.373931,-4.379359,-4.394410
2024-09-06,-4.193505,-4.002571,-4.185631,-4.165215,-4.193273
2024-09-09,-4.337659,-4.193505,-4.206080,-4.248287,-4.237960
2024-09-10,-4.190600,-4.337659,-4.305741,-4.306895,-4.308334
2024-09-11,-4.242509,-4.190600,-4.231371,-4.236897,-4.251379
2024-09-12,-4.346327,-4.242509,-4.219882,-4.247467,-4.264672
2024-09-13,-4.608272,-4.346327,-4.305818,-4.317109,-4.316004
2024-09-16,-4.388920,-4.608272,-4.450686,-4.460693,-4.456726
2024-09-17,-4.444881,-4.388920,-4.388042,-4.370005,-4.387744
2024-09-18,-4.119565,-4.444881,-4.396327,-4.412481,-4.407586
2024-09-19,-4.573759,-4.119565,-4.276046,-4.258771,-4.253941
2024-09-20,-4.435985,-4.573759,-4.437943,-4.470982,-4.439496
2024-09-23,-4.471300,-4.435985,-4.434708,-4.398968,-4.411017
2024-09-24,-4.472916,-4.471300,-4.409298,-4.419862,-4.429039
2024-09-25,-4.847250,-4.472916,-4.434725,-4.422785,-4.436250
2024-09-26,-4.492577,-4.847250,-4.639979,-4.637845,-4.623940
2024-09-27,-4.664988,-4.492577,-4.528040,-4.478588,-4.499984
2024-09-30,-4.331602,-4.664988,-4.559731,-4.569618,-4.566045
2024-10-01,-4.485277,-4.331602,-4.457182,-4.415436,-4.418583
2024-10-02,-4.415138,-4.485277,-4.438724,-4.484540,-4.456428
2024-10-03,-4.329444,-4.415138,-4.445646,-4.424765,-4.426444
2024-10-04,-4.305141,-4.329444,-4.347248,-4.376561,-4.376890
2024-10-07,-4.553281,-4.305141,-4.338597,-4.340402,-4.350458
2024-10-08,-4.652576,-4.553281,-4.445049,-4.465615,-4.461303
2024-10-09,-4.670672,-4.652576,-4.528121,-4.524546,-4.534547
2024-10-10,-4.548998,-4.670672,-4.560902,-4.552259,-4.567050
2024-10-11,-4.502619,-4.548998,-4.542446,-4.516026,-4.522460
2024-10-14,-4.794792,-4.502619,-4.511280,-4.510834,-4.493910
2024-10-15,-4.423086,-4.794792,-4.646983,-4.658623,-4.630259
2024-10-16,-4.598724,-4.423086,-4.497001,-4.479994,-4.481887
2024-10-17,-4.545335,-4.598724,-4.518516,-4.552806,-4.538659
2024-10-18,-4.483359,-4.545335,-4.553750,-4.529881,-4.522076
2024-10-21,-4.620274,-4.483359,-4.465623,-4.503825,-4.489319
2024-10-22,-4.492241,-4.620274,-4.545721,-4.550587,-4.548023
2024-10-23,-4.349382,-4.492241,-4.497631,-4.500812,-4.498380
2024-10-24,-4.363830,-4.349382,-4.398076,-4.420954,-4.418664
2024-10-25,-4.480268,-4.363830,-4.393665,-4.413616,-4.403759
2024-10-28,-4.846882,-4.480268,-4.431297,-4.461157,-4.451370
2024-10-29,-4.620285,-4.846882,-4.616420,-4.636688,-4.639476
2024-10-30,-4.420483,-4.620285,-4.578049,-4.548408,-4.577280
2024-10-31,-4.201938,-4.420483,-4.465033,-4.467842,-4.475532
2024-11-01,-4.191847,-4.201938,-4.365087,-4.360961,-4.349820
2024-11-04,-4.591714,-4.191847,-4.280573,-4.333889,-4.306656
2024-11-05,-4.704376,-4.591714,-4.443131,-4.491003,-4.481325
2024-11-06,-4.008935,-4.704376,-4.536470,-4.548310,-4.573187
2024-11-07,-4.385851,-4.008935,-4.217372,-4.215189,-4.262333
2024-11-08,-4.759481,-4.385851,-4.351559,-4.388626,-4.376077
2024-11-11,-4.313304,-4.759481,-4.597154,-4.589377,-4.572646
2024-11-12,-4.403529,-4.313304,-4.345917,-4.376806,-4.404039
2024-11-13,-4.202044,-4.403529,-4.384556,-4.393422,-4.416869
2024-11-14,-4.166036,-4.202044,-4.337639,-4.317324,-4.316209
2024-11-15,-3.888607,-4.166036,-4.220843,-4.284930,-4.271641
2024-11-18,-4.492226,-3.888607,-4.080162,-4.100943,-4.117236
2024-11-19,-4.608369,-4.492226,-4.305982,-4.370968,-4.367171
2024-11-20,-4.505920,-4.608369,-4.453892,-4.436931,-4.474237
2024-11-21,-3.890265,-4.505920,-4.403094,-4.413790,-4.459699
2024-11-22,-4.293300,-3.890265,-4.168500,-4.128106,-4.164058
2024-11-25,-4.332155,-4.293300,-4.279189,-4.327896,-4.289942
2024-11-26,-4.214504,-4.332155,-4.330549,-4.332912,-4.324670
2024-11-27,-4.539216,-4.214504,-4.200414,-4.253307,-4.276028
2024-11-29,-4.829985,-4.539216,-4.406267,-4.392288,-4.424216
2024-12-02,-4.444004,-4.829985,-4.611318,-4.583966,-4.601697
2024-12-03,-4.564414,-4.444004,-4.460886,-4.429729,-4.465651
2024-12-04,-4.556468,-4.564414,-4.494571,-4.500245,-4.498280
2024-12-05,-4.596503,-4.556468,-4.551840,-4.522917,-4.503456
2024-12-06,-4.382137,-4.596503,-4.549153,-4.544382,-4.527426
2024-12-09,-4.229253,-4.382137,-4.438139,-4.418476,-4.430805
2024-12-10,-4.335789,-4.229253,-4.335168,-4.338760,-4.334380
2024-12-11,-4.536503,-4.335789,-4.359065,-4.368693,-4.357806
2024-12-12,-4.545873,-4.536503,-4.448776,-4.452716,-4.454366
2024-12-13,-4.268566,-4.545873,-4.458973,-4.454839,-4.481200
2024-12-16,-4.479934,-4.268566,-4.332578,-4.325712,-4.356696
2024-12-17,-4.254803,-4.479934,-4.421318,-4.436430,-4.432126
2024-12-18,-3.888170,-4.254803,-4.349656,-4.333496,-4.335089
2024-12-19,-4.144071,-3.888170,-4.106929,-4.129127,-4.132747
2024-12-20,-4.176356,-4.144071,-4.170878,-4.210739,-4.201228
2024-12-23,-4.719683,-4.176356,-4.204638,-4.215798,-4.219050
2024-12-24,-4.761886,-4.719683,-4.430901,-4.470027,-4.486136
2024-12-26,-4.578108,-4.761886,-4.548779,-4.529285,-4.573054
2024-12-27,-4.413869,-4.578108,-4.504153,-4.498866,-4.520348
2024-12-30,-4.452460,-4.413869,-4.458279,-4.446823,-4.438886
2024-12-31,-4.590752,-4.452460,-4.483945,-4.484050,-4.440524
