origin,h1,h2,h3,h4,h5,a1,a2,a3,a4,a5
2022-04-19,-4.358166,-4.380812,-4.396519,-4.420220,-4.425953,-4.248732,-4.447357,-4.228238,-3.966359,-4.109745
2022-04-20,-4.325266,-4.349435,-4.377234,-4.379189,-4.395468,-4.447357,-4.228238,-3.966359,-4.109745,-4.262160
2022-04-21,-4.411405,-4.429765,-4.427146,-4.447641,-4.455244,-4.228238,-3.966359,-4.109745,-4.262160,-4.353462
2022-04-22,-4.336794,-4.348338,-4.375694,-4.376972,-4.395245,-3.966359,-4.109745,-4.262160,-4.353462,-4.163767
2022-04-25,-4.160314,-4.216312,-4.231466,-4.236948,-4.268470,-4.109745,-4.262160,-4.353462,-4.163767,-3.912933
2022-04-26,-4.190644,-4.209708,-4.217084,-4.246860,-4.273770,-4.262160,-4.353462,-4.163767,-3.912933,-4.132607
2022-04-27,-4.246007,-4.247854,-4.274951,-4.304331,-4.322310,-4.353462,-4.163767,-3.912933,-4.132607,-3.863345
2022-04-28,-4.302395,-4.321184,-4.346539,-4.368229,-4.379647,-4.163767,-3.912933,-4.132607,-3.863345,-3.973335
2022-04-29,-4.250820,-4.286893,-4.313776,-4.320407,-4.341088,-3.912933,-4.132607,-3.863345,-3.973335,-3.962795
2022-05-02,-4.115391,-4.168398,-4.187686,-4.196699,-4.231399,-4.132607,-3.863345,-3.973335,-3.962795,-3.992134
2022-05-03,-4.177137,-4.195094,-4.203462,-4.238757,-4.264556,-3.863345,-3.973335,-3.962795,-3.992134,-3.877514
2022-05-04,-4.035821,-4.068451,-4.115500,-4.130464,-4.167921,-3.973335,-3.962795,-3.992134,-3.877514,-3.818328
2022-05-05,-4.036735,-4.088615,-4.105920,-4.141219,-4.173577,-3.962795,-3.992134,-3.877514,-3.818328,-3.806931
2022-05-06,-4.051085,-4.074106,-4.112176,-4.141980,-4.175357,-3.992134,-3.877514,-3.818328,-3.806931,-4.234825
2022-05-09,-4.044184,-4.086812,-4.118824,-4.150165,-4.181006,-3.877514,-3.818328,-3.806931,-4.234825,-4.035636
2022-05-10,-4.002214,-4.047113,-4.084698,-4.109782,-4.146571,-3.818328,-3.806931,-4.234825,-4.035636,-4.226865
2022-05-11,-3.953778,-4.005580,-4.037553,-4.067991,-4.108305,-3.806931,-4.234825,-4.035636,-4.226865,-4.127749
2022-05-12,-3.931044,-3.974371,-4.010310,-4.045553,-4.087012,-4.234825,-4.035636,-4.226865,-4.127749,-4.081048
2022-05-13,-4.128562,-4.141013,-4.164877,-4.216827,-4.236746,-4.035636,-4.226865,-4.127749,-4.081048,-4.186007
2022-05-16,-4.093846,-4.124895,-4.180326,-4.197036,-4.224162,-4.226865,-4.127749,-4.081048,-4.186007,-3.957965
2022-05-17,-4.192413,-4.237558,-4.249285,-4.281005,-4.299271,-4.127749,-4.081048,-4.186007,-3.957965,-3.682600
2022-05-18,-4.204736,-4.221463,-4.255605,-4.271638,-4.295562,-4.081048,-4.186007,-3.957965,-3.682600,-4.343715
2022-05-19,-4.159290,-4.202255,-4.223062,-4.243075,-4.269005,-4.186007,-3.957965,-3.682600,-4.343715,-4.484637
2022-05-20,-4.215753,-4.234597,-4.253642,-4.280424,-4.302156,-3.957965,-3.682600,-4.343715,-4.484637,-4.621290
2022-05-23,-4.104351,-4.142347,-4.178458,-4.191975,-4.224162,-3.682600,-4.343715,-4.484637,-4.621290,-4.254808
2022-05-24,-3.929260,-3.996375,-4.025154,-4.043901,-4.090715,-4.343715,-4.484637,-4.621290,-4.254808,-4.323074
2022-05-25,-4.205777,-4.204088,-4.207836,-4.267859,-4.283967,-4.484637,-4.621290,-4.254808,-4.323074,-4.372919
2022-05-26,-4.344981,-4.328229,-4.378160,-4.403155,-4.408202,-4.621290,-4.254808,-4.323074,-4.372919,-4.346004
2022-05-27,-4.467833,-4.497452,-4.512447,-4.526300,-4.522171,-4.254808,-4.323074,-4.372919,-4.346004,-4.538939
2022-05-31,-4.389822,-4.420478,-4.442040,-4.431122,-4.446535,-4.323074,-4.372919,-4.346004,-4.538939,-4.535665
2022-06-01,-4.386754,-4.413223,-4.404720,-4.418006,-4.432354,-4.372919,-4.346004,-4.538939,-4.535665,-4.465422
2022-06-02,-4.406232,-4.398747,-4.412534,-4.426441,-4.438798,-4.346004,-4.538939,-4.535665,-4.465422,-4.240236
2022-06-03,-4.368317,-4.386531,-4.402618,-4.413055,-4.425157,-4.538939,-4.535665,-4.465422,-4.240236,-4.068757
2022-06-06,-4.472737,-4.476281,-4.480543,-4.498083,-4.500941,-4.535665,-4.465422,-4.240236,-4.068757,-4.055489
2022-06-07,-4.508075,-4.507712,-4.522974,-4.527837,-4.530008,-4.465422,-4.240236,-4.068757,-4.055489,-4.056686
2022-06-08,-4.486161,-4.504559,-4.510965,-4.511778,-4.517157,-4.240236,-4.068757,-4.055489,-4.056686,-3.843302
2022-06-09,-4.380307,-4.404792,-4.414504,-4.412046,-4.429637,-4.068757,-4.055489,-4.056686,-3.843302,-4.005887
2022-06-10,-4.247382,-4.279997,-4.288814,-4.296476,-4.323858,-4.055489,-4.056686,-3.843302,-4.005887,-4.008365
2022-06-13,-4.183044,-4.205967,-4.220574,-4.241840,-4.270807,-4.056686,-3.843302,-4.005887,-4.008365,-4.403142
2022-06-14,-4.142126,-4.166021,-4.191860,-4.216800,-4.245193,-3.843302,-4.005887,-4.008365,-4.403142,-4.466393
2022-06-15,-4.015042,-4.062848,-4.098602,-4.117472,-4.155875,-4.005887,-4.008365,-4.403142,-4.466393,-4.195071
2022-06-16,-4.058222,-4.094650,-4.113851,-4.151962,-4.183410,-4.008365,-4.403142,-4.466393,-4.195071,-4.153459
2022-06-17,-4.069459,-4.092326,-4.132241,-4.162100,-4.192772,-4.403142,-4.466393,-4.195071,-4.153459,-4.235579
2022-06-21,-4.260918,-4.276303,-4.294086,-4.335392,-4.345569,-4.466393,-4.195071,-4.153459,-4.235579,-4.169472
2022-06-22,-4.383347,-4.384829,-4.417222,-4.433834,-4.439574,-4.195071,-4.153459,-4.235579,-4.169472,-4.246393
2022-06-23,-4.288182,-4.334247,-4.358545,-4.358621,-4.376473,-4.153459,-4.235579,-4.169472,-4.246393,-3.894895
2022-06-24,-4.265090,-4.299172,-4.304747,-4.318546,-4.341062,-4.235579,-4.169472,-4.246393,-3.894895,-4.037047
2022-06-27,-4.284022,-4.291741,-4.306745,-4.328373,-4.347818,-4.169472,-4.246393,-3.894895,-4.037047,-4.254633
2022-06-28,-4.232939,-4.256261,-4.282566,-4.298565,-4.319978,-4.246393,-3.894895,-4.037047,-4.254633,-4.285320
2022-06-29,-4.263167,-4.288495,-4.303945,-4.325763,-4.343541,-3.894895,-4.037047,-4.254633,-4.285320,-4.426641
2022-06-30,-4.099451,-4.141644,-4.178496,-4.185195,-4.219959,-4.037047,-4.254633,-4.285320,-4.426641,-4.352783
2022-07-01,-4.109610,-4.150994,-4.160241,-4.193127,-4.222627,-4.254633,-4.285320,-4.426641,-4.352783,-4.341521
2022-07-05,-4.225438,-4.224154,-4.251119,-4.284983,-4.303997,-4.285320,-4.426641,-4.352783,-4.341521,-4.199460
2022-07-06,-4.254893,-4.277510,-4.308928,-4.329744,-4.344698,-4.426641,-4.352783,-4.341521,-4.199460,-4.063240
2022-07-07,-4.365673,-4.384619,-4.398423,-4.418545,-4.426536,-4.352783,-4.341521,-4.199460,-4.063240,-3.886417
2022-07-08,-4.378003,-4.392743,-4.413390,-4.420994,-4.432402,-4.341521,-4.199460,-4.063240,-3.886417,-4.123756
2022-07-11,-4.374016,-4.397312,-4.406405,-4.416716,-4.428930,-4.199460,-4.063240,-3.886417,-4.123756,-3.983020
2022-07-12,-4.307708,-4.329477,-4.346914,-4.353877,-4.373616,-4.063240,-3.886417,-4.123756,-3.983020,-4.574581
2022-07-13,-4.203985,-4.239174,-4.256118,-4.268501,-4.295430,-3.886417,-4.123756,-3.983020,-4.574581,-4.339386
2022-07-14,-4.076158,-4.116162,-4.141511,-4.158885,-4.195366,-4.123756,-3.983020,-4.574581,-4.339386,-4.201454
2022-07-15,-4.140596,-4.162488,-4.177919,-4.215832,-4.241592,-3.983020,-4.574581,-4.339386,-4.201454,-4.241713
2022-07-18,-4.081600,-4.108474,-4.152820,-4.173840,-4.204978,-4.574581,-4.339386,-4.201454,-4.241713,-4.288970
2022-07-19,-4.361534,-4.370081,-4.370975,-4.416945,-4.419218,-4.339386,-4.201454,-4.241713,-4.288970,-4.334034
2022-07-20,-4.358712,-4.361214,-4.408088,-4.409695,-4.421045,-4.201454,-4.241713,-4.288970,-4.334034,-4.295223
2022-07-21,-4.280489,-4.338783,-4.346810,-4.353429,-4.371302,-4.241713,-4.288970,-4.334034,-4.295223,-4.345761
2022-07-22,-4.318878,-4.329721,-4.337923,-4.354629,-4.373592,-4.288970,-4.334034,-4.295223,-4.345761,-4.503969
2022-07-25,-4.312923,-4.322676,-4.340095,-4.357704,-4.373139,-4.334034,-4.295223,-4.345761,-4.503969,-4.063693
2022-07-26,-4.333533,-4.349395,-4.366191,-4.382251,-4.394762,-4.295223,-4.345761,-4.503969,-4.063693,-4.427928
2022-07-27,-4.329693,-4.349314,-4.366851,-4.378226,-4.392403,-4.345761,-4.503969,-4.063693,-4.427928,-4.373027
2022-07-28,-4.357578,-4.373930,-4.384685,-4.399339,-4.411382,-4.503969,-4.063693,-4.427928,-4.373027,-4.524128
2022-07-29,-4.449218,-4.449175,-4.458188,-4.474572,-4.478904,-4.063693,-4.427928,-4.373027,-4.524128,-4.034083
2022-08-01,-4.250902,-4.288351,-4.319593,-4.312492,-4.336932,-4.427928,-4.373027,-4.524128,-4.034083,-4.497598
2022-08-02,-4.379395,-4.397579,-4.383656,-4.413345,-4.422674,-4.373027,-4.524128,-4.034083,-4.497598,-4.627126
2022-08-03,-4.394304,-4.380851,-4.410785,-4.419926,-4.430960,-4.524128,-4.034083,-4.497598,-4.627126,-4.310381
2022-08-04,-4.447619,-4.467977,-4.472114,-4.486999,-4.489177,-4.034083,-4.497598,-4.627126,-4.310381,-4.418162
2022-08-05,-4.255298,-4.289938,-4.320760,-4.310675,-4.336793,-4.497598,-4.627126,-4.310381,-4.418162,-4.744001
2022-08-08,-4.414552,-4.427501,-4.408078,-4.441382,-4.447579,-4.627126,-4.310381,-4.418162,-4.744001,-4.710312
2022-08-09,-4.536827,-4.501724,-4.526836,-4.539336,-4.537842,-4.310381,-4.418162,-4.744001,-4.710312,-4.453806
2022-08-10,-4.385264,-4.427079,-4.448306,-4.440097,-4.450926,-4.418162,-4.744001,-4.710312,-4.453806,-4.649626
2022-08-11,-4.443998,-4.462799,-4.453322,-4.465127,-4.473805,-4.744001,-4.710312,-4.453806,-4.649626,-4.900540
2022-08-12,-4.617089,-4.585483,-4.585726,-4.603301,-4.596539,-4.710312,-4.453806,-4.649626,-4.900540,-4.791577
2022-08-15,-4.633427,-4.626794,-4.640776,-4.636779,-4.628649,-4.453806,-4.649626,-4.900540,-4.791577,-4.633127
2022-08-16,-4.534416,-4.561647,-4.564572,-4.551115,-4.555380,-4.649626,-4.900540,-4.791577,-4.633127,-4.564232
2022-08-17,-4.620899,-4.615326,-4.597429,-4.605110,-4.602458,-4.900540,-4.791577,-4.633127,-4.564232,-4.680203
2022-08-18,-4.759144,-4.720620,-4.717525,-4.723165,-4.707589,-4.791577,-4.633127,-4.564232,-4.680203,-4.526724
2022-08-19,-4.737300,-4.731813,-4.736203,-4.721589,-4.708751,-4.633127,-4.564232,-4.680203,-4.526724,-3.855291
2022-08-22,-4.678237,-4.690312,-4.679711,-4.663785,-4.659431,-4.564232,-4.680203,-4.526724,-3.855291,-4.575471
2022-08-23,-4.631679,-4.629489,-4.617955,-4.610220,-4.611020,-4.680203,-4.526724,-3.855291,-4.575471,-4.232865
2022-08-24,-4.654871,-4.639313,-4.629867,-4.632281,-4.627855,-4.526724,-3.855291,-4.575471,-4.232865,-4.222818
2022-08-25,-4.573560,-4.573884,-4.580903,-4.572543,-4.574421,-3.855291,-4.575471,-4.232865,-4.222818,-4.168926
2022-08-26,-4.205332,-4.267114,-4.284561,-4.264397,-4.299274,-4.575471,-4.232865,-4.222818,-4.168926,-4.138107
2022-08-29,-4.457036,-4.446263,-4.412800,-4.459036,-4.463564,-4.232865,-4.222818,-4.168926,-4.138107,-4.062976
2022-08-30,-4.331238,-4.314867,-4.369157,-4.366805,-4.383922,-4.222818,-4.168926,-4.138107,-4.062976,-4.371709
2022-08-31,-4.259235,-4.321792,-4.323336,-4.337125,-4.353781,-4.168926,-4.138107,-4.062976,-4.371709,-4.075060
2022-09-01,-4.275453,-4.283882,-4.300916,-4.314801,-4.336814,-4.138107,-4.062976,-4.371709,-4.075060,-4.504747
2022-09-02,-4.213408,-4.240914,-4.259734,-4.277532,-4.300255,-4.062976,-4.371709,-4.075060,-4.504747,-4.514873
2022-09-06,-4.163726,-4.194015,-4.217218,-4.235324,-4.261884,-4.371709,-4.075060,-4.504747,-4.514873,-4.279421
2022-09-07,-4.300733,-4.308078,-4.318712,-4.351655,-4.363591,-4.075060,-4.504747,-4.514873,-4.279421,-4.110312
2022-09-08,-4.192283,-4.220123,-4.261174,-4.266185,-4.290640,-4.504747,-4.514873,-4.279421,-4.110312,-4.088255
2022-09-09,-4.380452,-4.397679,-4.391464,-4.425507,-4.430349,-4.514873,-4.279421,-4.110312,-4.088255,-4.143678
2022-09-12,-4.466652,-4.450188,-4.479402,-4.488369,-4.491530,-4.279421,-4.110312,-4.088255,-4.143678,-4.381878
2022-09-13,-4.354118,-4.397607,-4.413301,-4.410716,-4.423777,-4.110312,-4.088255,-4.143678,-4.381878,-4.417866
2022-09-14,-4.272508,-4.306790,-4.312965,-4.318544,-4.342526,-4.088255,-4.143678,-4.381878,-4.417866,-3.643572
2022-09-15,-4.212248,-4.232471,-4.244670,-4.262997,-4.289319,-4.143678,-4.381878,-4.417866,-3.643572,-3.939810
2022-09-16,-4.197287,-4.214714,-4.235505,-4.259723,-4.282919,-4.381878,-4.417866,-3.643572,-3.939810,-4.178100
2022-09-19,-4.309429,-4.316146,-4.333733,-4.362594,-4.373433,-4.417866,-3.643572,-3.939810,-4.178100,-3.916887
2022-09-20,-4.371787,-4.381105,-4.406070,-4.420237,-4.427816,-3.643572,-3.939810,-4.178100,-3.916887,-4.036758
2022-09-21,-4.007451,-4.087937,-4.128268,-4.113499,-4.158211,-3.939810,-4.178100,-3.916887,-4.036758,-4.016226
2022-09-22,-4.053230,-4.098718,-4.086379,-4.129016,-4.164657,-4.178100,-3.916887,-4.036758,-4.016226,-4.054667
2022-09-23,-4.162790,-4.140931,-4.179081,-4.218554,-4.241905,-3.916887,-4.036758,-4.016226,-4.054667,-4.173138
2022-09-26,-4.012383,-4.068655,-4.114300,-4.129187,-4.159934,-4.036758,-4.016226,-4.054667,-4.173138,-4.184053
2022-09-27,-4.081087,-4.124889,-4.139039,-4.170501,-4.197725,-4.016226,-4.054667,-4.173138,-4.184053,-4.181608
2022-09-28,-4.091810,-4.110860,-4.144288,-4.169603,-4.197982,-4.054667,-4.173138,-4.184053,-4.181608,-4.147722
2022-09-29,-4.091917,-4.128151,-4.154592,-4.181878,-4.207669,-4.173138,-4.184053,-4.181608,-4.147722,-4.214205
2022-09-30,-4.169574,-4.189878,-4.214704,-4.242884,-4.263115,-4.184053,-4.181608,-4.147722,-4.214205,-4.380239
2022-10-03,-4.197262,-4.220995,-4.248736,-4.269393,-4.288361,-4.181608,-4.147722,-4.214205,-4.380239,-4.227888
2022-10-04,-4.213011,-4.241935,-4.263066,-4.281573,-4.300669,-4.147722,-4.214205,-4.380239,-4.227888,-4.027292
2022-10-05,-4.208637,-4.234702,-4.255187,-4.272362,-4.293466,-4.214205,-4.380239,-4.227888,-4.027292,-4.126172
2022-10-06,-4.237541,-4.257605,-4.274613,-4.295880,-4.313996,-4.380239,-4.227888,-4.027292,-4.126172,-3.575165
2022-10-07,-4.330382,-4.336607,-4.353551,-4.375864,-4.385599,-4.227888,-4.027292,-4.126172,-3.575165,-3.310003
2022-10-10,-4.284334,-4.309024,-4.334441,-4.341162,-4.357200,-4.027292,-4.126172,-3.575165,-3.310003,-3.970097
2022-10-11,-4.177931,-4.222770,-4.237277,-4.245756,-4.272465,-4.126172,-3.575165,-3.310003,-3.970097,-3.870767
2022-10-12,-4.196373,-4.214790,-4.224837,-4.250024,-4.273642,-3.575165,-3.310003,-3.970097,-3.870767,-4.337105
2022-10-13,-3.897972,-3.954957,-3.998960,-4.004310,-4.053596,-3.310003,-3.970097,-3.870767,-4.337105,-4.111924
2022-10-14,-3.655091,-3.743521,-3.766680,-3.798675,-3.863178,-3.970097,-3.870767,-4.337105,-4.111924,-3.831574
2022-10-17,-3.904175,-3.903532,-3.925986,-3.999753,-4.034377,-3.870767,-4.337105,-4.111924,-3.831574,-4.315725
2022-10-18,-3.886494,-3.911472,-3.986251,-4.019893,-4.054062,-4.337105,-4.111924,-3.831574,-4.315725,-4.397478
2022-10-19,-4.141286,-4.182016,-4.202009,-4.249430,-4.260564,-4.111924,-3.831574,-4.315725,-4.397478,-4.347598
2022-10-20,-4.167042,-4.189254,-4.237563,-4.247834,-4.269304,-3.831574,-4.315725,-4.397478,-4.347598,-4.394923
2022-10-21,-4.018164,-4.091821,-4.112253,-4.123857,-4.159629,-4.315725,-4.397478,-4.347598,-4.394923,-4.540288
2022-10-24,-4.243579,-4.241527,-4.244118,-4.288641,-4.304109,-4.397478,-4.347598,-4.394923,-4.540288,-4.300798
2022-10-25,-4.320017,-4.310979,-4.350840,-4.370834,-4.379083,-4.347598,-4.394923,-4.540288,-4.300798,-4.420766
2022-10-26,-4.325639,-4.362071,-4.380539,-4.389374,-4.398305,-4.394923,-4.540288,-4.300798,-4.420766,-3.784245
2022-10-27,-4.397592,-4.410989,-4.417648,-4.428461,-4.436686,-4.540288,-4.300798,-4.420766,-3.784245,-4.024457
2022-10-28,-4.484146,-4.480362,-4.486694,-4.498796,-4.500093,-4.300798,-4.420766,-3.784245,-4.024457,-4.273557
2022-10-31,-4.386364,-4.406113,-4.423974,-4.420288,-4.432029,-4.420766,-3.784245,-4.024457,-4.273557,-4.649318
2022-11-01,-4.423750,-4.439094,-4.434328,-4.447003,-4.454376,-3.784245,-4.024457,-4.273557,-4.649318,-4.397931
2022-11-02,-4.111234,-4.153268,-4.186028,-4.176023,-4.213627,-4.024457,-4.273557,-4.649318,-4.397931,-4.371237
2022-11-03,-4.108780,-4.147890,-4.140611,-4.175856,-4.204774,-4.273557,-4.649318,-4.397931,-4.371237,-4.466458
2022-11-04,-4.232367,-4.213029,-4.243100,-4.276495,-4.292979,-4.649318,-4.397931,-4.371237,-4.466458,-4.335041
2022-11-07,-4.426790,-4.426347,-4.446647,-4.474462,-4.469762,-4.397931,-4.371237,-4.466458,-4.335041,-4.560418
2022-11-08,-4.411552,-4.433964,-4.462685,-4.457201,-4.462907,-4.371237,-4.466458,-4.335041,-4.560418,-4.177600
2022-11-09,-4.413296,-4.444967,-4.440748,-4.445359,-4.454151,-4.466458,-4.335041,-4.560418,-4.177600,-4.631625
2022-11-10,-4.472222,-4.464113,-4.467054,-4.477291,-4.482894,-4.335041,-4.560418,-4.177600,-4.631625,-4.634741
2022-11-11,-4.393784,-4.406764,-4.421309,-4.423184,-4.433853,-4.560418,-4.177600,-4.631625,-4.634741,-4.532958
2022-11-14,-4.492193,-4.494544,-4.491186,-4.506382,-4.506897,-4.177600,-4.631625,-4.634741,-4.532958,-4.875118
2022-11-15,-4.333259,-4.352924,-4.378000,-4.369966,-4.387833,-4.631625,-4.634741,-4.532958,-4.875118,-4.962302
2022-11-16,-4.505889,-4.509131,-4.491726,-4.517700,-4.515525,-4.634741,-4.532958,-4.875118,-4.962302,-4.972600
2022-11-17,-4.575190,-4.548356,-4.570284,-4.571609,-4.567666,-4.532958,-4.875118,-4.962302,-4.972600,-5.313926
2022-11-18,-4.526704,-4.551723,-4.554375,-4.549284,-4.548817,-4.875118,-4.962302,-4.972600,-5.313926,-4.854696
2022-11-21,-4.730346,-4.707501,-4.691467,-4.700468,-4.685502,-4.962302,-4.972600,-5.313926,-4.854696,-4.918174
2022-11-22,-4.826419,-4.793411,-4.795126,-4.786463,-4.765539,-4.972600,-5.313926,-4.854696,-4.918174,-4.215704
2022-11-23,-4.868354,-4.859372,-4.846118,-4.829166,-4.806762,-5.313926,-4.854696,-4.918174,-4.215704,-4.369818
2022-11-25,-5.087806,-5.041944,-5.010998,-5.000703,-4.962861,-4.854696,-4.918174,-4.215704,-4.369818,-4.580299
2022-11-28,-4.922021,-4.905662,-4.901286,-4.857339,-4.839157,-4.918174,-4.215704,-4.369818,-4.580299,-4.513352
2022-11-29,-4.903693,-4.899586,-4.855768,-4.837494,-4.818473,-4.215704,-4.369818,-4.580299,-4.513352,-4.132873
2022-11-30,-4.547474,-4.551774,-4.556468,-4.520995,-4.536467,-4.369818,-4.580299,-4.513352,-4.132873,-4.330270
2022-12-01,-4.460849,-4.477968,-4.448426,-4.459650,-4.470513,-4.580299,-4.513352,-4.132873,-4.330270,-4.604509
2022-12-02,-4.539103,-4.501206,-4.508443,-4.522162,-4.523043,-4.513352,-4.132873,-4.330270,-4.604509,-4.864856
2022-12-05,-4.488027,-4.497065,-4.511643,-4.511908,-4.513010,-4.132873,-4.330270,-4.604509,-4.864856,-4.673712
2022-12-06,-4.315297,-4.354716,-4.366837,-4.359446,-4.379214,-4.330270,-4.604509,-4.864856,-4.673712,-4.120020
2022-12-07,-4.362378,-4.373453,-4.365562,-4.385688,-4.398703,-4.604509,-4.864856,-4.673712,-4.120020,-4.088423
2022-12-08,-4.497375,-4.472549,-4.484591,-4.503397,-4.502487,-4.864856,-4.673712,-4.120020,-4.088423,-4.296929
2022-12-09,-4.660625,-4.646966,-4.653503,-4.661381,-4.645414,-4.673712,-4.120020,-4.088423,-4.296929,-4.469618
2022-12-12,-4.653664,-4.659286,-4.666727,-4.651073,-4.642950,-4.120020,-4.088423,-4.296929,-4.469618,-4.359864
2022-12-13,-4.386168,-4.430932,-4.433093,-4.412210,-4.431937,-4.088423,-4.296929,-4.469618,-4.359864,-4.586896
2022-12-14,-4.278546,-4.301533,-4.290589,-4.303196,-4.328318,-4.296929,-4.469618,-4.359864,-4.586896,-4.720639
2022-12-15,-4.310941,-4.298711,-4.310705,-4.336267,-4.351771,-4.469618,-4.359864,-4.586896,-4.720639,-4.630609
2022-12-16,-4.379922,-4.380818,-4.401082,-4.420382,-4.425228,-4.359864,-4.586896,-4.720639,-4.630609,-4.499237
2022-12-19,-4.370552,-4.392220,-4.412188,-4.416555,-4.425381,-4.586896,-4.720639,-4.630609,-4.499237,-4.754422
2022-12-20,-4.502944,-4.507782,-4.504926,-4.518926,-4.517816,-4.720639,-4.630609,-4.499237,-4.754422,-4.661084
2022-12-21,-4.619198,-4.601116,-4.607849,-4.611945,-4.603716,-4.630609,-4.499237,-4.754422,-4.661084,-4.997603
2022-12-22,-4.606956,-4.612891,-4.616606,-4.608650,-4.603473,-4.499237,-4.754422,-4.661084,-4.997603,-4.578950
2022-12-23,-4.557760,-4.569010,-4.564650,-4.556896,-4.558873,-4.754422,-4.661084,-4.997603,-4.578950,-4.212465
2022-12-27,-4.669661,-4.651546,-4.637228,-4.643908,-4.634839,-4.661084,-4.997603,-4.578950,-4.212465,-4.432430
2022-12-28,-4.647157,-4.633438,-4.640404,-4.631130,-4.625039,-4.997603,-4.578950,-4.212465,-4.432430,-4.561595
2022-12-29,-4.813999,-4.794217,-4.772272,-4.773609,-4.751114,-4.578950,-4.212465,-4.432430,-4.561595,-4.487596
2022-12-30,-4.672426,-4.667911,-4.677567,-4.649829,-4.645718,-4.212465,-4.432430,-4.561595,-4.487596,-4.624189
2023-01-03,-4.429581,-4.473346,-4.461889,-4.447517,-4.462709,-4.432430,-4.561595,-4.487596,-4.624189,-4.621226
2023-01-04,-4.474822,-4.463153,-4.448681,-4.463936,-4.472343,-4.561595,-4.487596,-4.624189,-4.621226,-4.562871
2023-01-05,-4.508115,-4.487208,-4.499392,-4.509734,-4.510272,-4.487596,-4.624189,-4.621226,-4.562871,-4.534381
2023-01-06,-4.476576,-4.490281,-4.501350,-4.501430,-4.503559,-4.624189,-4.621226,-4.562871,-4.534381,-3.925725
2023-01-09,-4.566767,-4.566889,-4.561745,-4.567167,-4.563578,-4.621226,-4.562871,-4.534381,-3.925725,-4.589508
2023-01-10,-4.595107,-4.585925,-4.589418,-4.587045,-4.583120,-4.562871,-4.534381,-3.925725,-4.589508,-4.499313
2023-01-11,-4.569221,-4.575106,-4.573873,-4.569229,-4.567731,-4.534381,-3.925725,-4.589508,-4.499313,-4.642059
2023-01-12,-4.557053,-4.558404,-4.554993,-4.552718,-4.553232,-3.925725,-4.589508,-4.499313,-4.642059,-4.566021
2023-01-13,-4.231280,-4.274686,-4.294756,-4.281188,-4.310776,-4.589508,-4.499313,-4.642059,-4.566021,-4.616528
2023-01-17,-4.460302,-4.453808,-4.427560,-4.465140,-4.467048,-4.499313,-4.642059,-4.566021,-4.616528,-4.415509
2023-01-18,-4.474022,-4.444881,-4.481080,-4.483859,-4.486675,-4.642059,-4.566021,-4.616528,-4.415509,-4.799810
2023-01-19,-4.531949,-4.555687,-4.552519,-4.559083,-4.553451,-4.566021,-4.616528,-4.415509,-4.799810,-4.663392
2023-01-20,-4.573342,-4.567646,-4.573005,-4.568133,-4.566752,-4.616528,-4.415509,-4.799810,-4.663392,-4.690953
2023-01-23,-4.590023,-4.592179,-4.585779,-4.585361,-4.581669,-4.415509,-4.799810,-4.663392,-4.690953,-4.959747
2023-01-24,-4.501754,-4.508295,-4.514054,-4.506470,-4.512392,-4.799810,-4.663392,-4.690953,-4.959747,-4.827664
2023-01-25,-4.662733,-4.646390,-4.628255,-4.640826,-4.629584,-4.663392,-4.690953,-4.959747,-4.827664,-4.269960
2023-01-26,-4.646732,-4.628548,-4.641096,-4.629868,-4.623062,-4.690953,-4.959747,-4.827664,-4.269960,-4.296691
2023-01-27,-4.651462,-4.660730,-4.647937,-4.642118,-4.633883,-4.959747,-4.827664,-4.269960,-4.296691,-4.400042
2023-01-30,-4.820468,-4.784814,-4.768083,-4.766725,-4.746609,-4.827664,-4.269960,-4.296691,-4.400042,-4.782384
2023-01-31,-4.788543,-4.771278,-4.769665,-4.749709,-4.733823,-4.269960,-4.296691,-4.400042,-4.782384,-4.439666
2023-02-01,-4.499967,-4.539188,-4.538929,-4.508783,-4.519545,-4.296691,-4.400042,-4.782384,-4.439666,-4.518050
2023-02-02,-4.433660,-4.449111,-4.426849,-4.432181,-4.446201,-4.400042,-4.782384,-4.439666,-4.518050,-4.682647
2023-02-03,-4.431658,-4.411995,-4.418630,-4.431752,-4.441234,-4.782384,-4.439666,-4.518050,-4.682647,-4.727879
2023-02-06,-4.594070,-4.573599,-4.573118,-4.591970,-4.580993,-4.439666,-4.518050,-4.682647,-4.727879,-4.860139
2023-02-07,-4.493442,-4.504895,-4.529734,-4.514633,-4.517452,-4.518050,-4.682647,-4.727879,-4.860139,-4.481869
2023-02-08,-4.517670,-4.540608,-4.524552,-4.528029,-4.528960,-4.682647,-4.727879,-4.860139,-4.481869,-4.766177
2023-02-09,-4.626254,-4.597448,-4.594526,-4.599864,-4.594029,-4.727879,-4.860139,-4.481869,-4.766177,-4.768774
2023-02-10,-4.650205,-4.639429,-4.640825,-4.637705,-4.627600,-4.860139,-4.481869,-4.766177,-4.768774,-4.616005
2023-02-13,-4.748414,-4.733585,-4.722323,-4.717826,-4.701054,-4.481869,-4.766177,-4.768774,-4.616005,-4.652274
2023-02-14,-4.595212,-4.604550,-4.610390,-4.586499,-4.587298,-4.766177,-4.768774,-4.616005,-4.652274,-4.707154
2023-02-15,-4.693305,-4.685931,-4.655409,-4.660776,-4.650345,-4.768774,-4.616005,-4.652274,-4.707154,-4.596800
2023-02-16,-4.725111,-4.688756,-4.691195,-4.682780,-4.671375,-4.616005,-4.652274,-4.707154,-4.596800,-4.490263
2023-02-17,-4.632115,-4.642987,-4.638803,-4.624484,-4.618866,-4.652274,-4.707154,-4.596800,-4.490263,-4.901105
2023-02-21,-4.653452,-4.647710,-4.632609,-4.627530,-4.621926,-4.707154,-4.596800,-4.490263,-4.901105,-4.915714
2023-02-22,-4.675590,-4.656338,-4.649176,-4.645006,-4.636808,-4.596800,-4.490263,-4.901105,-4.915714,-4.660878
2023-02-23,-4.615435,-4.614363,-4.613249,-4.602946,-4.599191,-4.490263,-4.901105,-4.915714,-4.660878,-4.281439
2023-02-24,-4.549381,-4.557941,-4.552494,-4.545395,-4.547443,-4.901105,-4.915714,-4.660878,-4.281439,-4.995218
2023-02-27,-4.740535,-4.707903,-4.687163,-4.698607,-4.682062,-4.915714,-4.660878,-4.281439,-4.995218,-4.949751
2023-02-28,-4.798846,-4.764567,-4.769216,-4.757351,-4.737341,-4.660878,-4.281439,-4.995218,-4.949751,-4.330334
2023-03-01,-4.692942,-4.708255,-4.701740,-4.678045,-4.669138,-4.281439,-4.995218,-4.949751,-4.330334,-4.538398
2023-03-02,-4.494628,-4.519917,-4.512182,-4.492282,-4.504208,-4.995218,-4.949751,-4.330334,-4.538398,-4.022022
2023-03-03,-4.779793,-4.733368,-4.694054,-4.719353,-4.700116,-4.949751,-4.330334,-4.538398,-4.022022,-3.498248
2023-03-06,-4.825717,-4.761106,-4.786777,-4.774970,-4.753877,-4.330334,-4.538398,-4.022022,-3.498248,-3.434819
2023-03-07,-4.502516,-4.568776,-4.581647,-4.539581,-4.544765,-4.538398,-4.022022,-3.498248,-3.434819,-3.905881
2023-03-08,-4.587507,-4.597438,-4.553585,-4.560287,-4.562908,-4.022022,-3.498248,-3.434819,-3.905881,-3.934310
2023-03-09,-4.302254,-4.304733,-4.339607,-4.318287,-4.345968,-3.498248,-3.434819,-3.905881,-3.934310,-3.854514
2023-03-10,-3.885042,-3.985790,-4.004524,-3.998167,-4.050600,-3.434819,-3.905881,-3.934310,-3.854514,-4.136367
2023-03-13,-3.750773,-3.806395,-3.822467,-3.855840,-3.916981,-3.905881,-3.934310,-3.854514,-4.136367,-4.176375
2023-03-14,-3.887361,-3.890725,-3.916371,-3.984079,-4.021799,-3.934310,-3.854514,-4.136367,-4.176375,-4.446092
2023-03-15,-3.915232,-3.937031,-4.002400,-4.042109,-4.073152,-3.854514,-4.136367,-4.176375,-4.446092,-4.261692
2023-03-16,-3.905336,-3.975680,-4.018413,-4.046886,-4.079994,-4.136367,-4.176375,-4.446092,-4.261692,-4.289539
2023-03-17,-4.096279,-4.120083,-4.137046,-4.179935,-4.202216,-4.176375,-4.446092,-4.261692,-4.289539,-4.165846
2023-03-20,-4.161893,-4.172294,-4.211193,-4.236864,-4.255849,-4.446092,-4.261692,-4.289539,-4.165846,-4.199439
2023-03-21,-4.320646,-4.336260,-4.347773,-4.378790,-4.383374,-4.261692,-4.289539,-4.165846,-4.199439,-4.492148
2023-03-22,-4.305486,-4.321830,-4.355783,-4.357872,-4.370970,-4.289539,-4.165846,-4.199439,-4.492148,-4.446423
2023-03-23,-4.313505,-4.348765,-4.351648,-4.364071,-4.376419,-4.165846,-4.199439,-4.492148,-4.446423,-4.409484
2023-03-24,-4.271687,-4.286669,-4.306447,-4.312544,-4.332518,-4.199439,-4.492148,-4.446423,-4.409484,-4.995260
2023-03-27,-4.248955,-4.274653,-4.284349,-4.301264,-4.319389,-4.492148,-4.446423,-4.409484,-4.995260,-4.511605
2023-03-28,-4.401600,-4.391370,-4.396170,-4.424591,-4.428890,-4.446423,-4.409484,-4.995260,-4.511605,-4.537379
2023-03-29,-4.414768,-4.415895,-4.442083,-4.448280,-4.452282,-4.409484,-4.995260,-4.511605,-4.537379,-4.386038
2023-03-30,-4.413137,-4.439758,-4.446218,-4.449996,-4.455424,-4.995260,-4.511605,-4.537379,-4.386038,-4.900351
2023-03-31,-4.743626,-4.702391,-4.677170,-4.707242,-4.686261,-4.511605,-4.537379,-4.386038,-4.900351,-4.684586
2023-04-03,-4.581276,-4.575065,-4.616696,-4.585892,-4.584487,-4.537379,-4.386038,-4.900351,-4.684586,-4.992272
2023-04-04,-4.552151,-4.597378,-4.568761,-4.565497,-4.564030,-4.386038,-4.900351,-4.684586,-4.992272,-4.596638
2023-04-05,-4.505885,-4.492221,-4.496298,-4.488310,-4.497096,-4.900351,-4.684586,-4.992272,-4.596638,-4.788800
2023-04-06,-4.700296,-4.671037,-4.644292,-4.667682,-4.651137,-4.684586,-4.992272,-4.596638,-4.788800,-4.027789
2023-04-10,-4.662750,-4.637333,-4.661470,-4.644344,-4.634950,-4.992272,-4.596638,-4.788800,-4.027789,-4.360135
2023-04-11,-4.811151,-4.807440,-4.774645,-4.777452,-4.753075,-4.596638,-4.788800,-4.027789,-4.360135,-4.688512
2023-04-12,-4.694288,-4.679621,-4.692628,-4.660309,-4.655184,-4.788800,-4.027789,-4.360135,-4.688512,-4.846216
2023-04-13,-4.729475,-4.734494,-4.697681,-4.696056,-4.682901,-4.027789,-4.360135,-4.688512,-4.846216,-4.848922
2023-04-14,-4.364365,-4.386851,-4.418591,-4.379458,-4.403223,-4.360135,-4.688512,-4.846216,-4.848922,-4.698583
2023-04-17,-4.384620,-4.416717,-4.377785,-4.401394,-4.412564,-4.688512,-4.846216,-4.848922,-4.698583,-5.000556
2023-04-18,-4.577016,-4.512402,-4.521560,-4.543981,-4.540059,-4.846216,-4.848922,-4.698583,-5.000556,-4.721959
2023-04-19,-4.654401,-4.640810,-4.650430,-4.656474,-4.638861,-4.848922,-4.698583,-5.000556,-4.721959,-4.441447
2023-04-20,-4.743417,-4.736598,-4.733393,-4.722981,-4.704697,-4.698583,-5.000556,-4.721959,-4.441447,-4.730653
2023-04-21,-4.712949,-4.713532,-4.705253,-4.685309,-4.675069,-5.000556,-4.721959,-4.441447,-4.730653,-4.666987
2023-04-24,-4.865241,-4.832656,-4.799036,-4.799444,-4.776607,-4.721959,-4.441447,-4.730653,-4.666987,-4.275632
2023-04-25,-4.757076,-4.735565,-4.742786,-4.714645,-4.703292,-4.441447,-4.730653,-4.666987,-4.275632,-4.213557
2023-04-26,-4.569075,-4.602970,-4.589837,-4.566798,-4.569238,-4.730653,-4.666987,-4.275632,-4.213557,-4.576588
2023-04-27,-4.688200,-4.661412,-4.630690,-4.639112,-4.631758,-4.666987,-4.275632,-4.213557,-4.576588,-4.104600
2023-04-28,-4.650222,-4.621293,-4.630724,-4.622585,-4.615812,-4.275632,-4.213557,-4.576588,-4.104600,-4.330812
2023-05-01,-4.423702,-4.464789,-4.474462,-4.453821,-4.464097,-4.213557,-4.576588,-4.104600,-4.330812,-4.583136
2023-05-02,-4.353940,-4.381373,-4.370724,-4.373220,-4.390476,-4.576588,-4.104600,-4.330812,-4.583136,-4.717424
2023-05-03,-4.498816,-4.469351,-4.461261,-4.486759,-4.488007,-4.104600,-4.330812,-4.583136,-4.717424,-4.605617
2023-05-04,-4.261408,-4.286633,-4.330876,-4.317529,-4.337134,-4.330812,-4.583136,-4.717424,-4.605617,-4.479638
2023-05-05,-4.323242,-4.361620,-4.344973,-4.367147,-4.378132,-4.583136,-4.717424,-4.605617,-4.479638,-4.616280
2023-05-08,-4.499110,-4.457708,-4.467322,-4.488988,-4.489011,-4.717424,-4.605617,-4.479638,-4.616280,-4.762251
2023-05-09,-4.571923,-4.562797,-4.573640,-4.582886,-4.571775,-4.605617,-4.479638,-4.616280,-4.762251,-4.651502
2023-05-10,-4.580425,-4.588375,-4.595951,-4.586263,-4.580064,-4.479638,-4.616280,-4.762251,-4.651502,-4.484584
2023-05-11,-4.535647,-4.551874,-4.547183,-4.536726,-4.538243,-4.616280,-4.762251,-4.651502,-4.484584,-4.647724
2023-05-12,-4.594059,-4.582446,-4.567992,-4.572915,-4.569670,-4.762251,-4.651502,-4.484584,-4.647724,-4.420679
2023-05-15,-4.670439,-4.641547,-4.638132,-4.641992,-4.630573,-4.651502,-4.484584,-4.647724,-4.420679,-4.374240
2023-05-16,-4.631640,-4.629850,-4.634649,-4.622430,-4.614363,-4.484584,-4.647724,-4.420679,-4.374240,-4.413673
2023-05-17,-4.552915,-4.570338,-4.565409,-4.551129,-4.552138,-4.647724,-4.420679,-4.374240,-4.413673,-4.582740
2023-05-18,-4.619939,-4.606871,-4.587891,-4.592906,-4.588209,-4.420679,-4.374240,-4.413673,-4.582740,-4.725750
2023-05-19,-4.502625,-4.500749,-4.515643,-4.502527,-4.507570,-4.374240,-4.413673,-4.582740,-4.725750,-4.764391
2023-05-22,-4.433582,-4.459496,-4.452746,-4.452364,-4.459916,-4.413673,-4.582740,-4.725750,-4.764391,-4.499998
2023-05-23,-4.449081,-4.444039,-4.444644,-4.451355,-4.458746,-4.582740,-4.725750,-4.764391,-4.499998,-4.404323
2023-05-24,-4.513965,-4.503098,-4.503182,-4.516219,-4.514196,-4.725750,-4.764391,-4.499998,-4.404323,-4.433777
2023-05-25,-4.613897,-4.595802,-4.598339,-4.605263,-4.594864,-4.764391,-4.499998,-4.404323,-4.433777,-4.652958
2023-05-26,-4.674535,-4.664155,-4.663618,-4.659576,-4.646081,-4.499998,-4.404323,-4.433777,-4.652958,-4.671153
2023-05-30,-4.572842,-4.587287,-4.591899,-4.571029,-4.570463,-4.404323,-4.433777,-4.652958,-4.671153,-4.915228
2023-05-31,-4.499123,-4.518200,-4.505686,-4.498000,-4.504441,-4.433777,-4.652958,-4.671153,-4.915228,-4.655587
2023-06-01,-4.484013,-4.477108,-4.472661,-4.476343,-4.482922,-4.652958,-4.671153,-4.915228,-4.655587,-5.151167
2023-06-02,-4.565495,-4.546546,-4.541851,-4.555569,-4.550336,-4.671153,-4.915228,-4.655587,-5.151167,-4.715828
2023-06-05,-4.601823,-4.588059,-4.596538,-4.595769,-4.587619,-4.915228,-4.655587,-5.151167,-4.715828,-4.662059
2023-06-06,-4.752023,-4.733599,-4.717293,-4.722383,-4.701898,-4.655587,-5.151167,-4.715828,-4.662059,-4.740325
2023-06-07,-4.683147,-4.675118,-4.684990,-4.660430,-4.651838,-5.151167,-4.715828,-4.662059,-4.740325,-4.537738
2023-06-08,-4.919274,-4.890889,-4.841267,-4.853250,-4.821817,-4.715828,-4.662059,-4.740325,-4.537738,-4.842920
2023-06-09,-4.784379,-4.751795,-4.774612,-4.734280,-4.722812,-4.662059,-4.740325,-4.537738,-4.842920,-5.012285
2023-06-12,-4.687757,-4.720818,-4.686999,-4.670181,-4.661120,-4.740325,-4.537738,-4.842920,-5.012285,-4.881365
2023-06-13,-4.748338,-4.710117,-4.690500,-4.683738,-4.675241,-4.537738,-4.842920,-5.012285,-4.881365,-4.663333
2023-06-14,-4.599863,-4.597882,-4.602335,-4.584625,-4.583324,-4.842920,-5.012285,-4.881365,-4.663333,-4.709885
2023-06-15,-4.725129,-4.709227,-4.678574,-4.687905,-4.672630,-5.012285,-4.881365,-4.663333,-4.709885,-4.861315
2023-06-16,-4.859561,-4.804860,-4.798899,-4.796186,-4.771855,-4.881365,-4.663333,-4.709885,-4.861315,-4.807169
2023-06-20,-4.816275,-4.808488,-4.804614,-4.781237,-4.760093,-4.663333,-4.709885,-4.861315,-4.807169,-5.010924
2023-06-21,-4.728419,-4.737353,-4.722120,-4.694286,-4.685533,-4.709885,-4.861315,-4.807169,-5.010924,-4.900019
2023-06-22,-4.727650,-4.713969,-4.687122,-4.677559,-4.669259,-4.861315,-4.807169,-5.010924,-4.900019,-4.342076
2023-06-23,-4.783947,-4.745906,-4.729224,-4.726772,-4.710899,-4.807169,-5.010924,-4.900019,-4.342076,-4.747399
2023-06-26,-4.758063,-4.739437,-4.735748,-4.720892,-4.705382,-5.010924,-4.900019,-4.342076,-4.747399,-4.985746
2023-06-27,-4.871816,-4.846951,-4.818630,-4.814181,-4.788926,-4.900019,-4.342076,-4.747399,-4.985746,-4.954682
2023-06-28,-4.861716,-4.831033,-4.825082,-4.801061,-4.780822,-4.342076,-4.747399,-4.985746,-4.954682,-4.672252
2023-06-29,-4.558988,-4.596554,-4.600205,-4.557235,-4.563690,-4.747399,-4.985746,-4.954682,-4.672252,-5.065536
2023-06-30,-4.695193,-4.683064,-4.630062,-4.644758,-4.636633,-4.985746,-4.954682,-4.672252,-5.065536,-4.938303
2023-07-03,-4.835177,-4.757841,-4.757066,-4.761650,-4.740680,-4.954682,-4.672252,-5.065536,-4.938303,-4.782543
2023-07-05,-4.820406,-4.809622,-4.807842,-4.792100,-4.766884,-4.672252,-5.065536,-4.938303,-4.782543,-4.428398
2023-07-06,-4.732060,-4.742687,-4.734834,-4.703138,-4.693077,-5.065536,-4.938303,-4.782543,-4.428398,-4.884270
2023-07-07,-4.917271,-4.881491,-4.832036,-4.836562,-4.810660,-4.938303,-4.782543,-4.428398,-4.884270,-4.065681
2023-07-10,-4.892501,-4.841286,-4.844692,-4.819709,-4.798199,-4.782543,-4.428398,-4.884270,-4.065681,-4.559783
2023-07-11,-4.783719,-4.796334,-4.777207,-4.750887,-4.734955,-4.428398,-4.884270,-4.065681,-4.559783,-4.930049
2023-07-12,-4.610166,-4.620811,-4.612749,-4.581411,-4.585904,-4.884270,-4.065681,-4.559783,-4.930049,-4.732601
2023-07-13,-4.764165,-4.732866,-4.687330,-4.703627,-4.688249,-4.065681,-4.559783,-4.930049,-4.732601,-5.071799
2023-07-14,-4.367564,-4.381244,-4.433719,-4.388263,-4.409736,-4.559783,-4.930049,-4.732601,-5.071799,-4.848460
2023-07-17,-4.481773,-4.517952,-4.462540,-4.492291,-4.492089,-4.930049,-4.732601,-5.071799,-4.848460,-4.757714
2023-07-18,-4.752397,-4.658982,-4.665514,-4.684615,-4.668071,-4.732601,-5.071799,-4.848460,-4.757714,-4.724183
2023-07-19,-4.648629,-4.656839,-4.676966,-4.659569,-4.644458,-5.071799,-4.848460,-4.757714,-4.724183,-4.831513
2023-07-20,-4.878154,-4.862406,-4.823091,-4.826202,-4.797379,-4.848460,-4.757714,-4.724183,-4.831513,-4.705059
2023-07-21,-4.846876,-4.810078,-4.814728,-4.784626,-4.766845,-4.757714,-4.724183,-4.831513,-4.705059,-5.231680
2023-07-24,-4.763447,-4.775656,-4.750172,-4.728552,-4.714592,-4.724183,-4.831513,-4.705059,-5.231680,-4.889621
2023-07-25,-4.755121,-4.732965,-4.713379,-4.697729,-4.688394,-4.831513,-4.705059,-5.231680,-4.889621,-5.194043
2023-07-26,-4.772918,-4.746855,-4.727248,-4.721203,-4.706044,-4.705059,-5.231680,-4.889621,-5.194043,-4.761773
2023-07-27,-4.711366,-4.697511,-4.694981,-4.676900,-4.666785,-5.231680,-4.889621,-5.194043,-4.761773,-4.933614
2023-07-28,-4.969632,-4.922991,-4.877959,-4.890251,-4.855017,-4.889621,-5.194043,-4.761773,-4.933614,-4.793869
2023-07-31,-4.881146,-4.842897,-4.859333,-4.820654,-4.799412,-5.194043,-4.761773,-4.933614,-4.793869,-4.950713
2023-08-01,-5.006540,-4.996450,-4.941564,-4.933796,-4.897846,-4.761773,-4.933614,-4.793869,-4.950713,-4.483647
2023-08-02,-4.868438,-4.834303,-4.839213,-4.792722,-4.779379,-4.933614,-4.793869,-4.950713,-4.483647,-4.775107
2023-08-03,-4.868390,-4.867774,-4.817908,-4.807371,-4.785906,-4.793869,-4.950713,-4.483647,-4.775107,-4.742257
2023-08-04,-4.828800,-4.785252,-4.778575,-4.753901,-4.740923,-4.950713,-4.483647,-4.775107,-4.742257,-4.966407
2023-08-07,-4.849011,-4.831999,-4.801010,-4.793283,-4.770924,-4.483647,-4.775107,-4.742257,-4.966407,-5.043877
2023-08-08,-4.640917,-4.640902,-4.652099,-4.614007,-4.614491,-4.775107,-4.742257,-4.966407,-5.043877,-4.649863
2023-08-09,-4.711083,-4.710903,-4.665861,-4.672123,-4.660410,-4.742257,-4.966407,-5.043877,-4.649863,-4.824596
2023-08-10,-4.727207,-4.679522,-4.684169,-4.673799,-4.663974,-4.966407,-5.043877,-4.649863,-4.824596,-4.633602
2023-08-11,-4.803847,-4.789852,-4.766732,-4.767271,-4.743520,-5.043877,-4.649863,-4.824596,-4.633602,-4.732842
2023-08-14,-4.914197,-4.872146,-4.859989,-4.846495,-4.819238,-4.649863,-4.824596,-4.633602,-4.732842,-4.817127
2023-08-15,-4.735211,-4.743901,-4.744389,-4.705837,-4.696586,-4.824596,-4.633602,-4.732842,-4.817127,-4.645823
2023-08-16,-4.790206,-4.783644,-4.740364,-4.734933,-4.720225,-4.633602,-4.732842,-4.817127,-4.645823,-4.813068
2023-08-17,-4.702517,-4.671588,-4.674440,-4.653041,-4.648365,-4.732842,-4.817127,-4.645823,-4.813068,-4.585962
2023-08-18,-4.687298,-4.687758,-4.664755,-4.661374,-4.650376,-4.817127,-4.645823,-4.813068,-4.585962,-4.489311
2023-08-21,-4.755014,-4.721772,-4.711524,-4.706073,-4.691866,-4.645823,-4.813068,-4.585962,-4.489311,-4.939350
2023-08-22,-4.665206,-4.663570,-4.663895,-4.645022,-4.637462,-4.813068,-4.585962,-4.489311,-4.939350,-4.898524
2023-08-23,-4.740168,-4.728831,-4.702137,-4.700896,-4.686333,-4.585962,-4.489311,-4.939350,-4.898524,-4.863022
2023-08-24,-4.648947,-4.634414,-4.641330,-4.620177,-4.616778,-4.489311,-4.939350,-4.898524,-4.863022,-4.942042
2023-08-25,-4.551717,-4.571222,-4.558513,-4.548293,-4.549530,-4.939350,-4.898524,-4.863022,-4.942042,-4.984647
2023-08-28,-4.772031,-4.728750,-4.698027,-4.715828,-4.697103,-4.898524,-4.863022,-4.942042,-4.984647,-4.542175
2023-08-29,-4.794278,-4.753579,-4.764689,-4.751370,-4.731260,-4.863022,-4.942042,-4.984647,-4.542175,-4.950109
2023-08-30,-4.789190,-4.794879,-4.777924,-4.760752,-4.740686,-4.942042,-4.984647,-4.542175,-4.950109,-5.043717
2023-08-31,-4.874062,-4.845052,-4.819795,-4.806261,-4.784910,-4.984647,-4.542175,-4.950109,-5.043717,-5.061355
2023-09-01,-4.902339,-4.868360,-4.848977,-4.832352,-4.808372,-4.542175,-4.950109,-5.043717,-5.061355,-4.855879
2023-09-05,-4.681782,-4.690804,-4.693229,-4.653859,-4.650912,-4.950109,-5.043717,-5.061355,-4.855879,-4.733636
2023-09-06,-4.829808,-4.811071,-4.757507,-4.766027,-4.745841,-5.043717,-5.061355,-4.855879,-4.733636,-4.763624
2023-09-07,-4.921884,-4.851450,-4.848655,-4.837610,-4.812148,-5.061355,-4.855879,-4.733636,-4.763624,-4.730257
2023-09-08,-4.923701,-4.909906,-4.891484,-4.871982,-4.841591,-4.855879,-4.733636,-4.763624,-4.730257,-4.839644
2023-09-11,-4.874772,-4.861699,-4.845784,-4.812495,-4.793833,-4.733636,-4.763624,-4.730257,-4.839644,-5.119803
2023-09-12,-4.788585,-4.783801,-4.757978,-4.733284,-4.722201,-4.763624,-4.730257,-4.839644,-5.119803,-4.961515
2023-09-13,-4.770478,-4.746803,-4.723534,-4.711362,-4.700185,-4.730257,-4.839644,-5.119803,-4.961515,-4.773701
2023-09-14,-4.726029,-4.705782,-4.695798,-4.682912,-4.672625,-4.839644,-5.119803,-4.961515,-4.773701,-4.513244
2023-09-15,-4.764466,-4.745945,-4.726877,-4.721419,-4.705201,-5.119803,-4.961515,-4.773701,-4.513244,-4.550704
2023-09-18,-4.929481,-4.883714,-4.858921,-4.857804,-4.827484,-4.961515,-4.773701,-4.513244,-4.550704,-4.597827
2023-09-19,-4.900259,-4.873059,-4.870200,-4.841241,-4.816746,-4.773701,-4.513244,-4.550704,-4.597827,-4.671582
2023-09-20,-4.807690,-4.814340,-4.792268,-4.762394,-4.747545,-4.513244,-4.550704,-4.597827,-4.671582,-4.524136
2023-09-21,-4.662254,-4.662306,-4.648455,-4.621092,-4.621976,-4.550704,-4.597827,-4.671582,-4.524136,-4.571494
2023-09-22,-4.604689,-4.599219,-4.577926,-4.574070,-4.574300,-4.597827,-4.671582,-4.524136,-4.571494,-4.640681
2023-09-25,-4.595675,-4.574898,-4.571415,-4.571353,-4.569032,-4.671582,-4.524136,-4.571494,-4.640681,-4.545035
2023-09-26,-4.614104,-4.604918,-4.600726,-4.601631,-4.594010,-4.524136,-4.571494,-4.640681,-4.545035,-4.624396
2023-09-27,-4.558448,-4.561016,-4.566816,-4.555372,-4.554664,-4.571494,-4.640681,-4.545035,-4.624396,-4.663163
2023-09-28,-4.567755,-4.572574,-4.560420,-4.560267,-4.557960,-4.640681,-4.545035,-4.624396,-4.663163,-4.407676
2023-09-29,-4.610242,-4.592608,-4.588486,-4.589279,-4.584194,-4.545035,-4.624396,-4.663163,-4.407676,-4.437592
2023-10-02,-4.558928,-4.559706,-4.564046,-4.556190,-4.554569,-4.624396,-4.663163,-4.407676,-4.437592,-4.726368
2023-10-03,-4.593521,-4.592942,-4.581524,-4.582685,-4.577640,-4.663163,-4.407676,-4.437592,-4.726368,-4.716536
2023-10-04,-4.628913,-4.612262,-4.609634,-4.607548,-4.600859,-4.407676,-4.437592,-4.726368,-4.716536,-4.673473
2023-10-05,-4.497990,-4.511986,-4.521938,-4.505847,-4.510802,-4.437592,-4.726368,-4.716536,-4.673473,-4.642399
2023-10-06,-4.480789,-4.495279,-4.482475,-4.484863,-4.489912,-4.726368,-4.716536,-4.673473,-4.642399,-3.716556
2023-10-09,-4.622124,-4.590867,-4.579893,-4.595378,-4.587115,-4.716536,-4.673473,-4.642399,-3.716556,-4.331904
2023-10-10,-4.639632,-4.621564,-4.631912,-4.627661,-4.617031,-4.673473,-4.642399,-3.716556,-4.331904,-4.500339
2023-10-11,-4.639043,-4.646849,-4.640756,-4.631565,-4.622263,-4.642399,-3.716556,-4.331904,-4.500339,-4.416535
2023-10-12,-4.648582,-4.642237,-4.632863,-4.623704,-4.617623,-3.716556,-4.331904,-4.500339,-4.416535,-4.342321
2023-10-13,-4.158067,-4.221117,-4.258458,-4.215476,-4.254410,-4.331904,-4.500339,-4.416535,-4.342321,-4.303984
2023-10-16,-4.311226,-4.334954,-4.283235,-4.328980,-4.343206,-4.500339,-4.416535,-4.342321,-4.303984,-4.556210
2023-10-17,-4.432982,-4.366453,-4.402693,-4.424329,-4.429245,-4.416535,-4.342321,-4.303984,-4.556210,-4.745828
2023-10-18,-4.357928,-4.395455,-4.417918,-4.422190,-4.424321,-4.342321,-4.303984,-4.556210,-4.745828,-4.878774
2023-10-19,-4.387365,-4.411050,-4.416106,-4.417626,-4.426129,-4.303984,-4.556210,-4.745828,-4.878774,-4.529273
2023-10-20,-4.367830,-4.379415,-4.385125,-4.390362,-4.402161,-4.556210,-4.745828,-4.878774,-4.529273,-4.368143
2023-10-23,-4.477062,-4.468021,-4.463789,-4.482969,-4.482525,-4.745828,-4.878774,-4.529273,-4.368143,-4.582109
2023-10-24,-4.607336,-4.582058,-4.587730,-4.597816,-4.586421,-4.878774,-4.529273,-4.368143,-4.582109,-4.783922
2023-10-25,-4.722759,-4.707174,-4.703618,-4.702858,-4.682973,-4.529273,-4.368143,-4.582109,-4.783922,-4.570422
2023-10-26,-4.606880,-4.618476,-4.627441,-4.599975,-4.596946,-4.368143,-4.582109,-4.783922,-4.570422,-4.616792
2023-10-27,-4.494725,-4.522386,-4.506919,-4.494536,-4.501881,-4.582109,-4.783922,-4.570422,-4.616792,-4.693017
2023-10-30,-4.567682,-4.545372,-4.528597,-4.539366,-4.538807,-4.783922,-4.570422,-4.616792,-4.693017,-4.864376
2023-10-31,-4.657460,-4.623752,-4.623653,-4.631566,-4.618811,-4.570422,-4.616792,-4.693017,-4.864376,-5.031573
2023-11-01,-4.578636,-4.585352,-4.597640,-4.581474,-4.576624,-4.616792,-4.693017,-4.864376,-5.031573,-4.763367
2023-11-02,-4.605131,-4.614431,-4.596347,-4.592992,-4.587505,-4.693017,-4.864376,-5.031573,-4.763367,-4.702770
2023-11-03,-4.659987,-4.635021,-4.627248,-4.625205,-4.617238,-4.864376,-5.031573,-4.763367,-4.702770,-5.047102
2023-11-06,-4.740966,-4.717188,-4.704872,-4.704913,-4.687054,-5.031573,-4.763367,-4.702770,-5.047102,-4.945960
2023-11-07,-4.867825,-4.832752,-4.818187,-4.811714,-4.784681,-4.763367,-4.702770,-5.047102,-4.945960,-4.738962
2023-11-08,-4.778606,-4.772221,-4.770998,-4.739873,-4.724798,-4.702770,-5.047102,-4.945960,-4.738962,-4.898074
2023-11-09,-4.732911,-4.737627,-4.710314,-4.692267,-4.682004,-5.047102,-4.945960,-4.738962,-4.898074,-4.879413
2023-11-10,-4.900489,-4.848571,-4.814733,-4.816781,-4.791584,-4.945960,-4.738962,-4.898074,-4.879413,-5.077389
2023-11-13,-4.872141,-4.834742,-4.834505,-4.811090,-4.787790,-4.738962,-4.898074,-4.879413,-5.077389,-4.895341
2023-11-14,-4.763716,-4.775162,-4.758156,-4.729027,-4.714786,-4.898074,-4.879413,-5.077389,-4.895341,-5.024264
2023-11-15,-4.845152,-4.816585,-4.780842,-4.772065,-4.753408,-4.879413,-5.077389,-4.895341,-5.024264,-5.202669
2023-11-16,-4.834433,-4.795742,-4.785278,-4.768014,-4.749240,-5.077389,-4.895341,-5.024264,-5.202669,-5.558822
2023-11-17,-4.922303,-4.890934,-4.861709,-4.852817,-4.823128,-4.895341,-5.024264,-5.202669,-5.558822,-5.261510
2023-11-20,-4.876889,-4.849984,-4.842419,-4.811633,-4.790233,-5.024264,-5.202669,-5.558822,-5.261510,-5.100163
2023-11-21,-4.926755,-4.906510,-4.868468,-4.853062,-4.826027,-5.202669,-5.558822,-5.261510,-5.100163,-4.856438
2023-11-22,-5.050240,-4.988457,-4.959467,-4.943655,-4.908457,-5.558822,-5.261510,-5.100163,-4.856438,-4.956418
2023-11-24,-5.253390,-5.180639,-5.139788,-5.125276,-5.070287,-5.261510,-5.100163,-4.856438,-4.956418,-4.928064
2023-11-27,-5.184869,-5.143319,-5.128407,-5.073749,-5.030891,-5.100163,-4.856438,-4.956418,-4.928064,-4.766515
2023-11-28,-5.099194,-5.091571,-5.041083,-4.994779,-4.961727,-4.856438,-4.956418,-4.928064,-4.766515,-4.809864
2023-11-29,-4.965113,-4.935513,-4.901161,-4.858236,-4.840655,-4.956418,-4.928064,-4.766515,-4.809864,-4.884886
2023-11-30,-4.930984,-4.897380,-4.854882,-4.836947,-4.815226,-4.928064,-4.766515,-4.809864,-4.884886,-4.958998
2023-12-01,-4.895859,-4.853613,-4.835822,-4.813981,-4.792842,-4.766515,-4.809864,-4.884886,-4.958998,-5.039291
2023-12-04,-4.786234,-4.779573,-4.764100,-4.737701,-4.723210,-4.809864,-4.884886,-4.958998,-5.039291,-5.099700
2023-12-05,-4.791882,-4.774376,-4.746813,-4.733284,-4.718352,-4.884886,-4.958998,-5.039291,-5.099700,-4.976084
2023-12-06,-4.822824,-4.787259,-4.769150,-4.758001,-4.739416,-4.958998,-5.039291,-5.099700,-4.976084,-4.812809
2023-12-07,-4.858195,-4.828369,-4.810516,-4.797470,-4.773875,-5.039291,-5.099700,-4.976084,-4.812809,-4.503892
2023-12-08,-4.922706,-4.889271,-4.867308,-4.851080,-4.823062,-5.099700,-4.976084,-4.812809,-4.503892,-4.608864
2023-12-11,-4.981471,-4.944279,-4.919337,-4.898518,-4.867153,-4.976084,-4.812809,-4.503892,-4.608864,-4.928934
2023-12-12,-4.941473,-4.916994,-4.896440,-4.864856,-4.839225,-4.812809,-4.503892,-4.608864,-4.928934,-5.027016
2023-12-13,-4.849970,-4.840487,-4.815237,-4.784373,-4.767768,-4.503892,-4.608864,-4.928934,-5.027016,-4.769325
2023-12-14,-4.660206,-4.664735,-4.650909,-4.620228,-4.620422,-4.608864,-4.928934,-5.027016,-4.769325,-4.931621
2023-12-15,-4.637230,-4.627535,-4.600000,-4.597961,-4.594919,-4.928934,-5.027016,-4.769325,-4.931621,-5.251427
2023-12-18,-4.780591,-4.727451,-4.711388,-4.719420,-4.700312,-5.027016,-4.769325,-4.931621,-5.251427,-5.530211
2023-12-19,-4.856749,-4.819056,-4.815240,-4.805487,-4.777707,-4.769325,-4.931621,-5.251427,-5.530211,-5.332298
2023-12-20,-4.773185,-4.777043,-4.771493,-4.740394,-4.723904,-4.931621,-5.251427,-5.530211,-5.332298,-5.370128
2023-12-21,-4.860174,-4.840717,-4.802001,-4.791525,-4.770248,-5.251427,-5.530211,-5.332298,-5.370128,-5.685389
2023-12-22,-5.046006,-4.972946,-4.943661,-4.937237,-4.900472,-5.530211,-5.332298,-5.370128,-5.685389,-5.014219
2023-12-26,-5.227007,-5.155219,-5.125516,-5.107133,-5.053078,-5.332298,-5.370128,-5.685389,-5.014219,-4.862742
2023-12-27,-5.210465,-5.171520,-5.148074,-5.098017,-5.051292,-5.370128,-5.685389,-5.014219,-4.862742,-5.038724
2023-12-28,-5.255294,-5.217834,-5.160100,-5.119437,-5.073001,-5.685389,-5.014219,-4.862742,-5.038724,-4.854554
2023-12-29,-5.443503,-5.348017,-5.286676,-5.256567,-5.196399,-5.014219,-4.862742,-5.038724,-4.854554,-4.666176
2024-01-02,-5.122773,-5.099114,-5.089643,-5.013179,-4.982016,-4.862742,-5.038724,-4.854554,-4.666176,-5.121918
2024-01-03,-4.962676,-4.976031,-4.912068,-4.871034,-4.851450,-5.038724,-4.854554,-4.666176,-5.121918,-4.987074
2024-01-04,-5.015933,-4.945294,-4.900604,-4.883908,-4.860067,-4.854554,-4.666176,-5.121918,-4.987074,-4.847276
2024-01-05,-4.860620,-4.830095,-4.821157,-4.791190,-4.772424,-4.666176,-5.121918,-4.987074,-4.847276,-4.089543
2024-01-08,-4.728072,-4.736201,-4.715583,-4.689435,-4.679981,-5.121918,-4.987074,-4.847276,-4.089543,-4.380017
2024-01-09,-4.942851,-4.887661,-4.842579,-4.848076,-4.819326,-4.987074,-4.847276,-4.089543,-4.380017,-4.678233
2024-01-10,-4.910865,-4.861901,-4.865272,-4.838201,-4.812273,-4.847276,-4.089543,-4.380017,-4.678233,-4.846248
2024-01-11,-4.828536,-4.837489,-4.813474,-4.785133,-4.764934,-4.089543,-4.380017,-4.678233,-4.846248,-4.942414
2024-01-12,-4.449742,-4.490594,-4.497780,-4.449528,-4.469103,-4.380017,-4.678233,-4.846248,-4.942414,-4.964053
2024-01-16,-4.454010,-4.467316,-4.422417,-4.439344,-4.450320,-4.678233,-4.846248,-4.942414,-4.964053,-5.119310
2024-01-17,-4.584965,-4.520384,-4.526531,-4.546020,-4.541876,-4.846248,-4.942414,-4.964053,-5.119310,-5.000860
2024-01-18,-4.657478,-4.640691,-4.647617,-4.653393,-4.634970,-4.942414,-4.964053,-5.119310,-5.000860,-5.025508
2024-01-19,-4.789354,-4.769427,-4.761680,-4.755591,-4.731593,-4.964053,-5.119310,-5.000860,-5.025508,-5.304895
2024-01-22,-4.862545,-4.838259,-4.822561,-4.806172,-4.781298,-5.119310,-5.000860,-5.025508,-5.304895,-5.125683
2024-01-23,-4.975120,-4.935113,-4.904602,-4.890911,-4.859051,-5.000860,-5.025508,-5.304895,-5.125683,-4.870328
2024-01-24,-4.948833,-4.915885,-4.900779,-4.870040,-4.842911,-5.025508,-5.304895,-5.125683,-4.870328,-4.634045
2024-01-25,-4.956754,-4.934389,-4.899433,-4.875643,-4.847881,-5.304895,-5.125683,-4.870328,-4.634045,-4.449410
2024-01-26,-5.119955,-5.052038,-5.009101,-4.996503,-4.956576,-5.125683,-4.870328,-4.634045,-4.449410,-4.694612
2024-01-29,-5.055091,-5.011612,-4.998699,-4.959021,-4.924547,-4.870328,-4.634045,-4.449410,-4.694612,-4.928656
2024-01-30,-4.913129,-4.917709,-4.888194,-4.845671,-4.823856,-4.634045,-4.449410,-4.694612,-4.928656,-4.963571
2024-01-31,-4.768952,-4.765859,-4.738686,-4.704714,-4.698260,-4.449410,-4.694612,-4.928656,-4.963571,-4.899920
2024-02-01,-4.595537,-4.598617,-4.582220,-4.561847,-4.566054,-4.694612,-4.928656,-4.963571,-4.899920,-5.160447
2024-02-02,-4.651426,-4.625649,-4.599826,-4.608349,-4.602031,-4.928656,-4.963571,-4.899920,-5.160447,-5.222069
2024-02-05,-4.773418,-4.721349,-4.714624,-4.720381,-4.700427,-4.963571,-4.899920,-5.160447,-5.222069,-4.780028
2024-02-06,-4.822704,-4.797976,-4.793275,-4.781603,-4.756226,-4.899920,-5.160447,-5.222069,-4.780028,-4.562486
2024-02-07,-4.839134,-4.827122,-4.811203,-4.789190,-4.766957,-5.160447,-5.222069,-4.780028,-4.562486,-4.914360
2024-02-08,-4.998389,-4.952050,-4.912363,-4.904126,-4.871204,-5.222069,-4.780028,-4.562486,-4.914360,-4.707906
2024-02-09,-5.071275,-5.010412,-4.989872,-4.966693,-4.929119,-4.780028,-4.562486,-4.914360,-4.707906,-4.762123
2024-02-12,-4.855171,-4.862206,-4.855045,-4.804785,-4.786308,-4.562486,-4.914360,-4.707906,-4.762123,-4.813164
2024-02-13,-4.706198,-4.726748,-4.692586,-4.661360,-4.657934,-4.914360,-4.707906,-4.762123,-4.813164,-4.869439
2024-02-14,-4.837702,-4.783833,-4.741157,-4.746798,-4.730466,-4.707906,-4.762123,-4.813164,-4.869439,-4.889848
2024-02-15,-4.714649,-4.684262,-4.697042,-4.675056,-4.664060,-4.762123,-4.813164,-4.869439,-4.889848,-4.872457
2024-02-16,-4.709567,-4.717852,-4.693255,-4.684327,-4.670079,-4.813164,-4.869439,-4.889848,-4.872457,-5.068484
2024-02-20,-4.773072,-4.738667,-4.724040,-4.714305,-4.699768,-4.869439,-4.889848,-4.872457,-5.068484,-5.111448
2024-02-21,-4.790137,-4.765999,-4.750831,-4.740196,-4.721260,-4.889848,-4.872457,-5.068484,-5.111448,-5.067009
2024-02-22,-4.819461,-4.794641,-4.778622,-4.763840,-4.743548,-4.872457,-5.068484,-5.111448,-5.067009,-5.035077
2024-02-23,-4.823056,-4.801907,-4.784264,-4.766179,-4.746576,-5.068484,-5.111448,-5.067009,-5.035077,-5.044998
2024-02-26,-4.933498,-4.892097,-4.860762,-4.851382,-4.822968,-5.111448,-5.067009,-5.035077,-5.044998,-4.617541
2024-02-27,-4.987508,-4.938948,-4.919961,-4.898959,-4.866992,-5.067009,-5.035077,-5.044998,-4.617541,-4.745950
2024-02-28,-4.981573,-4.954890,-4.929596,-4.900941,-4.869914,-5.035077,-5.044998,-4.617541,-4.745950,-4.311660
2024-02-29,-4.983577,-4.953104,-4.921560,-4.892761,-4.864420,-5.044998,-4.617541,-4.745950,-4.311660,-4.831980
2024-03-01,-4.986036,-4.948546,-4.916431,-4.890648,-4.862484,-4.617541,-4.745950,-4.311660,-4.831980,-4.558517
2024-03-04,-4.750970,-4.754527,-4.748638,-4.705124,-4.696755,-4.745950,-4.311660,-4.831980,-4.558517,-4.916797
2024-03-05,-4.751834,-4.746432,-4.703189,-4.694611,-4.683763,-4.311660,-4.831980,-4.558517,-4.916797,-4.655973
2024-03-06,-4.510424,-4.509791,-4.524977,-4.495794,-4.505669,-4.831980,-4.558517,-4.916797,-4.655973,-5.047014
2024-03-07,-4.682199,-4.666259,-4.619715,-4.642983,-4.629774,-4.558517,-4.916797,-4.655973,-5.047014,-4.506353
2024-03-08,-4.599944,-4.565373,-4.595319,-4.576957,-4.574145,-4.916797,-4.655973,-5.047014,-4.506353,-4.841234
2024-03-11,-4.735260,-4.734534,-4.699066,-4.709452,-4.688341,-4.655973,-5.047014,-4.506353,-4.841234,-5.139065
2024-03-12,-4.692023,-4.664229,-4.678896,-4.654483,-4.645939,-5.047014,-4.506353,-4.841234,-5.139065,-5.116374
2024-03-13,-4.854565,-4.834868,-4.791289,-4.797532,-4.770394,-4.506353,-4.841234,-5.139065,-5.116374,-4.667710
2024-03-14,-4.648167,-4.638296,-4.663338,-4.621696,-4.619092,-4.841234,-5.139065,-5.116374,-4.667710,-4.889679
2024-03-15,-4.741812,-4.748166,-4.696100,-4.701538,-4.685346,-5.139065,-5.116374,-4.667710,-4.889679,-5.026210
2024-03-18,-4.961161,-4.870640,-4.854631,-4.854986,-4.825739,-5.116374,-4.667710,-4.889679,-5.026210,-4.869935
2024-03-19,-4.953861,-4.922827,-4.914802,-4.892020,-4.857449,-4.667710,-4.889679,-5.026210,-4.869935,-5.124500
2024-03-20,-4.769401,-4.789076,-4.781744,-4.735253,-4.722456,-4.889679,-5.026210,-4.869935,-5.124500,-5.081047
2024-03-21,-4.853566,-4.834590,-4.781605,-4.773819,-4.756073,-5.026210,-4.869935,-5.124500,-5.081047,-4.978550
2024-03-22,-4.929201,-4.858730,-4.844933,-4.837051,-4.813343,-4.869935,-5.124500,-5.081047,-4.978550,-4.824813
2024-03-25,-4.827654,-4.819498,-4.814591,-4.787859,-4.767130,-5.124500,-5.081047,-4.978550,-4.824813,-5.071615
2024-03-26,-4.975151,-4.941987,-4.900355,-4.894769,-4.864063,-5.081047,-4.978550,-4.824813,-5.071615,-5.002873
2024-03-27,-4.997514,-4.945801,-4.934900,-4.909596,-4.880279,-4.978550,-4.824813,-5.071615,-5.002873,-4.741095
2024-03-28,-4.935858,-4.926761,-4.902410,-4.872125,-4.846413,-4.824813,-5.071615,-5.002873,-4.741095,-4.687530
2024-04-01,-4.868534,-4.854753,-4.830042,-4.798665,-4.782937,-5.071615,-5.002873,-4.741095,-4.687530,-5.067240
2024-04-02,-4.961240,-4.917198,-4.875627,-4.870259,-4.843823,-5.002873,-4.741095,-4.687530,-5.067240,-4.564140
2024-04-03,-4.939028,-4.893494,-4.886036,-4.861724,-4.836405,-4.741095,-4.687530,-5.067240,-4.564140,-4.513834
2024-04-04,-4.789706,-4.801090,-4.786714,-4.751297,-4.737503,-4.687530,-5.067240,-4.564140,-4.513834,-4.572116
2024-04-05,-4.747513,-4.742863,-4.712575,-4.693569,-4.686197,-5.067240,-4.564140,-4.513834,-4.572116,-3.935005
2024-04-08,-4.910514,-4.849791,-4.814736,-4.823674,-4.798649,-4.564140,-4.513834,-4.572116,-3.935005,-4.197342
2024-04-09,-4.668168,-4.666084,-4.692409,-4.649714,-4.644422,-4.513834,-4.572116,-3.935005,-4.197342,-4.193759
2024-04-10,-4.585158,-4.626174,-4.591227,-4.578061,-4.577807,-4.572116,-3.935005,-4.197342,-4.193759,-4.517758
2024-04-11,-4.619335,-4.585629,-4.573119,-4.572199,-4.573311,-3.935005,-4.197342,-4.193759,-4.517758,-4.459313
2024-04-12,-4.226796,-4.279428,-4.312859,-4.279060,-4.307329,-4.197342,-4.193759,-4.517758,-4.459313,-4.555872
2024-04-15,-4.263983,-4.300218,-4.267898,-4.294664,-4.314811,-4.193759,-4.517758,-4.459313,-4.555872,-4.796920
2024-04-16,-4.263396,-4.237760,-4.268052,-4.284616,-4.304928,-4.517758,-4.459313,-4.555872,-4.796920,-4.928366
2024-04-17,-4.371137,-4.377215,-4.381011,-4.414299,-4.414196,-4.459313,-4.555872,-4.796920,-4.928366,-4.790930
2024-04-18,-4.423451,-4.418853,-4.447715,-4.452111,-4.453984,-4.555872,-4.796920,-4.928366,-4.790930,-4.753699
2024-04-19,-4.488290,-4.504546,-4.502294,-4.510923,-4.507721,-4.796920,-4.928366,-4.790930,-4.753699,-4.928586
2024-04-22,-4.666378,-4.634748,-4.627884,-4.640427,-4.627085,-4.928366,-4.790930,-4.753699,-4.928586,-4.984686
2024-04-23,-4.772123,-4.740321,-4.739712,-4.739735,-4.717523,-4.790930,-4.753699,-4.928586,-4.984686,-4.785194
2024-04-24,-4.749551,-4.745970,-4.743925,-4.722234,-4.705172,-4.753699,-4.928586,-4.984686,-4.785194,-4.410231
2024-04-25,-4.748140,-4.745707,-4.723807,-4.706946,-4.693844,-4.928586,-4.984686,-4.785194,-4.410231,-4.684955
2024-04-26,-4.840120,-4.801322,-4.775378,-4.770995,-4.750857,-4.984686,-4.785194,-4.410231,-4.684955,-4.801033
2024-04-29,-4.876962,-4.837481,-4.825820,-4.812667,-4.787727,-4.785194,-4.410231,-4.684955,-4.801033,-4.973595
2024-04-30,-4.789466,-4.786398,-4.777864,-4.748491,-4.732098,-4.410231,-4.684955,-4.801033,-4.973595,-5.207181
2024-05-01,-4.587975,-4.614953,-4.604669,-4.569954,-4.574201,-4.684955,-4.801033,-4.973595,-5.207181,-4.818302
2024-05-02,-4.665695,-4.646330,-4.606733,-4.615665,-4.610367,-4.801033,-4.973595,-5.207181,-4.818302,-5.135455
2024-05-03,-4.717141,-4.664871,-4.666991,-4.668232,-4.654994,-4.973595,-5.207181,-4.818302,-5.135455,-5.149480
2024-05-06,-4.799053,-4.777158,-4.765490,-4.764642,-4.739136,-5.207181,-4.818302,-5.135455,-5.149480,-5.119162
2024-05-07,-4.990699,-4.940813,-4.919421,-4.913634,-4.876784,-4.818302,-5.135455,-5.149480,-5.119162,-4.961963
2024-05-08,-4.850612,-4.845363,-4.848254,-4.803075,-4.783511,-5.135455,-5.149480,-5.119162,-4.961963,-4.995034
2024-05-09,-4.994399,-4.970617,-4.911100,-4.905298,-4.873759,-5.149480,-5.119162,-4.961963,-4.995034,-4.751100
2024-05-10,-5.051758,-4.977719,-4.964111,-4.940065,-4.907842,-5.119162,-4.961963,-4.995034,-4.751100,-5.090873
2024-05-13,-5.012986,-4.993066,-4.965627,-4.936661,-4.902608,-4.961963,-4.995034,-4.751100,-5.090873,-4.080429
2024-05-14,-4.966370,-4.943709,-4.917311,-4.880793,-4.856466,-4.995034,-4.751100,-5.090873,-4.080429,-4.768692
2024-05-15,-4.958706,-4.929624,-4.891664,-4.868722,-4.844176,-4.751100,-5.090873,-4.080429,-4.768692,-4.642435
2024-05-16,-4.821000,-4.802480,-4.789988,-4.755412,-4.742693,-5.090873,-4.080429,-4.768692,-4.642435,-4.704313
2024-05-17,-4.943683,-4.905920,-4.857759,-4.858079,-4.829732,-4.080429,-4.768692,-4.642435,-4.704313,-5.108312
2024-05-20,-4.454248,-4.486923,-4.530697,-4.460642,-4.479555,-4.768692,-4.642435,-4.704313,-5.108312,-5.149632
2024-05-21,-4.651446,-4.665775,-4.579892,-4.613997,-4.604964,-4.642435,-4.704313,-5.108312,-5.149632,-4.963082
2024-05-22,-4.661060,-4.576021,-4.610580,-4.601111,-4.597648,-4.704313,-5.108312,-5.149632,-4.963082,-4.811179
2024-05-23,-4.598652,-4.629160,-4.617514,-4.616141,-4.602729,-5.108312,-5.149632,-4.963082,-4.811179,-4.686791
2024-05-24,-4.894614,-4.841338,-4.811812,-4.826375,-4.797562,-5.149632,-4.963082,-4.811179,-4.686791,-4.598661
2024-05-28,-4.972123,-4.922284,-4.921770,-4.906930,-4.872907,-4.963082,-4.811179,-4.686791,-4.598661,-4.673968
2024-05-29,-4.917647,-4.917853,-4.903548,-4.869029,-4.842992,-4.811179,-4.686791,-4.598661,-4.673968,-4.861426
2024-05-30,-4.863251,-4.857426,-4.829202,-4.797331,-4.782584,-4.686791,-4.598661,-4.673968,-4.861426,-4.957494
2024-05-31,-4.766929,-4.752761,-4.731323,-4.706907,-4.700251,-4.598661,-4.673968,-4.861426,-4.957494,-4.743396
2024-06-03,-4.666465,-4.658430,-4.643962,-4.628087,-4.625789,-4.673968,-4.861426,-4.957494,-4.743396,-4.818974
2024-06-04,-4.662278,-4.647213,-4.630893,-4.629007,-4.622766,-4.861426,-4.957494,-4.743396,-4.818974,-4.855986
2024-06-05,-4.749346,-4.717163,-4.703502,-4.708174,-4.691577,-4.957494,-4.743396,-4.818974,-4.855986,-4.537368
2024-06-06,-4.823912,-4.793671,-4.786036,-4.780845,-4.757542,-4.743396,-4.818974,-4.855986,-4.537368,-4.752283
2024-06-07,-4.752378,-4.751157,-4.750726,-4.723012,-4.709815,-4.818974,-4.855986,-4.537368,-4.752283,-4.724148
2024-06-10,-4.785310,-4.779575,-4.747923,-4.738376,-4.723340,-4.855986,-4.537368,-4.752283,-4.724148,-4.670858
2024-06-11,-4.815821,-4.778539,-4.764813,-4.753651,-4.737953,-4.537368,-4.752283,-4.724148,-4.670858,-4.665990
2024-06-12,-4.635736,-4.644189,-4.649490,-4.618534,-4.616910,-4.752283,-4.724148,-4.670858,-4.665990,-4.672201
2024-06-13,-4.703960,-4.699978,-4.662131,-4.666894,-4.656348,-4.724148,-4.670858,-4.665990,-4.672201,-4.592666
2024-06-14,-4.710331,-4.670876,-4.674445,-4.665006,-4.656424,-4.670858,-4.665990,-4.672201,-4.592666,-4.792138
2024-06-17,-4.650633,-4.657346,-4.650240,-4.639495,-4.630577,-4.665990,-4.672201,-4.592666,-4.792138,-4.791513
2024-06-18,-4.665221,-4.656893,-4.645240,-4.637163,-4.630400,-4.672201,-4.592666,-4.792138,-4.791513,-5.019108
2024-06-20,-4.660472,-4.648264,-4.639774,-4.633393,-4.626360,-4.592666,-4.792138,-4.791513,-5.019108,-4.960773
2024-06-21,-4.613489,-4.610401,-4.608029,-4.597281,-4.593875,-4.792138,-4.791513,-5.019108,-4.960773,-4.686139
2024-06-24,-4.702021,-4.685419,-4.664108,-4.670492,-4.657336,-4.791513,-5.019108,-4.960773,-4.686139,-4.491673
2024-06-25,-4.731315,-4.702875,-4.703968,-4.695716,-4.681997,-5.019108,-4.960773,-4.686139,-4.491673,-5.011258
2024-06-26,-4.850470,-4.828638,-4.803371,-4.805422,-4.778813,-4.960773,-4.686139,-4.491673,-5.011258,-4.831652
2024-06-27,-4.886908,-4.853388,-4.848909,-4.828478,-4.805550,-4.686139,-4.491673,-5.011258,-4.831652,-4.950813
2024-06-28,-4.750584,-4.761098,-4.752624,-4.718825,-4.709024,-4.491673,-5.011258,-4.831652,-4.950813,-5.098049
2024-07-01,-4.628523,-4.639384,-4.621005,-4.597184,-4.600122,-5.011258,-4.831652,-4.950813,-5.098049,-4.680224
2024-07-02,-4.835364,-4.788403,-4.741787,-4.765449,-4.743690,-4.831652,-4.950813,-5.098049,-4.680224,-4.674750
2024-07-03,-4.786502,-4.740163,-4.764046,-4.742087,-4.726227,-4.950813,-5.098049,-4.680224,-4.674750,-4.754941
2024-07-05,-4.824299,-4.835912,-4.804166,-4.797203,-4.772498,-5.098049,-4.680224,-4.674750,-4.754941,-4.020219
2024-07-08,-4.976086,-4.923896,-4.900630,-4.890747,-4.862526,-4.680224,-4.674750,-4.754941,-4.020219,-4.035649
2024-07-09,-4.772400,-4.771228,-4.778967,-4.734725,-4.725245,-4.674750,-4.754941,-4.020219,-4.035649,-4.361882
2024-07-10,-4.721227,-4.736258,-4.697831,-4.683064,-4.675732,-4.754941,-4.020219,-4.035649,-4.361882,-4.362528
2024-07-11,-4.753521,-4.712577,-4.695801,-4.690295,-4.681727,-4.020219,-4.035649,-4.361882,-4.362528,-4.064161
2024-07-12,-4.337090,-4.375076,-4.413244,-4.364969,-4.390260,-4.035649,-4.361882,-4.362528,-4.064161,-4.470426
2024-07-15,-4.220723,-4.281402,-4.251081,-4.260049,-4.287103,-4.361882,-4.362528,-4.064161,-4.470426,-4.572289
2024-07-16,-4.353683,-4.312820,-4.313381,-4.348078,-4.362264,-4.362528,-4.064161,-4.470426,-4.572289,-4.626391
2024-07-17,-4.317348,-4.317249,-4.351420,-4.366084,-4.373743,-4.064161,-4.470426,-4.572289,-4.626391,-4.484427
2024-07-18,-4.187604,-4.240683,-4.270427,-4.264376,-4.285822,-4.470426,-4.572289,-4.626391,-4.484427,-4.573106
2024-07-19,-4.385502,-4.394125,-4.371230,-4.407990,-4.412398,-4.572289,-4.626391,-4.484427,-4.573106,-4.497897
2024-07-22,-4.489770,-4.452925,-4.478561,-4.493083,-4.491998,-4.626391,-4.484427,-4.573106,-4.497897,-4.721461
2024-07-23,-4.522883,-4.538315,-4.544700,-4.551013,-4.542998,-4.484427,-4.573106,-4.497897,-4.721461,-4.500850
2024-07-24,-4.518624,-4.527881,-4.536484,-4.526387,-4.527730,-4.573106,-4.497897,-4.721461,-4.500850,-4.319093
2024-07-25,-4.555778,-4.560313,-4.546971,-4.551264,-4.549180,-4.497897,-4.721461,-4.500850,-4.319093,-4.389010
2024-07-26,-4.530675,-4.521655,-4.529396,-4.524178,-4.526513,-4.721461,-4.500850,-4.319093,-4.389010,-3.976956
2024-07-29,-4.619347,-4.612840,-4.596259,-4.608925,-4.598912,-4.500850,-4.319093,-4.389010,-3.976956,-4.053774
2024-07-30,-4.551838,-4.544759,-4.564208,-4.547973,-4.549103,-4.319093,-4.389010,-3.976956,-4.053774,-4.207522
2024-07-31,-4.425555,-4.462888,-4.460230,-4.448971,-4.458847,-4.389010,-3.976956,-4.053774,-4.207522,-4.273267
2024-08-01,-4.444171,-4.444321,-4.435194,-4.443125,-4.452696,-3.976956,-4.053774,-4.207522,-4.273267,-4.415950
2024-08-02,-4.205029,-4.231802,-4.266989,-4.251690,-4.280959,-4.053774,-4.207522,-4.273267,-4.415950,-4.457404
2024-08-05,-4.154334,-4.201143,-4.194668,-4.215886,-4.241598,-4.207522,-4.273267,-4.415950,-4.457404,-4.500076
2024-08-06,-4.228384,-4.217822,-4.235937,-4.264481,-4.284220,-4.273267,-4.415950,-4.457404,-4.500076,-4.835236
2024-08-07,-4.240809,-4.255476,-4.281401,-4.303529,-4.316143,-4.415950,-4.457404,-4.500076,-4.835236,-4.772004
2024-08-08,-4.345177,-4.357645,-4.369556,-4.391492,-4.396522,-4.457404,-4.500076,-4.835236,-4.772004,-4.617197
2024-08-09,-4.415124,-4.418412,-4.433801,-4.444804,-4.447893,-4.500076,-4.835236,-4.772004,-4.617197,-4.895114
2024-08-12,-4.461921,-4.470783,-4.476831,-4.484441,-4.485069,-4.835236,-4.772004,-4.617197,-4.895114,-5.071132
2024-08-13,-4.661982,-4.639345,-4.625178,-4.645676,-4.630012,-4.772004,-4.617197,-4.895114,-5.071132,-5.061032
2024-08-14,-4.695695,-4.673073,-4.687154,-4.677346,-4.663487,-4.617197,-4.895114,-5.071132,-5.061032,-4.643730
2024-08-15,-4.632869,-4.652982,-4.647753,-4.629716,-4.622900,-4.895114,-5.071132,-5.061032,-4.643730,-4.804614
2024-08-16,-4.787294,-4.761915,-4.728580,-4.735723,-4.718119,-5.071132,-5.061032,-4.643730,-4.804614,-4.483001
2024-08-19,-4.907287,-4.852142,-4.842727,-4.840232,-4.812693,-5.061032,-4.643730,-4.804614,-4.483001,-4.813166
2024-08-20,-4.930885,-4.909657,-4.898192,-4.878838,-4.848853,-4.643730,-4.804614,-4.483001,-4.813166,-5.050936
2024-08-21,-4.762586,-4.773186,-4.770582,-4.725313,-4.717621,-4.804614,-4.483001,-4.813166,-5.050936,-4.681432
2024-08-22,-4.794711,-4.788878,-4.741157,-4.735702,-4.723000,-4.483001,-4.813166,-5.050936,-4.681432,-4.647457
2024-08-23,-4.629231,-4.605461,-4.618190,-4.588896,-4.593303,-4.813166,-5.050936,-4.681432,-4.647457,-4.639025
2024-08-26,-4.699666,-4.698262,-4.658238,-4.672436,-4.658127,-5.050936,-4.681432,-4.647457,-4.639025,-4.493197
2024-08-27,-4.878171,-4.811155,-4.804862,-4.809251,-4.783857,-4.681432,-4.647457,-4.639025,-4.493197,-4.758175
2024-08-28,-4.710392,-4.719216,-4.735082,-4.699216,-4.687885,-4.647457,-4.639025,-4.493197,-4.758175,-4.469980
2024-08-29,-4.685540,-4.704668,-4.673347,-4.658829,-4.651809,-4.639025,-4.493197,-4.758175,-4.469980,-4.349102
2024-08-30,-4.680707,-4.652859,-4.641070,-4.631777,-4.628272,-4.493197,-4.758175,-4.469980,-4.349102,-4.492814
2024-09-03,-4.556268,-4.558482,-4.560186,-4.547520,-4.549227,-4.758175,-4.469980,-4.349102,-4.492814,-3.399971
2024-09-04,-4.662489,-4.649116,-4.624607,-4.636180,-4.625165,-4.469980,-4.349102,-4.492814,-3.399971,-4.274931
2024-09-05,-4.549949,-4.539817,-4.562681,-4.542260,-4.544966,-4.349102,-4.492814,-3.399971,-4.274931,-4.197000
2024-09-06,-4.436355,-4.474218,-4.465577,-4.458470,-4.466525,-4.492814,-3.399971,-4.274931,-4.197000,-4.435237
2024-09-09,-4.503302,-4.490444,-4.480026,-4.490839,-4.495049,-3.399971,-4.274931,-4.197000,-4.435237,-4.701954
2024-09-10,-3.922090,-3.994066,-4.069592,-4.019892,-4.076668,-4.274931,-4.197000,-4.435237,-4.701954,-4.602726
2024-09-11,-4.175824,-4.225000,-4.154605,-4.228622,-4.245364,-4.197000,-4.435237,-4.701954,-4.602726,-4.114401
2024-09-12,-4.235909,-4.163932,-4.236707,-4.254484,-4.276532,-4.435237,-4.701954,-4.602726,-4.114401,-4.389086
2024-09-13,-4.266611,-4.324500,-4.330586,-4.362374,-4.362730,-4.701954,-4.602726,-4.114401,-4.389086,-4.610500
2024-09-16,-4.548757,-4.522332,-4.528585,-4.550213,-4.541814,-4.602726,-4.114401,-4.389086,-4.610500,-4.899276
2024-09-17,-4.550133,-4.552356,-4.570818,-4.565056,-4.558968,-4.114401,-4.389086,-4.610500,-4.899276,-4.635163
2024-09-18,-4.327899,-4.378901,-4.398696,-4.371318,-4.390354,-4.389086,-4.610500,-4.899276,-4.635163,-4.807889
2024-09-19,-4.410420,-4.425646,-4.394679,-4.416704,-4.426249,-4.610500,-4.899276,-4.635163,-4.807889,-4.421145
2024-09-20,-4.528712,-4.482804,-4.493094,-4.512415,-4.511096,-4.899276,-4.635163,-4.807889,-4.421145,-4.738818
2024-09-23,-4.673691,-4.656308,-4.653895,-4.670681,-4.649915,-4.635163,-4.807889,-4.421145,-4.738818,-4.438618
2024-09-24,-4.636462,-4.636926,-4.655972,-4.633323,-4.625181,-4.807889,-4.421145,-4.738818,-4.438618,-4.485701
2024-09-25,-4.725232,-4.731476,-4.698773,-4.699007,-4.683595,-4.421145,-4.738818,-4.438618,-4.485701,-4.480460
2024-09-26,-4.574833,-4.564838,-4.582908,-4.552638,-4.558547,-4.738818,-4.438618,-4.485701,-4.480460,-4.700809
2024-09-27,-4.649311,-4.655135,-4.615247,-4.629168,-4.618676,-4.438618,-4.485701,-4.480460,-4.700809,-4.610741
2024-09-30,-4.546601,-4.522447,-4.548726,-4.527939,-4.533609,-4.485701,-4.480460,-4.700809,-4.610741,-4.768206
2024-10-01,-4.490935,-4.520164,-4.503422,-4.506039,-4.506923,-4.480460,-4.700809,-4.610741,-4.768206,-4.548775
2024-10-02,-4.514792,-4.498787,-4.502008,-4.502421,-4.506249,-4.700809,-4.610741,-4.768206,-4.548775,-4.744234
2024-10-03,-4.594182,-4.584325,-4.574007,-4.586182,-4.577220,-4.610741,-4.768206,-4.548775,-4.744234,-4.851152
2024-10-04,-4.592817,-4.581334,-4.592554,-4.584335,-4.579243,-4.768206,-4.548775,-4.744234,-4.851152,-4.109097
2024-10-07,-4.671279,-4.670168,-4.651830,-4.654609,-4.641120,-4.548775,-4.744234,-4.851152,-4.109097,-4.681571
2024-10-08,-4.607345,-4.597619,-4.607466,-4.588479,-4.586848,-4.744234,-4.851152,-4.109097,-4.681571,-4.498575
2024-10-09,-4.667820,-4.668042,-4.641158,-4.645670,-4.634067,-4.851152,-4.109097,-4.681571,-4.498575,-4.668120
2024-10-10,-4.762060,-4.722287,-4.716222,-4.712846,-4.696793,-4.109097,-4.681571,-4.498575,-4.668120,-4.631986
2024-10-11,-4.387427,-4.427269,-4.461565,-4.416210,-4.434893,-4.681571,-4.498575,-4.668120,-4.631986,-4.961333
2024-10-14,-4.578115,-4.591731,-4.529405,-4.561289,-4.555020,-4.498575,-4.668120,-4.631986,-4.961333,-4.862037
2024-10-15,-4.550941,-4.494207,-4.530679,-4.520841,-4.524848,-4.668120,-4.631986,-4.961333,-4.862037,-4.282023
2024-10-16,-4.554300,-4.582534,-4.565935,-4.575201,-4.565269,-4.631986,-4.961333,-4.862037,-4.282023,-4.836456
2024-10-17,-4.622374,-4.600313,-4.605097,-4.598651,-4.593608,-4.961333,-4.862037,-4.282023,-4.836456,-4.725140
2024-10-18,-4.774142,-4.755095,-4.729094,-4.739261,-4.716249,-4.862037,-4.282023,-4.836456,-4.725140,-4.758830
2024-10-21,-4.800170,-4.767989,-4.773086,-4.754018,-4.735665,-4.282023,-4.836456,-4.725140,-4.758830,-4.910144
2024-10-22,-4.502268,-4.543792,-4.554619,-4.513013,-4.522596,-4.836456,-4.725140,-4.758830,-4.910144,-4.824377
2024-10-23,-4.715174,-4.702505,-4.641619,-4.666199,-4.652589,-4.725140,-4.758830,-4.910144,-4.824377,-4.687783
2024-10-24,-4.707616,-4.646030,-4.670035,-4.656871,-4.648289,-4.758830,-4.910144,-4.824377,-4.687783,-4.625890
2024-10-25,-4.672294,-4.692698,-4.676580,-4.670296,-4.655211,-4.910144,-4.824377,-4.687783,-4.625890,-4.596409
2024-10-28,-4.814675,-4.781835,-4.761828,-4.757418,-4.738027,-4.824377,-4.687783,-4.625890,-4.596409,-4.593006
2024-10-29,-4.786810,-4.766121,-4.761151,-4.742196,-4.725745,-4.687783,-4.625890,-4.596409,-4.593006,-4.839021
2024-10-30,-4.715337,-4.717329,-4.704087,-4.683192,-4.673513,-4.625890,-4.596409,-4.593006,-4.839021,-3.962682
2024-10-31,-4.673056,-4.665889,-4.649864,-4.636600,-4.632059,-4.596409,-4.593006,-4.839021,-3.962682,-4.222000
2024-11-01,-4.626863,-4.616428,-4.607009,-4.599130,-4.596281,-4.593006,-4.839021,-3.962682,-4.222000,-4.287819
2024-11-04,-4.599190,-4.592240,-4.586059,-4.581736,-4.578658,-4.839021,-3.962682,-4.222000,-4.287819,-4.907193
2024-11-05,-4.714352,-4.690679,-4.674326,-4.681695,-4.666063,-3.962682,-4.222000,-4.287819,-4.907193,-5.036699
2024-11-06,-4.307959,-4.346431,-4.391501,-4.343129,-4.370146,-4.222000,-4.287819,-4.907193,-5.036699,-4.659824
2024-11-07,-4.302664,-4.354004,-4.309943,-4.333216,-4.350598,-4.287819,-4.907193,-5.036699,-4.659824,-4.474837
2024-11-08,-4.346445,-4.303467,-4.327485,-4.344220,-4.360750,-4.907193,-5.036699,-4.659824,-4.474837,-4.496050
2024-11-11,-4.588977,-4.572096,-4.560706,-4.601660,-4.581621,-5.036699,-4.659824,-4.474837,-4.496050,-4.584151
2024-11-12,-4.800057,-4.756012,-4.774511,-4.773972,-4.745737,-4.659824,-4.474837,-4.496050,-4.584151,-4.778107
2024-11-13,-4.684611,-4.713338,-4.719833,-4.685489,-4.674205,-4.474837,-4.496050,-4.584151,-4.778107,-4.534929
2024-11-14,-4.606529,-4.628325,-4.604502,-4.584081,-4.586649,-4.496050,-4.584151,-4.778107,-4.534929,-4.708669
2024-11-15,-4.572073,-4.556309,-4.541429,-4.539185,-4.543235,-4.584151,-4.778107,-4.534929,-4.708669,-4.627794
2024-11-18,-4.562459,-4.546698,-4.543848,-4.548424,-4.546520,-4.778107,-4.534929,-4.708669,-4.627794,-4.698874
2024-11-19,-4.656497,-4.637919,-4.631679,-4.639168,-4.626124,-4.534929,-4.708669,-4.627794,-4.698874,-4.823013
2024-11-20,-4.576021,-4.578648,-4.592235,-4.573896,-4.572016,-4.708669,-4.627794,-4.698874,-4.823013,-5.045163
2024-11-21,-4.646187,-4.650098,-4.625107,-4.629005,-4.619467,-4.627794,-4.698874,-4.823013,-5.045163,-4.982503
2024-11-22,-4.640733,-4.617083,-4.621904,-4.611565,-4.606937,-4.698874,-4.823013,-5.045163,-4.982503,-4.438670
2024-11-25,-4.646686,-4.647266,-4.634011,-4.631916,-4.622375,-4.823013,-5.045163,-4.982503,-4.438670,-4.859312
2024-11-26,-4.737044,-4.710928,-4.699989,-4.698128,-4.683151,-5.045163,-4.982503,-4.438670,-4.859312,-4.725366
2024-11-27,-4.867810,-4.834398,-4.817083,-4.815525,-4.788228,-4.982503,-4.438670,-4.859312,-4.725366,-4.689323
2024-11-29,-4.892795,-4.867115,-4.859805,-4.837503,-4.812350,-4.438670,-4.859312,-4.725366,-4.689323,-4.763271
2024-12-02,-4.635893,-4.661705,-4.662181,-4.617248,-4.619682,-4.859312,-4.725366,-4.689323,-4.763271,-4.719166
2024-12-03,-4.775027,-4.760260,-4.700827,-4.714061,-4.698803,-4.725366,-4.689323,-4.763271,-4.719166,-3.974558
2024-12-04,-4.735173,-4.679384,-4.695259,-4.677607,-4.668727,-4.689323,-4.763271,-4.719166,-3.974558,-4.784206
2024-12-05,-4.656222,-4.675461,-4.660248,-4.649157,-4.638157,-4.763271,-4.719166,-3.974558,-4.784206,-4.651113
2024-12-06,-4.729538,-4.706472,-4.689687,-4.683849,-4.672132,-4.719166,-3.974558,-4.784206,-4.651113,-4.477499
2024-12-09,-4.701232,-4.685208,-4.679922,-4.667705,-4.657246,-3.974558,-4.784206,-4.651113,-4.477499,-4.667321
2024-12-10,-4.318120,-4.366144,-4.392583,-4.347082,-4.374554,-4.784206,-4.651113,-4.477499,-4.667321,-4.897624
2024-12-11,-4.601593,-4.593838,-4.523544,-4.573492,-4.563238,-4.651113,-4.477499,-4.667321,-4.897624,-4.139850
2024-12-12,-4.618854,-4.544927,-4.592240,-4.584374,-4.579511,-4.477499,-4.667321,-4.897624,-4.139850,-4.288722
2024-12-13,-4.473519,-4.531203,-4.530856,-4.519176,-4.516834,-4.667321,-4.897624,-4.139850,-4.288722,-4.153155
2024-12-16,-4.629104,-4.614540,-4.592550,-4.599554,-4.593458,-4.897624,-4.139850,-4.288722,-4.153155,-4.615631
2024-12-17,-4.750186,-4.708497,-4.701217,-4.708070,-4.689094,-4.139850,-4.288722,-4.153155,-4.615631,-5.095889
2024-12-18,-4.400179,-4.437674,-4.476994,-4.428586,-4.445851,-4.288722,-4.153155,-4.615631,-5.095889,-5.068013
2024-12-19,-4.381370,-4.428867,-4.386388,-4.398278,-4.411591,-4.153155,-4.615631,-5.095889,-5.068013,-4.634088
2024-12-20,-4.313581,-4.287845,-4.311874,-4.314183,-4.337541,-4.615631,-5.095889,-5.068013,-4.634088,-4.638582
2024-12-23,-4.440429,-4.442300,-4.428540,-4.466464,-4.461721,-5.095889,-5.068013,-4.634088,-4.638582,-5.095960
2024-12-24,-4.773413,-4.711568,-4.714624,-4.741489,-4.711427,-5.068013,-4.634088,-4.638582,-5.095960,
2024-12-26,-4.860388,-4.841832,-4.853025,-4.837170,-4.804212,-4.634088,-4.638582,-5.095960,,
2024-12-27,-4.727514,-4.755309,-4.751492,-4.707621,-4.698287,-4.638582,-5.095960,,,
2024-12-30,-4.710384,-4.713091,-4.673951,-4.660328,-4.655580,-5.095960,,,,
